data;horario;n_da_ocorrencia;tipo_de_ocorrencia;km;trecho;sentido;tipo_de_acidente;caminhao;ilesos;levemente_feridos;moderadamente_feridos;gravemente_feridos;mortos;3
03/08/2010;18:08:00;237;sem vítima;124;BR-116/PR;Norte;Colisão Traseira;1;8;;;;;1
03/08/2010;22:23:00;254;sem vítima;153,3000030517578;BR-116/PR;Sul;Saida de Pista;1;1;;;;;1
04/08/2010;00:53:00;262;com vítima;47,400001525878906;BR-116/SC;Norte;Choque - Defensa, barreira ou "submarino";1;0;1;;;;1
04/08/2010;22:22:00;341;sem vítima;125,0999984741211;BR-116/PR;Norte;Colisão Lateral;1;2;;;;;1
04/08/2010;09:37:00;285;sem vítima;125,80000305175781;BR-116/PR;Sul;Choque - Veiculo parado na pista;1;2;;;;;1
04/08/2010;00:17:00;261;sem vítima;185,60000610351562;BR-116/SC;Norte;Colisão Lateral;2;3;;;;;1
05/08/2010;10:22:00;386;sem vítima;201;BR-116/SC;Norte;Colisão Transversal;1;4;;;;;1
06/08/2010;13:37:00;507;sem vítima;133;BR-116/SC;Norte;Choque - Objeto sobre a pista;1;1;;;;;1
06/08/2010;15:06:00;520;sem vítima;184,8000030517578;BR-116/SC;Norte;Colisão Transversal;1;2;;;;;1
07/08/2010;11:21:00;604;sem vítima;18;BR-116/SC;Norte;Objeto lançado contra veículo;1;1;;;;;1
07/08/2010;16:20:00;630;sem vítima;109,5999984741211;BR-116/SC;Norte;Colisão Traseira;1;7;;;;;1
07/08/2010;12:50:00;612;sem vítima;209,1999969482422;BR-116/PR;Sul;Colisão Lateral;1;2;;;;;1
08/08/2010;17:47:00;737;sem vítima;129,5;BR-116/PR;Norte;Colisão Lateral;1;2;;;;;1
09/08/2010;07:00:00;780;sem vítima;178,0500030517578;BR-116/PR;Norte;Colisão Lateral;1;5;;;;;1
09/08/2010;10:07:00;793;sem vítima;233;BR-116/SC;Sul;Outros;1;1;;;;;1
10/08/2010;19:56:00;912;com vítima;119,5;BR-116/PR;Norte;Colisão Transversal;1;4;2;;;;1
10/08/2010;22:08:00;917;sem vítima;143,0500030517578;BR-116/PR;Sul;Atropelamento de Animal;1;1;;;;;1
10/08/2010;18:57:00;904;sem vítima;199;BR-116/PR;Sul;Colisão Traseira;1;3;;;;;1
11/08/2010;10:52:00;953;sem vítima;15;BR-116/SC;Sul;Objeto lançado contra veículo;1;1;;;;;1
11/08/2010;08:10:00;944;sem vítima;117,5999984741211;BR-116/PR;Sul;Colisão Traseira;2;2;;;;;1
11/08/2010;09:30:00;948;sem vítima;117,9000015258789;BR-116/PR;Norte;Colisão Lateral;1;3;;;;;1
11/08/2010;15:48:00;971;sem vítima;121;BR-116/PR;Sul;Colisão Lateral;2;3;;;;;1
11/08/2010;15:13:00;964;sem vítima;144,10000610351562;BR-116/PR;Norte;Tombamento;1;1;;;;;1
11/08/2010;11:52:00;957;sem vítima;187,1999969482422;BR-116/PR;Sul;Choque - Objeto sobre a pista;1;1;;;;;1
12/08/2010;23:11:00;1100;sem vítima;37,099998474121094;BR-116/SC;Sul;Atropelamento de Animal;1;1;;;;;1
12/08/2010;12:10:00;1028;sem vítima;198,3000030517578;BR-116/PR;Norte;Saida de Pista;1;1;;;;;1
12/08/2010;11:35:00;1027;sem vítima;204;BR-116/PR;Norte;Choque - Cancela de Pedagio;1;1;;;;;1
13/08/2010;07:24:00;1117;sem vítima;74,0999984741211;BR-116/SC;Sul;Choque - Arvore;1;1;;;;;1
13/08/2010;07:12:00;1115;sem vítima;217,5;BR-116/SC;Sul;Colisão Transversal;2;2;;;;;1
14/08/2010;21:05:00;1246;com vítima;139,1999969482422;BR-116/PR;Norte;Colisão Frontal;1;1;1;;;;1
15/08/2010;22:05:00;1339;com vítima;38,29999923706055;BR-116/SC;Norte;Colisão Frontal;1;1;;;;1;3
15/08/2010;00:03:00;1252;com vítima;127,69999694824219;BR-116/PR;Norte;Colisão Transversal;1;3;1;;;;1
15/08/2010;21:59:00;1338;sem vítima;172,1999969482422;BR-116/PR;Sul;Colisão Traseira;1;2;;;;;1
16/08/2010;19:38:00;1419;sem vítima;308,6000061035156;BR-116/SC;Sul;Outros;1;1;;;;;1
17/08/2010;08:08:00;1442;com vítima;217,3000030517578;BR-116/SC;Sul;Colisão Transversal;1;2;1;;;;1
18/08/2010;15:33:00;1546;com vítima;9,699999809265137;BR-116/SC;Norte;Colisão Lateral;3;3;1;;;;1
18/08/2010;15:39:00;1547;sem vítima;81,80000305175781;BR-116/SC;Norte;Colisão Lateral;1;2;;;;;1
18/08/2010;00:26:00;1510;sem vítima;134;BR-116/PR;Norte;Choque - Cancela de Pedagio;1;1;;;;;1
18/08/2010;21:52:00;1568;sem vítima;161,8000030517578;BR-116/PR;Norte;Colisão Traseira;2;2;;;;;1
19/08/2010;15:52:00;1615;sem vítima;19;BR-116/SC;Norte;Colisão Transversal;1;2;;;;;1
19/08/2010;17:50:00;1630;sem vítima;115;BR-116/PR;Norte;Colisão Transversal;1;2;;;;;1
19/08/2010;11:37:00;1603;sem vítima;308,79998779296875;BR-116/SC;Sul;Colisão Lateral;1;3;;;;;1
20/08/2010;20:39:00;1727;sem vítima;233;BR-116/SC;Norte;Choque - Veiculo parado na pista;1;3;;;;;1
21/08/2010;17:13:00;1791;com vítima;235;BR-116/SC;Sul;Colisão Frontal;1;1;3;2;;1;3
22/08/2010;03:54:00;1822;com vítima;160,10000610351562;BR-116/SC;Norte;Colisão Frontal;1;1;;;;1;3
23/08/2010;19:53:00;1952;sem vítima;74;BR-116/SC;Sul;Colisão Lateral;2;3;;;;;1
23/08/2010;06:38:00;1908;com vítima;149,1999969482422;BR-116/PR;Sul;Colisão Frontal;1;1;;;;1;3
24/08/2010;18:49:00;2032;sem vítima;93;BR-116/SC;Sul;Colisão Traseira;2;4;;;;;1
25/08/2010;12:56:00;2102;sem vítima;2;BR-116/SC;Sul;Objeto lançado contra veículo;1;1;;;;;1
25/08/2010;05:36:00;2068;com vítima;105,69999694824219;BR-116/SC;Norte;Tombamento;1;0;1;;;;1
25/08/2010;15:43:00;2119;sem vítima;164;BR-116/SC;Norte;Choque - Veiculo parado na pista;1;2;;;;;1
25/08/2010;12:54:00;2101;sem vítima;202;BR-116/SC;Norte;Saida de Pista;1;1;;;;;1
25/08/2010;11:19:00;2091;sem vítima;236;BR-116/SC;Sul;Colisão Lateral;1;2;;;;;1
28/08/2010;06:34:00;2338;com vítima;251,3000030517578;BR-116/SC;Sul;Colisão Transversal;2;0;;;2;;2
29/08/2010;10:46:00;2444;sem vítima;176,60000610351562;BR-116/PR;Norte;Colisão Lateral;1;6;;;;;1
29/08/2010;05:35:00;2425;com vítima;266,45001220703125;BR-116/SC;Norte;Colisão Frontal;1;1;;;;2;3
30/08/2010;09:42:00;2564;com vítima;37;BR-116/SC;Norte;Colisão Traseira;1;1;;;1;;2
30/08/2010;18:17:00;2594;sem vítima;81;BR-116/SC;Sul;Choque - Cancela de Pedagio;1;1;;;;;1
30/08/2010;19:29:00;2600;sem vítima;115;BR-116/PR;Norte;Colisão Lateral;1;2;;;;;1
30/08/2010;10:00:00;2566;com vítima;119,4000015258789;BR-116/PR;Norte;Colisão Lateral;1;1;1;;;;1
30/08/2010;15:10:00;2579;sem vítima;187;BR-116/PR;Sul;Choque - Objeto não identificado;1;1;;;;;1
31/08/2010;13:37:00;2659;sem vítima;4,5;BR-116/SC;Sul;Outros;1;1;;;;;1
31/08/2010;07:42:00;2626;com vítima;69,4000015258789;BR-116/SC;Sul;Colisão Traseira;1;2;1;;;;1
31/08/2010;15:31:00;2670;com vítima;176,10000610351562;BR-116/SC;Sul;Colisão Frontal;2;0;1;;;1;3
31/08/2010;20:52:00;2696;sem vítima;210;BR-116/SC;Norte;Saida de Pista;1;2;;;;;1
31/08/2010;11:18:00;2644;com vítima;217,1999969482422;BR-116/SC;Sul;Colisão Transversal;1;1;1;;;;1
01/09/2010;03:59:00;6;sem vítima;288,79998779296875;BR-116/SC;Sul;Colisão Frontal;2;2;;;;;1
02/09/2010;16:06:00;149;sem vítima;210,8000030517578;BR-116/SC;Sul;Choque - Objeto sobre a pista;1;1;;;;;1
03/09/2010;19:27:00;267;sem vítima;119,4000015258789;BR-116/PR;Norte;Colisão Transversal;1;3;;;;;1
03/09/2010;19:13:00;265;sem vítima;133,5;BR-116/SC;Norte;Colisão Lateral;1;2;;;;;1
03/09/2010;18:47:00;261;sem vítima;135,10000610351562;BR-116/SC;Norte;Tombamento;1;1;;;;;1
04/09/2010;12:41:00;323;sem vítima;12;BR-116/SC;Norte;Objeto lançado contra veículo;1;1;;;;;1
04/09/2010;15:12:00;341;sem vítima;81,5999984741211;BR-116/SC;Norte;Choque - Veiculo parado na pista;1;3;;;;;1
04/09/2010;21:34:00;370;sem vítima;139,5;BR-116/SC;Norte;Colisão Transversal;1;2;;;;;1
04/09/2010;20:42:00;366;sem vítima;179,8000030517578;BR-116/SC;Norte;Colisão Transversal;1;2;;;;;1
05/09/2010;19:53:00;467;sem vítima;137;BR-116/PR;Norte;Colisão Lateral;1;2;;;;;1
05/09/2010;09:43:00;415;sem vítima;204;BR-116/PR;Norte;Choque - Suporte de Sinalização;1;1;;;;;1
06/09/2010;19:07:00;556;sem vítima;233;BR-116/SC;Norte;Choque - Suporte de Sinalização;1;1;;;;;1
07/09/2010;10:07:00;605;sem vítima;127,5;BR-116/SC;Norte;Choque - Objeto sobre a pista;1;1;;;;;1
07/09/2010;15:00:00;638;sem vítima;147,5;BR-116/PR;Norte;Colisão Lateral;1;2;;;;;1
08/09/2010;16:58:00;755;sem vítima;144,8000030517578;BR-116/PR;Norte;Choque - Arvore;1;1;;;;;1
08/09/2010;19:28:00;771;sem vítima;152;BR-116/PR;Sul;Colisão Transversal;1;6;;;;;1
08/09/2010;14:05:00;731;sem vítima;195,89999389648438;BR-116/SC;Sul;Colisão Lateral;1;2;;;;;1
08/09/2010;11:35:00;720;sem vítima;196;BR-116/PR;Sul;Objeto lançado contra veículo;1;6;;;;;1
08/09/2010;13:36:00;728;sem vítima;234;BR-116/SC;Sul;Saida de Pista;1;1;;;;;1
08/09/2010;07:33:00;705;com vítima;239;BR-116/SC;Sul;Tombamento;1;0;1;;;;1
09/09/2010;10:31:00;805;com vítima;122;BR-116/PR;Norte;Colisão Lateral;1;4;1;;;;1
09/09/2010;12:46:00;809;sem vítima;122,4000015258789;BR-116/PR;Norte;Colisão Lateral;1;3;;;;;1
10/09/2010;15:27:00;930;sem vítima;70;BR-116/SC;Norte;Objeto lançado contra veículo;1;1;;;;;1
11/09/2010;15:03:00;1000;sem vítima;117,9000015258789;BR-116/PR;Norte;Colisão Traseira;1;2;;;;;1
11/09/2010;10:52:00;984;sem vítima;126,30000305175781;BR-116/PR;Sul;Colisão Traseira;1;3;;;;;1
11/09/2010;14:17:00;993;sem vítima;134;BR-116/PR;Sul;Colisão Lateral;1;5;;;;;1
11/09/2010;14:17:00;994;sem vítima;233;BR-116/SC;Sul;Choque - Defensa, barreira ou "submarino";1;1;;;;;1
11/09/2010;20:14:00;1030;com vítima;271,8999938964844;BR-116/SC;Sul;Colisão Transversal;1;1;1;;;;1
11/09/2010;10:55:00;985;com vítima;309;BR-116/SC;Norte;Colisão Frontal;1;1;;1;;;2
12/09/2010;19:13:00;1098;sem vítima;141,60000610351562;BR-116/SC;Sul;Colisão Lateral;1;2;;;;;1
15/09/2010;11:48:00;1342;sem vítima;139,5;BR-116/SC;Sul;Colisão Traseira;1;2;;;;;1
15/09/2010;08:59:00;1321;sem vítima;158,39999389648438;BR-116/PR;Norte;Colisão Lateral;1;2;;;;;1
15/09/2010;13:34:00;1349;sem vítima;203,1999969482422;BR-116/SC;Norte;Colisão Lateral;1;2;;;;;1
15/09/2010;11:42:00;1341;sem vítima;204;BR-116/PR;Sul;Choque - Objeto sobre a pista;1;1;;;;;1
16/09/2010;02:30:00;1407;sem vítima;122,30000305175781;BR-116/PR;Sul;Tombamento;1;1;;;;;1
16/09/2010;15:44:00;1456;sem vítima;233;BR-116/SC;Norte;Choque - Cancela de Pedagio;1;2;;;;;1
17/09/2010;09:13:00;1537;sem vítima;42;BR-116/SC;Norte;Colisão Lateral;1;2;;;;;1
17/09/2010;10:38:00;1542;sem vítima;71,9000015258789;BR-116/SC;Sul;Tombamento;1;1;;;;;1
17/09/2010;13:54:00;1557;sem vítima;119;BR-116/PR;Sul;Colisão Lateral;2;2;;;;;1
18/09/2010;01:16:00;1638;sem vítima;53;BR-116/SC;Norte;Objeto lançado contra veículo;1;1;;;;;1
18/09/2010;17:15:00;1700;com vítima;171,10000610351562;BR-116/PR;Norte;Saida de Pista;1;0;;1;;;2
18/09/2010;18:35:00;1711;sem vítima;233,10000610351562;BR-116/SC;Sul;Choque - Cancela de Pedagio;1;1;;;;;1
18/09/2010;09:43:00;1663;sem vítima;305,29998779296875;BR-116/SC;Sul;Colisão Traseira;1;4;;;;;1
19/09/2010;08:39:00;1754;sem vítima;134;BR-116/PR;Sul;Choque - Outros;1;1;;;;;1
19/09/2010;12:53:00;1770;sem vítima;174,89999389648438;BR-116/PR;Norte;Colisão Traseira;2;2;;;;;1
20/09/2010;14:00:00;1877;sem vítima;8;BR-116/SC;Norte;Outros;1;1;;;;;1
20/09/2010;13:20:00;1871;sem vítima;59,79999923706055;BR-116/SC;Norte;Saida de Pista;1;1;;;;;1
20/09/2010;13:51:00;1876;sem vítima;118;BR-116/PR;Norte;Colisão Lateral;1;8;;;;;1
20/09/2010;18:36:00;1901;com vítima;122,4000015258789;BR-116/PR;Norte;Colisão Transversal;2;2;1;;;;1
20/09/2010;11:11:00;1862;com vítima;176;BR-116/SC;Norte;Colisão Frontal;2;2;1;;;;1
21/09/2010;19:35:00;1982;com vítima;6;BR-116/SC;Norte;Colisão Transversal;1;1;;;;1;3
21/09/2010;06:29:00;1924;sem vítima;113,69999694824219;BR-116/SC;Sul;Colisão Lateral;2;3;;;;;1
21/09/2010;16:48:00;1973;com vítima;184,5;BR-116/SC;Norte;Colisão Transversal;1;2;1;;;;1
21/09/2010;12:55:00;1955;com vítima;203;BR-116/SC;Norte;Colisão Frontal;1;5;1;;;;1
21/09/2010;16:38:00;1971;com vítima;210;BR-116/SC;Norte;Colisão Frontal;2;1;;;1;1;3
21/09/2010;07:41:00;1926;sem vítima;248;BR-116/SC;Sul;Colisão Frontal;1;2;;;;;1
22/09/2010;09:48:00;2021;sem vítima;32,79999923706055;BR-116/SC;Norte;Colisão Traseira;2;2;;;;;1
22/09/2010;14:28:00;2046;sem vítima;120,5;BR-116/PR;Sul;Outros;1;1;;;;;1
22/09/2010;19:37:00;2072;sem vítima;131,1999969482422;BR-116/SC;Norte;Tombamento;1;1;;;;;1
22/09/2010;07:59:00;2011;sem vítima;245,5;BR-116/SC;Norte;Colisão Transversal;1;2;;;;;1
23/09/2010;17:26:00;2147;com vítima;4,300000190734863;BR-116/SC;Sul;Colisão Lateral;2;2;2;;;;1
23/09/2010;19:53:00;2160;sem vítima;68,19999694824219;BR-116/SC;Sul;Objeto lançado contra veículo;1;1;;;;;1
23/09/2010;16:51:00;2145;sem vítima;81,69999694824219;BR-116/SC;Sul;Colisão Lateral;1;2;;;;;1
23/09/2010;14:40:00;2136;com vítima;183,10000610351562;BR-116/SC;Sul;Colisão Lateral;2;1;2;;;;1
23/09/2010;14:49:00;2137;com vítima;201,64999389648438;BR-116/PR;Norte;Colisão Transversal;1;1;;;;1;3
24/09/2010;10:58:00;2211;com vítima;6,800000190734863;BR-116/SC;Sul;Colisão Transversal;1;2;1;;;;1
24/09/2010;09:10:00;2203;sem vítima;204;BR-116/PR;Sul;Objeto lançado contra veículo;1;1;;;;;1
25/09/2010;16:28:00;2318;sem vítima;81,69999694824219;BR-116/SC;Sul;Colisão Lateral;1;4;;;;;1
25/09/2010;23:43:00;2368;sem vítima;123,19999694824219;BR-116/PR;Sul;Colisão Lateral;1;4;;;;;1
27/09/2010;18:44:00;2507;sem vítima;118,69999694824219;BR-116/PR;Norte;Colisão Traseira;2;2;;;;;1
27/09/2010;18:33:00;2504;sem vítima;127,5;BR-116/PR;Sul;Colisão Lateral;1;2;;;;;1
28/09/2010;16:36:00;2582;sem vítima;123,5;BR-116/PR;Sul;Objeto lançado contra veículo;1;1;;;;;1
28/09/2010;03:05:00;2533;sem vítima;129,60000610351562;BR-116/PR;Norte;Atropelamento de Animal;1;1;;;;;1
28/09/2010;20:57:00;2592;sem vítima;134;BR-116/PR;Sul;Outros;1;1;;;;;1
29/09/2010;19:08:00;2673;sem vítima;79,80000305175781;BR-116/SC;Norte;Colisão Traseira;1;2;;;;;1
29/09/2010;15:46:00;2660;sem vítima;173,8000030517578;BR-116/PR;Sul;Colisão Lateral;2;2;;;;;1
30/09/2010;10:15:00;2717;com vítima;53,79999923706055;BR-116/SC;Sul;Colisão Traseira;1;2;1;;;;1
30/09/2010;15:28:00;2747;com vítima;135,89999389648438;BR-116/PR;Sul;Colisão Traseira;1;1;1;;;;1
30/09/2010;07:09:00;2703;sem vítima;144,8000030517578;BR-116/PR;Norte;Choque - Veiculo parado na pista;2;2;;;;;1
30/09/2010;05:40:00;2698;com vítima;144,89999389648438;BR-116/PR;Sul;Colisão Lateral;2;0;2;;;;1
30/09/2010;10:19:00;2721;sem vítima;245,60000610351562;BR-116/SC;Sul;Outros;1;1;;;;;1
01/10/2010;12:37:00;46;sem vítima;139,5;BR-116/PR;Sul;Objeto lançado contra veículo;1;1;;;;;1
01/10/2010;10:42:00;35;sem vítima;152;BR-116/SC;Norte;Choque - Outros;1;1;;;;;1
01/10/2010;16:11:00;56;com vítima;305,5;BR-116/SC;Sul;Tombamento;1;0;;;;1;3
02/10/2010;18:10:00;142;sem vítima;59,70000076293945;BR-116/SC;Sul;Colisão Lateral;2;2;;;;;1
02/10/2010;15:56:00;129;com vítima;117,5;BR-116/SC;Norte;Colisão Frontal;1;1;1;;;;1
02/10/2010;05:06:00;92;com vítima;119,5;BR-116/PR;Sul;Colisão Transversal;1;2;1;;;;1
03/10/2010;14:02:00;217;sem vítima;105,5999984741211;BR-116/SC;Norte;Tombamento;1;1;;;;;1
04/10/2010;15:00:00;309;sem vítima;126,5;BR-116/PR;Sul;Colisão Lateral;1;3;;;;;1
04/10/2010;12:35:00;303;sem vítima;139,6999969482422;BR-116/SC;Norte;Colisão Traseira;1;2;;;;;1
05/10/2010;09:36:00;382;sem vítima;11,100000381469727;BR-116/SC;Norte;Choque - Veiculo parado na pista;1;3;;;;;1
05/10/2010;06:28:00;370;sem vítima;184,3000030517578;BR-116/SC;Norte;Colisão Transversal;1;4;;;;;1
06/10/2010;17:57:00;515;sem vítima;31,600000381469727;BR-116/SC;Sul;Saida de Pista;1;1;;;;;1
06/10/2010;22:27:00;541;sem vítima;82;BR-116/SC;Sul;Choque - Cancela de Pedagio;1;1;;;;;1
06/10/2010;20:59:00;536;sem vítima;115,9000015258789;BR-116/PR;Sul;Colisão Lateral;1;2;;;;;1
06/10/2010;12:53:00;493;sem vítima;119,4000015258789;BR-116/PR;Sul;Colisão Traseira;1;2;;;;;1
07/10/2010;15:46:00;599;sem vítima;70,30000305175781;BR-116/SC;Norte;Colisão Lateral;3;3;;;;;1
07/10/2010;10:58:00;575;sem vítima;117,80000305175781;BR-116/PR;Norte;Colisão Lateral;1;3;;;;;1
07/10/2010;10:40:00;573;sem vítima;120,5;BR-116/PR;Sul;Saida de Pista;1;1;;;;;1
07/10/2010;01:27:00;546;sem vítima;211,3000030517578;BR-116/SC;Sul;Saida de Pista;1;1;;;;;1
08/10/2010;12:01:00;663;com vítima;135,3000030517578;BR-116/PR;Norte;Colisão Lateral;2;6;;;1;;2
09/10/2010;22:39:00;811;sem vítima;168;BR-116/SC;Norte;Colisão Lateral;1;2;;;;;1
09/10/2010;13:17:00;765;sem vítima;306,1000061035156;BR-116/SC;Sul;Choque - Defensa, barreira ou "submarino";1;1;;;;;1
10/10/2010;04:58:00;834;sem vítima;4,199999809265137;BR-116/SC;Sul;Saida de Pista;1;1;;;;;1
10/10/2010;20:05:00;897;sem vítima;93,4000015258789;BR-116/SC;Norte;Colisão Traseira;1;4;;;;;1
10/10/2010;00:14:00;824;com vítima;120,5999984741211;BR-116/PR;Norte;Colisão Traseira;1;3;1;;;;1
10/10/2010;18:22:00;888;sem vítima;121,5999984741211;BR-116/PR;Norte;Colisão Traseira;1;4;;;;;1
10/10/2010;01:33:00;826;sem vítima;131,89999389648438;BR-116/PR;Norte;Objeto lançado contra veículo;1;1;;;;;1
10/10/2010;12:53:00;861;sem vítima;191;BR-116/PR;Norte;Colisão Lateral;2;2;;;;;1
10/10/2010;07:43:00;838;sem vítima;234,1999969482422;BR-116/SC;Norte;Saida de Pista;1;1;;;;;1
11/10/2010;05:15:00;922;sem vítima;168,89999389648438;BR-116/PR;Norte;Tombamento;1;1;;;;;1
11/10/2010;21:43:00;989;sem vítima;185;BR-116/SC;Sul;Colisão Transversal;1;3;;;;;1
12/10/2010;18:44:00;1045;sem vítima;34;BR-116/SC;Sul;Saida de Pista;1;1;;;;;1
12/10/2010;17:35:00;1037;sem vítima;130;BR-116/SC;Norte;Colisão Traseira;1;5;;;;;1
12/10/2010;16:57:00;1035;sem vítima;152;BR-116/SC;Norte;Objeto lançado contra veículo;1;2;;;;;1
13/10/2010;08:18:00;1080;sem vítima;79,0999984741211;BR-116/SC;Norte;Tombamento;1;1;;;;;1
14/10/2010;15:11:00;1196;sem vítima;62,70000076293945;BR-116/SC;Sul;Saida de Pista;1;1;;;;;1
14/10/2010;17:07:00;1209;sem vítima;139;BR-116/SC;Norte;Colisão Lateral;1;4;;;;;1
16/10/2010;23:07:00;1423;com vítima;6,800000190734863;BR-116/SC;Norte;Colisão Traseira;1;1;;;;1;3
16/10/2010;08:57:00;1353;sem vítima;130;BR-116/PR;Sul;Colisão Traseira;2;2;;;;;1
16/10/2010;02:15:00;1336;sem vítima;178,60000610351562;BR-116/PR;Norte;Saida de Pista;1;1;;;;;1
17/10/2010;05:36:00;1439;sem vítima;2;BR-116/SC;Norte;Choque - Defensa, barreira ou "submarino";1;1;;;;;1
17/10/2010;12:22:00;1477;sem vítima;82;BR-116/SC;Sul;Choque - Objeto sobre a pista;1;1;;;;;1
17/10/2010;21:33:00;1523;sem vítima;118,9000015258789;BR-116/PR;Norte;Colisão Traseira;1;3;;;;;1
18/10/2010;00:37:00;1542;com vítima;122,94999694824219;BR-116/PR;Norte;Colisão Frontal;1;2;;;;1;3
18/10/2010;23:53:00;1634;com vítima;193,10000610351562;BR-116/SC;Norte;Saida de Pista;1;0;2;;;;1
19/10/2010;04:57:00;1648;com vítima;54,5;BR-116/SC;Sul;Tombamento;1;1;1;;;;1
19/10/2010;15:58:00;1695;sem vítima;73;BR-116/SC;Norte;Choque - Objeto sobre a pista;1;1;;;;;1
19/10/2010;16:58:00;1705;sem vítima;120;BR-116/PR;Norte;Colisão Traseira;1;3;;;;;1
19/10/2010;02:02:00;1641;sem vítima;153;BR-116/PR;Sul;Objeto lançado contra veículo;1;1;;;;;1
19/10/2010;18:53:00;1720;sem vítima;272,5;BR-116/SC;Norte;Choque - Veiculo parado no acostamento;1;2;;;;;1
20/10/2010;19:39:00;1827;sem vítima;100;BR-116/SC;Norte;Objeto lançado contra veículo;1;1;;;;;1
21/10/2010;10:04:00;1882;sem vítima;167,5;BR-116/PR;Norte;Colisão Traseira;2;2;;;;;1
21/10/2010;01:57:00;1858;sem vítima;206,60000610351562;BR-116/PR;Norte;Colisão Lateral;1;4;;;;;1
23/10/2010;07:04:00;2053;com vítima;74,5;BR-116/SC;Norte;Engavetamento;3;2;2;;;;1
23/10/2010;05:42:00;2045;sem vítima;304,6000061035156;BR-116/SC;Sul;Saida de Pista;1;1;;;;;1
25/10/2010;11:49:00;2256;sem vítima;115,9000015258789;BR-116/PR;Norte;Outros;1;1;;;;;1
26/10/2010;12:23:00;2341;com vítima;12;BR-116/SC;Sul;Colisão Transversal;2;2;2;;;;1
26/10/2010;06:43:00;2322;com vítima;124,25;BR-116/PR;Norte;Colisão Lateral;1;1;;;;1;3
26/10/2010;20:13:00;2377;sem vítima;138,10000610351562;BR-116/SC;Sul;Choque - Objeto sobre a pista;1;1;;;;;1
26/10/2010;18:41:00;2367;com vítima;173;BR-116/SC;Norte;Colisão Lateral;1;1;;1;;;2
26/10/2010;08:26:00;2326;sem vítima;240,0500030517578;BR-116/SC;Sul;Objeto lançado contra veículo;1;2;;;;;1
27/10/2010;20:45:00;2454;com vítima;54,79999923706055;BR-116/SC;Norte;Colisão Transversal;1;2;1;;;;1
27/10/2010;17:46:00;2442;sem vítima;137,89999389648438;BR-116/PR;Sul;Colisão Lateral;1;3;;;;;1
28/10/2010;14:18:00;2513;com vítima;125,9000015258789;BR-116/PR;Norte;Colisão Traseira;1;5;2;;;;1
28/10/2010;10:04:00;2490;sem vítima;135,60000610351562;BR-116/PR;Norte;Tombamento;1;1;;;;;1
28/10/2010;13:06:00;2504;sem vítima;140,89999389648438;BR-116/SC;Sul;Colisão Frontal;1;6;;;;;1
30/10/2010;16:21:00;2722;sem vítima;83,5;BR-116/SC;Norte;Colisão Lateral;2;5;;;;;1
30/10/2010;00:24:00;2666;sem vítima;122,19999694824219;BR-116/PR;Sul;Colisão Lateral;2;2;;;;;1
02/11/2010;16:37:00;116;sem vítima;45;BR-116/SC;Norte;Colisão Traseira;2;2;;;;;1
02/11/2010;20:03:00;140;sem vítima;134;BR-116/SC;Norte;Colisão Lateral;1;2;;;;;1
03/11/2010;12:00:00;180;com vítima;12,300000190734863;BR-116/SC;Sul;Colisão Transversal;1;3;2;;;;1
04/11/2010;21:21:00;300;com vítima;135,10000610351562;BR-116/PR;Norte;Colisão Traseira;1;2;1;;;;1
05/11/2010;09:51:00;332;sem vítima;98,9000015258789;BR-116/SC;Sul;Saida de Pista;1;2;;;;;1
05/11/2010;17:42:00;373;sem vítima;117,4000015258789;BR-116/PR;Sul;Colisão Traseira;1;4;;;;;1
06/11/2010;16:25:00;450;sem vítima;71,5;BR-116/SC;Sul;Colisão Lateral;2;2;;;;;1
06/11/2010;10:39:00;428;com vítima;145,6999969482422;BR-116/PR;Sul;Colisão Lateral;1;1;1;;;;1
07/11/2010;03:17:00;501;sem vítima;120;BR-116/PR;Norte;Saida de Pista;1;1;;;;;1
07/11/2010;02:39:00;499;sem vítima;183,89999389648438;BR-116/PR;Norte;Saida de Pista;1;1;;;;;1
07/11/2010;04:00:00;503;com vítima;236,1999969482422;BR-116/SC;Norte;Colisão Frontal;1;2;;1;1;;2
08/11/2010;10:05:00;619;sem vítima;125;BR-116/PR;Norte;Objeto lançado contra veículo;1;1;;;;;1
09/11/2010;13:46:00;717;com vítima;222,3000030517578;BR-116/SC;Norte;Colisão Frontal;1;1;3;1;;1;3
10/11/2010;15:52:00;833;sem vítima;152;BR-116/SC;Norte;Colisão Traseira;1;6;;;;;1