data;horario;n_da_ocorrencia;tipo_de_ocorrencia;km;trecho;sentido;tipo_de_acidente;caminhao;ilesos;levemente_feridos;moderadamente_feridos;gravemente_feridos;mortos;3
10/11/2010;14:43:00;829;com vítima;153,60000610351562;BR-116/PR;Sul;Colisão Transversal;1;1;1;1;1;;2
10/11/2010;09:59:00;808;sem vítima;182;BR-116/PR;Norte;Objeto lançado contra veículo;1;1;;;;;1
10/11/2010;05:18:00;789;com vítima;206,10000610351562;BR-116/PR;Norte;Colisão Lateral;1;1;;1;;;2
11/11/2010;15:33:00;919;sem vítima;120,80000305175781;BR-116/PR;Sul;Colisão Transversal;2;6;;;;;1
11/11/2010;08:17:00;885;sem vítima;125,9000015258789;BR-116/PR;Norte;Choque - Veiculo parado na pista;1;2;;;;;1
11/11/2010;14:32:00;913;sem vítima;155,5;BR-116/SC;Norte;Objeto lançado contra veículo;1;1;;;;;1
12/11/2010;11:45:00;997;sem vítima;195;BR-116/PR;Sul;Saida de Pista;1;1;;;;;1
13/11/2010;10:40:00;1085;sem vítima;93,19999694824219;BR-116/SC;Sul;Colisão Lateral;1;3;;;;;1
14/11/2010;00:40:00;1159;com vítima;121,5999984741211;BR-116/PR;Norte;Colisão Frontal;1;4;2;;2;1;3
14/11/2010;21:32:00;1248;sem vítima;130;BR-116/PR;Norte;Objeto lançado contra veículo;1;1;;;;;1
15/11/2010;19:58:00;1349;sem vítima;167,5;BR-116/PR;Norte;Colisão Traseira;1;6;;;;;1
15/11/2010;19:40:00;1350;sem vítima;245,39999389648438;BR-116/SC;Sul;Colisão Traseira;1;4;;;;;1
16/11/2010;11:16:00;1393;sem vítima;87;BR-116/SC;Norte;Objeto lançado contra veículo;1;1;;;;;1
16/11/2010;18:16:00;1425;sem vítima;195,3000030517578;BR-116/PR;Sul;Colisão Lateral;1;3;;;;;1
16/11/2010;19:03:00;1429;com vítima;195,39999389648438;BR-116/PR;Norte;Saida de Pista;1;0;1;;;;1
16/11/2010;10:28:00;1388;com vítima;202;BR-116/PR;Sul;Colisão Lateral;1;3;2;;;;1
16/11/2010;19:19:00;1431;sem vítima;248,1999969482422;BR-116/SC;Norte;Colisão Traseira;2;2;;;;;1
16/11/2010;11:16:00;1394;sem vítima;264,5;BR-116/SC;Sul;Colisão Lateral;2;2;;;;;1
17/11/2010;18:19:00;1516;sem vítima;281;BR-116/SC;Sul;;1;1;;;;;1
18/11/2010;18:13:00;1621;sem vítima;53;BR-116/SC;Sul;Colisão Traseira;1;3;;;;;1
18/11/2010;21:38:00;1637;sem vítima;200,6999969482422;BR-116/SC;Norte;Saida de Pista;1;1;;;;;1
18/11/2010;01:49:00;1547;sem vítima;211,3000030517578;BR-116/SC;Sul;Saida de Pista;1;1;;;;;1
19/11/2010;16:55:00;1729;sem vítima;116,80000305175781;BR-116/SC;Sul;Choque - Objeto sobre a pista;1;1;;;;;1
19/11/2010;15:40:00;1713;sem vítima;131,10000610351562;BR-116/PR;Sul;Colisão Traseira;1;3;;;;;1
21/11/2010;17:30:00;1913;com vítima;117,5;BR-116/SC;Norte;Tombamento;1;0;;1;1;1;3
21/11/2010;18:46:00;1924;sem vítima;117,5999984741211;BR-116/PR;Sul;Colisão Lateral;1;2;;;;;1
22/11/2010;01:20:00;1961;com vítima;131,10000610351562;BR-116/SC;Norte;Colisão Lateral;1;1;;1;;1;3
22/11/2010;05:27:00;1970;sem vítima;249,8000030517578;BR-116/SC;Norte;Colisão Lateral;2;2;;;;;1
23/11/2010;18:35:00;2104;com vítima;211,10000610351562;BR-116/SC;Norte;Tombamento;1;0;1;;;;1
24/11/2010;13:47:00;2174;sem vítima;124,5999984741211;BR-116/PR;Norte;Choque - Veiculo parado na pista;1;2;;;;;1
24/11/2010;13:58:00;2175;sem vítima;145,8000030517578;BR-116/PR;Norte;Engavetamento;2;4;;;;;1
24/11/2010;21:34:00;2208;sem vítima;166,60000610351562;BR-116/PR;Norte;Saida de Pista;1;1;;;;;1
24/11/2010;20:54:00;2202;sem vítima;184,5;BR-116/SC;Norte;Colisão Transversal;1;2;;;;;1
24/11/2010;08:40:00;2158;sem vítima;192,39999389648438;BR-116/PR;Norte;Saida de Pista;1;3;;;;;1
25/11/2010;17:17:00;2275;com vítima;22,200000762939453;BR-116/SC;Norte;Colisão Traseira;1;1;1;1;;;2
25/11/2010;11:39:00;2241;sem vítima;53,599998474121094;BR-116/SC;Norte;Choque - Veiculo parado na pista;1;2;;;;;1
26/11/2010;10:13:00;2343;sem vítima;184,3000030517578;BR-116/SC;Sul;Colisão Traseira;1;5;;;;;1
26/11/2010;19:56:00;2399;sem vítima;217,5;BR-116/SC;Sul;Colisão Transversal;1;2;;;;;1
27/11/2010;17:05:00;2493;com vítima;107;BR-116/SC;Sul;Colisão Lateral;1;1;1;;;;1
28/11/2010;12:17:00;2577;com vítima;168,39999389648438;BR-116/PR;Norte;Engavetamento;3;3;;;1;;2
29/11/2010;16:13:00;2682;com vítima;140,6999969482422;BR-116/SC;Sul;Colisão Frontal;1;0;;2;1;;2
30/11/2010;18:08:00;2771;com vítima;13,199999809265137;BR-116/SC;Norte;Colisão Frontal;1;1;2;;;;1
30/11/2010;06:53:00;2720;com vítima;119,4000015258789;BR-116/PR;Sul;Colisão Transversal;1;2;2;;;;1
01/12/2010;11:38:00;38;sem vítima;141,1999969482422;BR-116/PR;Sul;Tombamento;1;1;;;;;1
01/12/2010;07:36:00;13;sem vítima;257,79998779296875;BR-116/SC;Norte;Colisão Lateral;2;2;;;;;1
02/12/2010;11:19:00;128;sem vítima;55,099998474121094;BR-116/SC;Sul;Colisão Transversal;2;2;;;;;1
02/12/2010;07:45:00;106;sem vítima;120,4000015258789;BR-116/PR;Sul;Colisão Lateral;1;2;;;;;1
02/12/2010;10:06:00;122;sem vítima;141,6999969482422;BR-116/PR;Sul;Colisão Lateral;1;3;;;;;1
03/12/2010;06:09:00;201;sem vítima;132,6999969482422;BR-116/PR;Norte;Colisão Lateral;1;9;;;;;1
03/12/2010;15:56:00;262;com vítima;134,60000610351562;BR-116/PR;Sul;Choque - Veiculo parado na pista;1;1;;;;1;3
03/12/2010;19:45:00;282;sem vítima;149,1999969482422;BR-116/SC;Norte;Colisão Lateral;1;2;;;;;1
03/12/2010;15:42:00;261;sem vítima;203,1999969482422;BR-116/SC;Norte;Colisão Lateral;2;2;;;;;1
04/12/2010;17:29:00;376;com vítima;12;BR-116/SC;Sul;Colisão Transversal;1;1;3;;;;1
04/12/2010;20:18:00;401;com vítima;35,5;BR-116/SC;Norte;Colisão Frontal;1;1;1;;;;1
04/12/2010;23:08:00;416;sem vítima;44;BR-116/SC;Sul;Saida de Pista;1;1;;;;;1
04/12/2010;16:53:00;367;sem vítima;154;BR-116/PR;Norte;Saida de Pista;1;1;;;;;1
06/12/2010;22:36:00;588;sem vítima;134;BR-116/PR;Norte;Colisão Traseira;1;3;;;;;1
06/12/2010;16:02:00;554;sem vítima;203,6999969482422;BR-116/PR;Sul;Choque - Veiculo parado na pista;1;1;;;;;1
07/12/2010;00:53:00;599;sem vítima;125,80000305175781;BR-116/PR;Norte;Colisão Lateral;3;4;;;;;1
07/12/2010;15:39:00;637;sem vítima;140,60000610351562;BR-116/SC;Sul;Choque - Veiculo parado no acostamento;1;8;;;;;1
07/12/2010;20:08:00;661;sem vítima;174,6999969482422;BR-116/SC;Norte;Colisão Traseira;1;3;;;;;1
08/12/2010;09:17:00;705;sem vítima;245,5;BR-116/SC;Sul;Colisão Transversal;2;2;;;;;1
09/12/2010;12:05:00;791;sem vítima;2,4000000953674316;BR-116/SC;Sul;Colisão Lateral;2;2;;;;;1
09/12/2010;21:30:00;844;com vítima;41;BR-116/SC;Norte;Colisão Lateral;2;1;1;;;;1
09/12/2010;14:35:00;806;sem vítima;118;BR-116/PR;Norte;Colisão Traseira;1;2;;;;;1
09/12/2010;06:40:00;778;sem vítima;124,5;BR-116/PR;Norte;Colisão Lateral;1;2;;;;;1
10/12/2010;11:24:00;884;com vítima;105,5;BR-116/SC;Norte;Saida de Pista;1;0;1;;;;1
11/12/2010;10:40:00;986;sem vítima;119,30000305175781;BR-116/PR;Norte;Engavetamento;1;3;;;;;1
11/12/2010;17:21:00;1014;sem vítima;119,5;BR-116/PR;Sul;Colisão Transversal;1;3;;;;;1
11/12/2010;06:44:00;971;sem vítima;124,4000015258789;BR-116/PR;Norte;Colisão Lateral;1;6;;;;;1
11/12/2010;04:15:00;962;com vítima;126,9000015258789;BR-116/PR;Sul;Colisão Traseira;1;1;2;;;;1
11/12/2010;13:48:00;1004;sem vítima;194,89999389648438;BR-116/SC;Norte;Choque - Suporte de Sinalização;1;1;;;;;1
11/12/2010;17:40:00;1021;sem vítima;220,1999969482422;BR-116/SC;Sul;Colisão Lateral;2;2;;;;;1
12/12/2010;19:26:00;1133;com vítima;146,3000030517578;BR-116/PR;Norte;Saida de Pista;1;1;;;2;3;3
12/12/2010;09:57:00;1076;sem vítima;244;BR-116/SC;Sul;Colisão Lateral;1;2;;;;;1
13/12/2010;17:29:00;1225;sem vítima;0,6000000238418579;BR-116/SC;Sul;Colisão Lateral;1;4;;;;;1
13/12/2010;11:51:00;1197;sem vítima;191;BR-116/PR;Sul;Colisão Traseira;1;3;;;;;1
14/12/2010;23:48:00;1335;com vítima;172,6999969482422;BR-116/SC;Norte;Colisão Frontal;1;1;;;1;1;3
14/12/2010;10:45:00;1268;sem vítima;180,1999969482422;BR-116/SC;Sul;Colisão Transversal;1;2;;;;;1
14/12/2010;05:52:00;1253;sem vítima;195,3000030517578;BR-116/PR;Norte;Choque - Talude;1;1;;;;;1
15/12/2010;21:55:00;1408;sem vítima;175,89999389648438;BR-116/PR;Sul;Colisão Lateral;1;2;;;;;1
15/12/2010;16:55:00;1387;sem vítima;204;BR-116/SC;Norte;Colisão Traseira;1;2;;;;;1
16/12/2010;19:27:00;1490;sem vítima;110,69999694824219;BR-116/SC;Sul;Colisão Lateral;1;2;;;;;1
16/12/2010;21:55:00;1507;com vítima;195,60000610351562;BR-116/PR;Sul;Colisão Frontal;1;1;;1;;;2
17/12/2010;17:46:00;1597;sem vítima;135;BR-116/PR;Sul;Saida de Pista;1;1;;;;;1
17/12/2010;08:38:00;1531;com vítima;210;BR-116/SC;Norte;Saida de Pista;1;0;1;;;;1
18/12/2010;04:46:00;1647;sem vítima;117,19999694824219;BR-116/PR;Sul;Colisão Frontal;1;2;;;;;1
18/12/2010;15:16:00;1685;com vítima;117,5999984741211;BR-116/PR;Sul;Colisão Lateral;1;1;;1;;;2
20/12/2010;17:07:00;1923;sem vítima;115;BR-116/PR;Sul;Colisão Lateral;1;2;;;;;1
21/12/2010;00:20:00;1952;sem vítima;49,29999923706055;BR-116/SC;Sul;Colisão Traseira;2;2;;;;;1
21/12/2010;11:04:00;1988;sem vítima;105,19999694824219;BR-116/SC;Sul;Colisão Traseira;2;2;;;;;1
21/12/2010;22:28:00;2051;sem vítima;185,3000030517578;BR-116/PR;Sul;Saida de Pista;1;4;;;;;1
22/12/2010;06:52:00;2078;sem vítima;4,5;BR-116/SC;Sul;Tombamento;1;1;;;;;1
22/12/2010;14:33:00;2122;sem vítima;233;BR-116/SC;Sul;Choque - Cancela de Pedagio;1;1;;;;;1
22/12/2010;05:49:00;2072;sem vítima;234,8000030517578;BR-116/SC;Norte;Saida de Pista;1;2;;;;;1
23/12/2010;21:19:00;2288;com vítima;217,39999389648438;BR-116/SC;Norte;Colisão Transversal;1;1;;;1;;2
24/12/2010;06:56:00;2324;sem vítima;81;BR-116/SC;Sul;Colisão Traseira;1;2;;;;;1
25/12/2010;11:21:00;2452;sem vítima;126,30000305175781;BR-116/PR;Norte;Colisão Traseira;1;2;;;;;1
25/12/2010;15:12:00;2464;sem vítima;258,6000061035156;BR-116/SC;Norte;Colisão Lateral;1;2;;;;;1
26/12/2010;18:36:00;2574;com vítima;7;BR-116/SC;Norte;Colisão Lateral;1;1;1;;;;1
26/12/2010;19:37:00;2581;com vítima;203,00999450683594;BR-116/SC;Norte;Colisão Transversal;1;2;1;;;;1
27/12/2010;14:13:00;2657;com vítima;72,5;BR-116/SC;Sul;Colisão Traseira;1;3;1;;;;1
28/12/2010;20:41:00;2790;sem vítima;12;BR-116/SC;Sul;Colisão Transversal;1;6;;;;;1
28/12/2010;15:41:00;2761;sem vítima;154,8000030517578;BR-116/SC;Norte;Colisão Traseira;1;2;;;;;1
30/12/2010;18:07:00;2951;sem vítima;296;BR-116/SC;Norte;Objeto lançado contra veículo;1;2;;;;;1
31/12/2010;02:24:00;2984;sem vítima;47,79999923706055;BR-116/SC;Sul;Colisão Lateral;1;6;;;;;1
02/01/2011;15:47:00;127;sem vítima;158,60000610351562;BR-116/PR;Sul;Saida de Pista;1;1;;;;;1
05/01/2011;07:07:00;376;sem vítima;204;BR-116/PR;Sul;Choque - Cancela de Pedagio;1;1;;;;;1
05/01/2011;15:52:00;420;sem vítima;211,89999389648438;BR-116/SC;Norte;Saida de Pista;1;1;;;;;1
05/01/2011;08:10:00;382;com vítima;229;BR-116/SC;Sul;Colisão Lateral;1;1;2;;;;1
07/01/2011;11:33:00;562;sem vítima;173,39999389648438;BR-116/PR;Sul;Colisão Traseira;1;2;;;;;1
08/01/2011;20:05:00;699;com vítima;202,39999389648438;BR-116/SC;Sul;Saida de Pista;1;0;1;;;;1
08/01/2011;23:33:00;714;sem vítima;308,79998779296875;BR-116/SC;Sul;Tombamento;1;1;;;;;1
11/01/2011;02:03:00;909;com vítima;132,8000030517578;BR-116/PR;Sul;Colisão Lateral;1;5;;1;;;2
11/01/2011;10:15:00;934;com vítima;181,5;BR-116/SC;Norte;Tombamento;1;0;3;;;;1
11/01/2011;21:30:00;984;com vítima;192;BR-116/SC;Sul;Colisão Traseira;1;4;1;;;;1
12/01/2011;07:26:00;1017;sem vítima;204;BR-116/PR;Norte;Choque - Suporte de Sinalização;1;1;;;;;1
12/01/2011;15:35:00;1054;sem vítima;230,5;BR-116/SC;Norte;Saida de Pista;1;1;;;;;1
13/01/2011;08:54:00;1114;sem vítima;59,900001525878906;BR-116/SC;Sul;Choque - Veiculo parado na pista;2;3;;;;;1
14/01/2011;17:11:00;1260;sem vítima;206,5;BR-116/PR;Norte;Colisão Traseira;3;3;;;;;1
14/01/2011;07:57:00;1208;com vítima;211,10000610351562;BR-116/SC;Sul;Tombamento;1;0;;1;;;2
15/01/2011;10:34:00;1323;sem vítima;59,5;BR-116/SC;Sul;Saida de Pista;1;2;;;;;1
15/01/2011;18:00:00;1362;com vítima;84,30000305175781;BR-116/SC;Sul;Saida de Pista;1;0;;1;;;2
15/01/2011;16:38:00;1352;sem vítima;153,1999969482422;BR-116/PR;Sul;Colisão Traseira;1;5;;;;;1
15/01/2011;18:39:00;1366;sem vítima;167,39999389648438;BR-116/PR;Norte;Saida de Pista;1;1;;;;;1
15/01/2011;09:56:00;1318;sem vítima;259,6000061035156;BR-116/SC;Norte;Colisão Lateral;1;2;;;;;1
15/01/2011;15:54:00;1348;com vítima;287;BR-116/SC;Sul;Colisão Lateral;1;1;;2;;;2
17/01/2011;17:55:00;1597;com vítima;214,1999969482422;BR-116/SC;Norte;Saida de Pista;1;1;2;2;;;2
18/01/2011;00:38:00;1630;com vítima;125,5999984741211;BR-116/PR;Norte;Colisão Traseira;1;7;2;;;;1
18/01/2011;10:12:00;1657;sem vítima;126,05000305175781;BR-116/PR;Sul;Colisão Lateral;1;2;;;;;1
18/01/2011;13:52:00;1683;com vítima;202,6999969482422;BR-116/SC;Sul;Colisão Transversal;1;1;1;1;;;2
19/01/2011;06:55:00;1733;sem vítima;116,0999984741211;BR-116/PR;Sul;Colisão Traseira;1;3;;;;;1
20/01/2011;15:43:00;1873;sem vítima;85,19999694824219;BR-116/SC;Norte;Colisão Traseira;1;5;;;;;1
20/01/2011;17:57:00;1884;sem vítima;204;BR-116/PR;Sul;Colisão Traseira;1;6;;;;;1
21/01/2011;18:23:00;1991;sem vítima;205,1999969482422;BR-116/SC;Sul;Saida de Pista;1;1;;;;;1
22/01/2011;17:26:00;2096;sem vítima;107,69999694824219;BR-116/SC;Sul;Colisão Lateral;1;2;;;;;1
22/01/2011;12:03:00;2063;com vítima;245;BR-116/SC;Sul;Colisão Transversal;1;2;1;;;;1
23/01/2011;17:52:00;2224;sem vítima;184,1999969482422;BR-116/SC;Norte;Colisão Traseira;1;8;;;;;1
27/01/2011;00:08:00;2627;com vítima;180,8000030517578;BR-116/SC;Norte;Saida de Pista;1;0;;;1;;2
27/01/2011;07:19:00;2652;sem vítima;204;BR-116/PR;Norte;Choque - Cancela de Pedagio;1;1;;;;;1
28/01/2011;17:30:00;2810;com vítima;12,300000190734863;BR-116/SC;Sul;Colisão Transversal;1;3;1;;;;1
28/01/2011;17:44:00;2811;sem vítima;144;BR-116/PR;Norte;Colisão Transversal;1;2;;;;;1
29/01/2011;23:49:00;2990;sem vítima;27,899999618530273;BR-116/SC;Sul;Colisão Traseira;2;2;;;;;1
29/01/2011;07:21:00;2886;com vítima;29;BR-116/SC;Norte;Colisão Lateral;1;2;1;;;;1
29/01/2011;01:02:00;2856;sem vítima;106,19999694824219;BR-116/SC;Norte;Tombamento;1;4;;;;;1
29/01/2011;07:38:00;2889;sem vítima;195,60000610351562;BR-116/SC;Norte;Colisão Lateral;1;3;;;;;1
30/01/2011;07:17:00;3010;sem vítima;134;BR-116/SC;Sul;Colisão Traseira;2;2;;;;;1
30/01/2011;18:15:00;3066;sem vítima;191,3000030517578;BR-116/PR;Norte;Colisão Traseira;1;6;;;;;1
31/01/2011;03:22:00;3125;com vítima;294,1000061035156;BR-116/SC;Norte;Colisão Lateral;2;1;1;;;;1
01/02/2011;18:47:00;81;sem vítima;37;BR-116/SC;Norte;Saida de Pista;1;2;;;;;1
01/02/2011;11:30:00;35;sem vítima;162;BR-116/SC;Sul;Choque - Veiculo parado na pista;1;2;;;;;1
01/02/2011;10:30:00;30;com vítima;223,5;BR-116/SC;Norte;Saida de Pista;1;0;1;;;;1
02/02/2011;13:15:00;155;sem vítima;115;BR-116/PR;Norte;Colisão Lateral;1;2;;;;;1
02/02/2011;21:44:00;209;sem vítima;130,89999389648438;BR-116/PR;Sul;Colisão Lateral;1;3;;;;;1
02/02/2011;21:58:00;213;sem vítima;234,5;BR-116/SC;Norte;Choque - Objeto sobre a pista;1;1;;;;;1
04/02/2011;18:52:00;376;sem vítima;128,5;BR-116/PR;Sul;Colisão Traseira;1;2;;;;;1
04/02/2011;22:08:00;401;com vítima;234,5;BR-116/SC;Norte;Saida de Pista;1;0;1;;;;1
05/02/2011;15:30:00;484;com vítima;126,5;BR-116/PR;Norte;Colisão Lateral;1;2;1;;;;1
06/02/2011;19:33:00;627;sem vítima;205;BR-116/SC;Norte;Saida de Pista;1;1;;;;;1
07/02/2011;03:48:00;657;com vítima;130,9499969482422;BR-116/PR;Norte;Colisão Frontal;1;0;2;;;1;3
07/02/2011;17:22:00;708;com vítima;174;BR-116/PR;Sul;Colisão Transversal;1;0;;1;;1;3
07/02/2011;21:05:00;725;com vítima;306,70001220703125;BR-116/SC;Sul;Saida de Pista;1;0;1;;;;1
08/02/2011;16:42:00;792;sem vítima;233;BR-116/SC;Norte;Colisão Traseira;1;3;;;;;1
09/02/2011;14:05:00;886;com vítima;104,4000015258789;BR-116/SC;Sul;Colisão Transversal;1;2;;;;1;3
10/02/2011;23:08:00;1045;sem vítima;90;BR-116/SC;Norte;Colisão Traseira;1;2;;;;;1
10/02/2011;11:41:00;980;sem vítima;115;BR-116/PR;Norte;Colisão Lateral;1;3;;;;;1
11/02/2011;16:23:00;1098;com vítima;22,049999237060547;BR-116/SC;Norte;Saida de Pista;1;0;1;;;;1
12/02/2011;17:55:00;1232;sem vítima;127,5;BR-116/PR;Sul;Choque - Veiculo parado na pista;1;2;;;;;1
13/02/2011;05:25:00;1283;sem vítima;134,60000610351562;BR-116/SC;Norte;Saida de Pista;1;1;;;;;1
13/02/2011;22:06:00;1381;sem vítima;210,3000030517578;BR-116/SC;Sul;Saida de Pista;1;1;;;;;1
14/02/2011;08:49:00;1412;com vítima;52,5;BR-116/SC;Sul;Colisão Traseira;1;3;3;;;;1
14/02/2011;13:04:00;1431;sem vítima;247;BR-116/SC;Sul;Colisão Lateral;1;2;;;;;1
15/02/2011;11:17:00;1523;sem vítima;128;BR-116/PR;Norte;Colisão Lateral;2;3;;;;;1
15/02/2011;21:39:00;1576;sem vítima;172,60000610351562;BR-116/PR;Norte;Colisão Lateral;1;2;;;;;1
16/02/2011;01:17:00;1587;sem vítima;127,80000305175781;BR-116/PR;Norte;Colisão Transversal;1;2;;;;;1
16/02/2011;13:31:00;1635;sem vítima;266;BR-116/SC;Norte;Tombamento;1;1;;;;;1
17/02/2011;10:28:00;1730;sem vítima;115;BR-116/PR;Sul;Colisão Traseira;2;3;;;;;1
17/02/2011;08:51:00;1724;sem vítima;116,5;BR-116/PR;Norte;Colisão Lateral;1;3;;;;;1
17/02/2011;14:21:00;1746;sem vítima;128;BR-116/PR;Sul;Choque - Veiculo parado na pista;2;3;;;;;1
17/02/2011;18:49:00;1770;com vítima;184,5;BR-116/SC;Norte;Colisão Transversal;1;2;2;;;;1
17/02/2011;09:39:00;1728;com vítima;277;BR-116/SC;Norte;Colisão Traseira;1;4;1;;;;1
18/02/2011;15:06:00;1864;com vítima;105,80000305175781;BR-116/SC;Norte;Tombamento;1;0;;1;;;2
18/02/2011;09:14:00;1832;sem vítima;189,10000610351562;BR-116/PR;Norte;Saida de Pista;1;1;;;;;1
20/02/2011;06:58:00;2055;sem vítima;122,4000015258789;BR-116/PR;Norte;Colisão Transversal;1;2;;;;;1
21/02/2011;07:32:00;2176;sem vítima;119,5;BR-116/PR;Norte;Colisão Traseira;1;2;;;;;1
22/02/2011;12:56:00;2319;sem vítima;119;BR-116/PR;Sul;Colisão Lateral;1;3;;;;;1
23/02/2011;18:56:00;2487;com vítima;184,1999969482422;BR-116/PR;Norte;Saida de Pista;1;0;1;;;;1
23/02/2011;12:28:00;2441;sem vítima;236;BR-116/SC;Norte;Colisão Lateral;1;2;;;;;1
24/02/2011;17:26:00;2602;com vítima;141;BR-116/PR;Norte;Colisão Transversal;1;1;;;;1;3
24/02/2011;00:11:00;2513;sem vítima;308,79998779296875;BR-116/SC;Norte;Saida de Pista;1;1;;;;;1
25/02/2011;21:49:00;2739;sem vítima;1,2000000476837158;BR-116/SC;Sul;Saida de Pista;1;1;;;;;1
25/02/2011;18:07:00;2714;com vítima;128,10000610351562;BR-116/PR;Norte;Colisão Transversal;1;1;2;;;;1
25/02/2011;20:01:00;2728;sem vítima;141,5;BR-116/PR;Sul;Colisão Lateral;1;2;;;;;1
26/02/2011;13:41:00;2790;sem vítima;117;BR-116/PR;Sul;Colisão Lateral;1;2;;;;;1
26/02/2011;07:17:00;2765;sem vítima;119,30000305175781;BR-116/PR;Norte;Choque - Veiculo parado na pista;1;5;;;;;1
26/02/2011;23:13:00;2850;sem vítima;119,4000015258789;BR-116/PR;Norte;Colisão Transversal;2;2;;;;;1
26/02/2011;14:50:00;2796;sem vítima;125,9000015258789;BR-116/PR;Norte;Choque - Veiculo parado na pista;1;3;;;;;1
27/02/2011;15:14:00;2907;sem vítima;107,9000015258789;BR-116/SC;Sul;Colisão Lateral;1;3;;;;;1
28/02/2011;07:43:00;2963;sem vítima;5,699999809265137;BR-116/SC;Sul;Colisão Transversal;1;2;;;;;1
01/03/2011;08:03:00;16;sem vítima;107,80000305175781;BR-116/SC;Norte;Tombamento;1;1;;;;;1
03/03/2011;18:44:00;308;sem vítima;115,19999694824219;BR-116/PR;Sul;Colisão Lateral;1;2;;;;;1
03/03/2011;22:42:00;329;sem vítima;226;BR-116/SC;Norte;Objeto lançado contra veículo;1;2;;;;;1
04/03/2011;11:15:00;379;sem vítima;63;BR-116/SC;Norte;Colisão Lateral;2;2;;;;;1
04/03/2011;21:36:00;451;sem vítima;116;BR-116/PR;Norte;Saida de Pista;1;1;;;;;1
04/03/2011;02:38:00;334;sem vítima;117;BR-116/PR;Norte;Colisão Traseira;1;2;;;;;1
04/03/2011;11:27:00;382;sem vítima;134;BR-116/PR;Sul;Colisão Traseira;2;2;;;;;1
05/03/2011;02:12:00;471;com vítima;19,600000381469727;BR-116/SC;Norte;Colisão Frontal;1;1;;1;;;2
05/03/2011;20:42:00;611;com vítima;119,5999984741211;BR-116/PR;Sul;Choque - Veiculo parado na pista;1;4;1;;;;1
06/03/2011;10:12:00;667;sem vítima;116,30000305175781;BR-116/PR;Sul;Colisão Lateral;1;4;;;;;1
08/03/2011;21:58:00;913;sem vítima;180,8000030517578;BR-116/SC;Sul;Objeto lançado contra veículo;2;3;;;;;1
09/03/2011;14:23:00;989;sem vítima;12;BR-116/SC;Norte;Saida de Pista;1;2;;;;;1
10/03/2011;08:23:00;1065;sem vítima;29,899999618530273;BR-116/SC;Norte;Colisão Traseira;1;2;;;;;1
10/03/2011;22:29:00;1151;com vítima;132,1999969482422;BR-116/PR;Sul;Saida de Pista;1;0;;1;;;2
12/03/2011;17:29:00;1365;sem vítima;132;BR-116/SC;Sul;Colisão Traseira;2;2;;;;;1
12/03/2011;10:23:00;1317;sem vítima;132,10000610351562;BR-116/PR;Sul;Colisão Traseira;1;2;;;;;1
12/03/2011;13:28:00;1327;sem vítima;147,10000610351562;BR-116/PR;Sul;Colisão Traseira;1;5;;;;;1
12/03/2011;23:18:00;1421;sem vítima;210;BR-116/PR;Norte;Colisão Transversal;1;2;;;;;1
13/03/2011;11:58:00;1474;com vítima;107,19999694824219;BR-116/SC;Norte;Choque - Talude;1;1;1;;;;1
13/03/2011;06:35:00;1452;sem vítima;215;BR-116/SC;Sul;Saida de Pista;1;1;;;;;1
14/03/2011;07:33:00;1542;com vítima;122,4000015258789;BR-116/PR;Sul;Colisão Transversal;1;1;1;;;;1
15/03/2011;22:31:00;1784;com vítima;124,0999984741211;BR-116/PR;Norte;Colisão Traseira;3;2;1;;;;1
15/03/2011;12:27:00;1704;com vítima;130,8000030517578;BR-116/SC;Sul;Choque - Veiculo parado na pista;3;2;1;;;;1
15/03/2011;09:11:00;1685;sem vítima;141,5;BR-116/PR;Norte;Colisão Transversal;1;2;;;;;1
15/03/2011;16:26:00;1744;com vítima;150,5;BR-116/PR;Sul;Choque - Veiculo parado na pista;2;1;;2;;;2
15/03/2011;20:47:00;1776;sem vítima;156;BR-116/PR;Norte;Colisão Traseira;2;2;;;;;1
16/03/2011;09:39:00;1854;sem vítima;184;BR-116/SC;Norte;Colisão Traseira;1;2;;;;;1
16/03/2011;17:41:00;1909;sem vítima;217;BR-116/SC;Sul;Colisão Transversal;1;2;;;;;1
16/03/2011;19:54:00;1927;com vítima;245,60000610351562;BR-116/SC;Norte;Colisão Transversal;1;2;2;;;;1
17/03/2011;12:48:00;2002;sem vítima;124;BR-116/SC;Sul;Colisão Traseira;1;4;;;;;1