data;horario;n_da_ocorrencia;tipo_de_ocorrencia;km;trecho;sentido;tipo_de_acidente;caminhao;ilesos;levemente_feridos;moderadamente_feridos;gravemente_feridos;mortos;3
17/03/2011;08:49:00;1972;sem vítima;155,39999389648438;BR-116/PR;Sul;Colisão Transversal;1;3;;;;;1
17/03/2011;21:37:00;2072;sem vítima;286,8999938964844;BR-116/SC;Sul;Saida de Pista;1;2;;;;;1
17/03/2011;18:32:00;2051;sem vítima;306,70001220703125;BR-116/SC;Sul;Colisão Traseira;2;2;;;;;1
18/03/2011;22:54:00;2212;sem vítima;80,19999694824219;BR-116/SC;Sul;Objeto lançado contra veículo;1;21;;;;;1
19/03/2011;21:35:00;2336;com vítima;117,5999984741211;BR-116/PR;Sul;Queda de Moto;1;1;1;;;;1
19/03/2011;04:47:00;2237;sem vítima;126,19999694824219;BR-116/PR;Sul;Colisão Traseira;1;6;;;;;1
19/03/2011;09:19:00;2262;sem vítima;148,5;BR-116/PR;Sul;Engavetamento;1;12;;;;;1
20/03/2011;18:07:00;2425;sem vítima;114,19999694824219;BR-116/SC;Sul;Colisão Traseira;1;3;;;;;1
21/03/2011;16:31:00;2517;sem vítima;52;BR-116/SC;Sul;Objeto lançado contra veículo;1;2;;;;;1
22/03/2011;19:34:00;2626;com vítima;86,19999694824219;BR-116/SC;Norte;Colisão Frontal;1;1;1;;;;1
22/03/2011;22:03:00;2638;sem vítima;125,80000305175781;BR-116/PR;Norte;Choque - Veiculo parado na pista;1;2;;;;;1
22/03/2011;16:50:00;2612;com vítima;203,3000030517578;BR-116/SC;Sul;Colisão Lateral;2;1;1;;;;1
24/03/2011;18:06:00;2848;sem vítima;113,80000305175781;BR-116/SC;Sul;Colisão Traseira;2;3;;;;;1
24/03/2011;06:41:00;2777;com vítima;210,8000030517578;BR-116/PR;Norte;Colisão Transversal;2;1;2;;1;;2
25/03/2011;19:18:00;2968;com vítima;48,400001525878906;BR-116/SC;Sul;Saida de Pista;1;0;1;;;;1
25/03/2011;17:10:00;2948;sem vítima;81;BR-116/SC;Sul;Colisão Traseira;2;3;;;;;1
25/03/2011;03:12:00;2891;sem vítima;308,6000061035156;BR-116/SC;Sul;Tombamento;1;1;;;;;1
26/03/2011;12:09:00;3029;com vítima;123,4000015258789;BR-116/PR;Sul;Colisão Lateral;1;5;3;;;;1
27/03/2011;02:08:00;3102;com vítima;118,94000244140625;BR-116/PR;Sul;Colisão Frontal;1;1;;;;1;3
27/03/2011;09:23:00;3120;sem vítima;152;BR-116/SC;Sul;Colisão Lateral;1;2;;;;;1
28/03/2011;17:35:00;3283;sem vítima;132,89999389648438;BR-116/SC;Sul;Tombamento;1;3;;;;;1
29/03/2011;19:14:00;3403;sem vítima;203,10000610351562;BR-116/SC;Norte;Colisão Lateral;1;25;;;;;1
30/03/2011;15:12:00;3483;sem vítima;71,19999694824219;BR-116/SC;Norte;Colisão Traseira;2;2;;;;;1
30/03/2011;17:48:00;3502;com vítima;109;BR-116/SC;Sul;Colisão Lateral;2;2;1;;;;1
30/03/2011;15:05:00;3482;sem vítima;117,4000015258789;BR-116/PR;Sul;Colisão Traseira;1;2;;;;;1
30/03/2011;15:41:00;3487;sem vítima;117,4000015258789;BR-116/PR;Sul;Colisão Lateral;1;2;;;;;1
30/03/2011;21:39:00;3525;sem vítima;121,80000305175781;BR-116/SC;Norte;Colisão Lateral;1;11;;;;;1
30/03/2011;20:56:00;3521;sem vítima;198,60000610351562;BR-116/SC;Norte;Saida de Pista;1;1;;;;;1
30/03/2011;12:30:00;3463;sem vítima;203;BR-116/SC;Sul;Saida de Pista;1;1;;;;;1
30/03/2011;07:55:00;3446;sem vítima;302,6000061035156;BR-116/SC;Sul;Colisão Traseira;2;2;;;;;1
30/03/2011;21:23:00;3523;sem vítima;305,20001220703125;BR-116/SC;Sul;Tombamento;1;1;;;;;1
31/03/2011;07:51:00;3565;com vítima;159,1999969482422;BR-116/PR;Norte;Colisão Traseira;1;1;1;;;;1
02/04/2011;19:25:00;186;com vítima;115,5999984741211;BR-116/PR;Sul;Colisão Lateral;1;7;1;;;;1
02/04/2011;03:46:00;103;sem vítima;134,89999389648438;BR-116/PR;Sul;Saida de Pista;1;1;;;;;1
02/04/2011;14:59:00;156;com vítima;310;BR-116/SC;Norte;Colisão Lateral;1;1;1;;;;1
04/04/2011;16:22:00;388;sem vítima;205,1999969482422;BR-116/SC;Sul;Saida de Pista;1;1;;;;;1
04/04/2011;23:56:00;424;com vítima;211,1999969482422;BR-116/SC;Sul;Tombamento;1;0;;;;1;3
05/04/2011;03:25:00;430;sem vítima;4,800000190734863;BR-116/SC;Sul;Colisão Traseira;1;3;;;;;1
05/04/2011;14:24:00;466;sem vítima;45,79999923706055;BR-116/SC;Norte;Colisão Lateral;1;2;;;;;1
05/04/2011;13:53:00;459;sem vítima;210,8000030517578;BR-116/PR;Sul;Colisão Transversal;1;5;;;;;1
07/04/2011;16:30:00;685;com vítima;120,4000015258789;BR-116/PR;Sul;Colisão Frontal;1;1;;1;;;2
07/04/2011;21:02:00;709;com vítima;122,30000305175781;BR-116/PR;Sul;Colisão Frontal;1;2;3;;;;1
07/04/2011;16:34:00;686;com vítima;234,5;BR-116/SC;Norte;Tombamento;1;0;;;1;;2
08/04/2011;22:09:00;814;sem vítima;0,6000000238418579;BR-116/SC;Sul;Colisão Lateral;2;2;;;;;1
08/04/2011;18:47:00;791;sem vítima;10,5;BR-116/SC;Norte;Saida de Pista;1;1;;;;;1
08/04/2011;10:34:00;746;sem vítima;115;BR-116/SC;Norte;Tombamento;1;1;;;;;1
08/04/2011;19:20:00;795;com vítima;131,10000610351562;BR-116/PR;Sul;Colisão Transversal;1;1;2;1;;;2
08/04/2011;21:40:00;811;sem vítima;136,39999389648438;BR-116/SC;Sul;Colisão Traseira;2;2;;;;;1
08/04/2011;18:56:00;793;sem vítima;158;BR-116/PR;Sul;Colisão Transversal;1;2;;;;;1
08/04/2011;13:08:00;756;sem vítima;202,5;BR-116/PR;Sul;Tombamento;1;1;;;;;1
09/04/2011;22:06:00;920;com vítima;24,799999237060547;BR-116/SC;Sul;Tombamento;1;0;1;;;;1
09/04/2011;15:06:00;874;com vítima;211,3000030517578;BR-116/SC;Sul;Colisão Lateral;3;2;;2;1;;2
11/04/2011;18:59:00;1107;sem vítima;115;BR-116/PR;Norte;Colisão Traseira;1;2;;;;;1
11/04/2011;15:44:00;1090;com vítima;120;BR-116/PR;Sul;Colisão Transversal;1;1;1;;;;1
11/04/2011;13:49:00;1083;sem vítima;127,5;BR-116/PR;Norte;Choque - Veiculo parado na pista;1;5;;;;;1
11/04/2011;01:07:00;1032;sem vítima;190;BR-116/SC;Norte;Saida de Pista;1;1;;;;;1
12/04/2011;11:45:00;1156;sem vítima;4,5;BR-116/SC;Sul;Colisão Transversal;1;4;;;;;1
12/04/2011;18:58:00;1202;sem vítima;117,4000015258789;BR-116/PR;Sul;Colisão Lateral;1;2;;;;;1
12/04/2011;00:06:00;1127;sem vítima;125;BR-116/PR;Norte;Colisão Lateral;2;2;;;;;1
12/04/2011;07:33:00;1141;com vítima;135,3000030517578;BR-116/PR;Norte;Saida de Pista;1;0;1;;;;1
12/04/2011;12:43:00;1167;sem vítima;153,3000030517578;BR-116/SC;Norte;Colisão Lateral;1;3;;;;;1
12/04/2011;06:59:00;1139;com vítima;180;BR-116/PR;Sul;Colisão Lateral;2;0;2;;;;1
13/04/2011;19:56:00;1314;sem vítima;116;BR-116/PR;Sul;Choque - Veiculo parado na pista;1;4;;;;;1
13/04/2011;19:32:00;1311;sem vítima;116,30000305175781;BR-116/PR;Sul;Colisão Traseira;2;4;;;;;1
13/04/2011;14:01:00;1280;sem vítima;134,8000030517578;BR-116/PR;Sul;Choque - Veiculo parado na pista;1;2;;;;;1
13/04/2011;15:13:00;1290;com vítima;195,3000030517578;BR-116/PR;Sul;Colisão Lateral;1;2;1;;;;1
13/04/2011;10:41:00;1268;sem vítima;203,3000030517578;BR-116/SC;Norte;Saida de Pista;1;1;;;;;1
14/04/2011;05:23:00;1338;sem vítima;61;BR-116/SC;Norte;Saida de Pista;1;1;;;;;1
14/04/2011;14:04:00;1372;sem vítima;119,5;BR-116/PR;Sul;Colisão Transversal;1;2;;;;;1
14/04/2011;17:14:00;1391;sem vítima;278,1000061035156;BR-116/SC;Sul;Saida de Pista;1;1;;;;;1
14/04/2011;01:30:00;1331;sem vítima;306,20001220703125;BR-116/SC;Norte;Saida de Pista;1;1;;;;;1
15/04/2011;22:19:00;1520;com vítima;110,0999984741211;BR-116/SC;Norte;Colisão Lateral;1;1;1;;1;;2
15/04/2011;18:35:00;1491;sem vítima;117,69999694824219;BR-116/PR;Sul;Colisão Lateral;1;2;;;;;1
15/04/2011;22:59:00;1523;sem vítima;247,89999389648438;BR-116/SC;Norte;Colisão Transversal;1;4;;;;;1
15/04/2011;14:11:00;1461;sem vítima;306,1000061035156;BR-116/SC;Sul;Colisão Traseira;2;2;;;;;1
16/04/2011;10:45:00;1550;sem vítima;116,19999694824219;BR-116/PR;Sul;Colisão Transversal;2;2;;;;;1
16/04/2011;07:08:00;1543;sem vítima;145,60000610351562;BR-116/SC;Norte;Tombamento;1;1;;;;;1
18/04/2011;06:21:00;1701;sem vítima;72,30000305175781;BR-116/SC;Sul;Colisão Lateral;1;2;;;;;1
18/04/2011;07:30:00;1708;com vítima;138,60000610351562;BR-116/SC;Sul;Colisão Transversal;1;0;1;;;1;3
18/04/2011;11:43:00;1735;sem vítima;145,89999389648438;BR-116/PR;Norte;Choque - Veiculo parado no acostamento;1;4;;;;;1
18/04/2011;00:33:00;1691;com vítima;202,10000610351562;BR-116/SC;Norte;Colisão Frontal;2;0;2;1;;;2
18/04/2011;10:59:00;1731;com vítima;262;BR-116/SC;Sul;Colisão Frontal;1;1;1;;;;1
19/04/2011;06:22:00;1796;sem vítima;245,60000610351562;BR-116/SC;Sul;Colisão Transversal;1;2;;;;;1
20/04/2011;19:52:00;1974;com vítima;58,900001525878906;BR-116/SC;Norte;Colisão Lateral;1;2;;;;1;3
20/04/2011;19:50:00;1973;sem vítima;156,8000030517578;BR-116/PR;Sul;Colisão Transversal;2;3;;;;;1
20/04/2011;19:38:00;1970;sem vítima;201,10000610351562;BR-116/SC;Norte;Colisão Lateral;2;2;;;;;1
21/04/2011;08:57:00;2050;sem vítima;134;BR-116/PR;Sul;Colisão Traseira;1;2;;;;;1
22/04/2011;15:21:00;2175;sem vítima;1,399999976158142;BR-116/SC;Sul;Saida de Pista;1;1;;;;;1
22/04/2011;00:38:00;2136;sem vítima;169,8000030517578;BR-116/SC;Sul;Saida de Pista;1;1;;;;;1
23/04/2011;04:11:00;2212;com vítima;5,199999809265137;BR-116/SC;Norte;Colisão Traseira;1;12;15;;;1;3
23/04/2011;09:33:00;2225;com vítima;127,4000015258789;BR-116/PR;Sul;Colisão Lateral;1;5;1;;;;1
23/04/2011;10:54:00;2233;sem vítima;188,89999389648438;BR-116/SC;Sul;Saida de Pista;1;1;;;;;1
24/04/2011;11:13:00;2337;com vítima;9;BR-116/SC;Sul;Colisão Lateral;1;6;4;;;;1
24/04/2011;21:05:00;2424;sem vítima;134,10000610351562;BR-116/PR;Norte;Colisão Lateral;1;2;;;;;1
25/04/2011;06:20:00;2449;sem vítima;115,4000015258789;BR-116/PR;Sul;Colisão Lateral;1;2;;;;;1
25/04/2011;10:15:00;2469;sem vítima;206;BR-116/PR;Sul;Colisão Lateral;1;2;;;;;1
26/04/2011;17:26:00;2607;sem vítima;2,9000000953674316;BR-116/SC;Sul;Colisão Traseira;2;3;;;;;1
26/04/2011;21:06:00;2628;sem vítima;125,80000305175781;BR-116/PR;Norte;Colisão Transversal;1;2;;;;;1
26/04/2011;09:13:00;2560;com vítima;199,1999969482422;BR-116/PR;Sul;Colisão Lateral;1;1;1;;;;1
26/04/2011;08:41:00;2555;sem vítima;202;BR-116/PR;Norte;Tombamento;1;1;;;;;1
27/04/2011;14:13:00;2682;sem vítima;58,5;BR-116/SC;Sul;Colisão Lateral;3;3;;;;;1
27/04/2011;18:18:00;2713;sem vítima;184,5;BR-116/SC;Sul;Colisão Lateral;2;4;;;;;1
27/04/2011;08:24:00;2648;sem vítima;204;BR-116/PR;Sul;Choque - Veiculo parado na pista;1;2;;;;;1
27/04/2011;06:17:00;2644;sem vítima;245,60000610351562;BR-116/SC;Norte;Colisão Lateral;1;2;;;;;1
28/04/2011;18:27:00;2795;sem vítima;117,80000305175781;BR-116/PR;Sul;Engavetamento;3;6;;;;;1
30/04/2011;11:36:00;2940;sem vítima;117;BR-116/SC;Norte;Saida de Pista;1;1;;;;;1
30/04/2011;08:24:00;2925;sem vítima;152;BR-116/SC;Sul;Choque - Veiculo parado na pista;1;4;;;;;1
30/04/2011;17:49:00;2963;sem vítima;233;BR-116/SC;Norte;Colisão Traseira;1;3;;;;;1
02/05/2011;11:40:00;122;com vítima;18,5;BR-116/SC;Norte;Choque - Veiculo parado na pista;1;1;2;;;;1
02/05/2011;17:29:00;144;com vítima;115,19999694824219;BR-116/PR;Sul;Choque - Veiculo parado na pista;1;2;1;;;;1
02/05/2011;22:40:00;161;sem vítima;117,19999694824219;BR-116/PR;Sul;Choque - Outros;1;6;;;;;1
02/05/2011;11:24:00;120;com vítima;202,5;BR-116/SC;Norte;Saida de Pista;1;0;1;;;;1
03/05/2011;22:29:00;260;com vítima;67,5999984741211;BR-116/SC;Norte;Colisão Traseira;1;1;;1;;1;3
03/05/2011;11:10:00;196;sem vítima;204;BR-116/PR;Norte;Atropelamento de Animal;1;1;;;;;1
04/05/2011;22:16:00;360;sem vítima;36,5;BR-116/SC;Sul;Colisão Frontal;1;2;;;;;1
04/05/2011;12:44:00;305;sem vítima;125,80000305175781;BR-116/PR;Norte;Colisão Traseira;1;4;;;;;1
05/05/2011;20:50:00;467;sem vítima;117;BR-116/PR;Sul;Colisão Lateral;1;62;;;;;1
05/05/2011;17:55:00;448;com vítima;124,30000305175781;BR-116/PR;Norte;Colisão Lateral;1;2;;1;1;;2
05/05/2011;13:45:00;421;sem vítima;145,3000030517578;BR-116/PR;Sul;Colisão Lateral;1;3;;;;;1
07/05/2011;09:09:00;609;sem vítima;125,80000305175781;BR-116/PR;Norte;Colisão Traseira;1;3;;;;;1
07/05/2011;16:48:00;634;com vítima;141,3000030517578;BR-116/SC;Sul;Saida de Pista;1;0;1;;;;1
10/05/2011;09:24:00;878;sem vítima;118,30000305175781;BR-116/PR;Sul;Colisão Transversal;1;2;;;;;1
11/05/2011;00:50:00;937;sem vítima;55,5;BR-116/SC;Norte;Atropelamento de Animal;1;1;;;;;1
11/05/2011;19:16:00;1015;sem vítima;105,5;BR-116/SC;Norte;Colisão Lateral;1;2;;;;;1
11/05/2011;19:38:00;1019;sem vítima;153,3000030517578;BR-116/PR;Norte;Colisão Traseira;2;2;;;;;1
12/05/2011;12:22:00;1075;sem vítima;134;BR-116/PR;Sul;Colisão Traseira;2;2;;;;;1
12/05/2011;11:28:00;1069;sem vítima;222;BR-116/SC;Sul;Colisão Traseira;1;2;;;;;1
12/05/2011;08:15:00;1050;sem vítima;262,8500061035156;BR-116/SC;Sul;Colisão Traseira;1;5;;;;;1
12/05/2011;13:19:00;1077;sem vítima;271;BR-116/SC;Sul;Saida de Pista;1;1;;;;;1
13/05/2011;00:21:00;1121;sem vítima;194,5;BR-116/PR;Sul;Tombamento;1;1;;;;;1
13/05/2011;21:59:00;1210;sem vítima;232,3000030517578;BR-116/SC;Sul;Colisão Traseira;1;5;;;;;1
14/05/2011;08:00:00;1227;sem vítima;122,80000305175781;BR-116/PR;Sul;Saida de Pista;1;1;;;;;1
14/05/2011;17:38:00;1266;sem vítima;222,5;BR-116/SC;Norte;Colisão Traseira;1;3;;;;;1
15/05/2011;11:33:00;1338;com vítima;105,9000015258789;BR-116/SC;Sul;Colisão Lateral;1;1;1;;;;1
15/05/2011;14:29:00;1350;sem vítima;134;BR-116/PR;Sul;Choque - Veiculo parado na pista;2;2;;;;;1
16/05/2011;23:53:00;1463;sem vítima;2,5;BR-116/SC;Norte;Atropelamento de Animal;1;1;;;;;1
16/05/2011;18:31:00;1447;sem vítima;117,69999694824219;BR-116/PR;Sul;Colisão Lateral;1;2;;;;;1
16/05/2011;15:18:00;1438;com vítima;124,5;BR-116/PR;Sul;Colisão Traseira;1;2;;;;2;3
16/05/2011;19:19:00;1451;sem vítima;166,8000030517578;BR-116/PR;Sul;Colisão Lateral;2;3;;;;;1
16/05/2011;10:42:00;1412;com vítima;193,0500030517578;BR-116/SC;Norte;Saida de Pista;1;0;1;;;;1
16/05/2011;16:14:00;1442;sem vítima;207,3000030517578;BR-116/SC;Norte;Colisão Transversal;2;2;;;;;1
17/05/2011;17:05:00;1523;sem vítima;90,0999984741211;BR-116/SC;Norte;Saida de Pista;1;1;;;;;1
17/05/2011;13:12:00;1505;sem vítima;156;BR-116/SC;Sul;Colisão Lateral;1;2;;;;;1
18/05/2011;09:11:00;1575;com vítima;82,30000305175781;BR-116/SC;Norte;Atropelamento - Morador;1;1;1;;1;;2
18/05/2011;09:57:00;1580;com vítima;118,05000305175781;BR-116/PR;Norte;Colisão Transversal;1;1;1;;;;1
20/05/2011;11:41:00;1770;sem vítima;50,099998474121094;BR-116/SC;Norte;Saida de Pista;1;1;;;;;1
20/05/2011;14:37:00;1786;com vítima;103;BR-116/SC;Norte;Saida de Pista;1;0;;;;1;3
20/05/2011;17:29:00;1804;sem vítima;245,5;BR-116/SC;Norte;Colisão Transversal;1;2;;;;;1
21/05/2011;12:54:00;1872;com vítima;69;BR-116/SC;Sul;Atropelamento - Morador;1;1;;1;;;2
22/05/2011;17:51:00;1985;com vítima;201,60000610351562;BR-116/PR;Sul;Colisão Frontal;1;2;2;1;1;;2
23/05/2011;23:01:00;2095;com vítima;246,10000610351562;BR-116/SC;Norte;Colisão Transversal;1;1;1;;;;1
24/05/2011;11:24:00;2142;sem vítima;115,0999984741211;BR-116/PR;Norte;Choque - Veiculo parado na pista;1;3;;;;;1
24/05/2011;21:21:00;2186;com vítima;245,60000610351562;BR-116/SC;Sul;Colisão Lateral;1;2;2;;;;1
24/05/2011;01:47:00;2102;sem vítima;248;BR-116/SC;Sul;;1;1;;;;;1
24/05/2011;01:43:00;2101;sem vítima;253,60000610351562;BR-116/SC;Sul;Choque - Talude;1;1;;;;;1
25/05/2011;01:30:00;2199;sem vítima;140;BR-116/PR;Norte;Colisão Traseira;1;2;;;;;1
25/05/2011;05:10:00;2203;sem vítima;157,3000030517578;BR-116/PR;Sul;Saida de Pista;1;1;;;;;1
25/05/2011;07:20:00;2213;sem vítima;238,89999389648438;BR-116/SC;Sul;Tombamento;1;1;;;;;1
25/05/2011;13:12:00;2235;sem vítima;278,8999938964844;BR-116/SC;Sul;Colisão Lateral;2;2;;;;;1
27/05/2011;16:33:00;2420;sem vítima;119,5;BR-116/PR;Norte;Choque - Veiculo parado na pista;2;2;;;;;1
28/05/2011;05:17:00;2458;com vítima;122,19999694824219;BR-116/SC;Sul;Saida de Pista;1;0;1;;;;1
28/05/2011;10:30:00;2479;sem vítima;151,6999969482422;BR-116/PR;Sul;Colisão Traseira;1;3;;;;;1
28/05/2011;16:00:00;2510;com vítima;181,0399932861328;BR-116/SC;Norte;Tombamento;1;0;1;;;;1
30/05/2011;07:11:00;2657;sem vítima;47,5;BR-116/SC;Norte;Choque - Defensa, barreira ou "submarino";1;1;;;;;1
31/05/2011;19:00:00;2774;sem vítima;220,8000030517578;BR-116/SC;Norte;Colisão Traseira;1;7;;;;;1
01/06/2011;22:38:00;87;com vítima;123,4000015258789;BR-116/PR;Sul;Colisão Lateral;1;1;1;1;;;2
01/06/2011;12:12:00;40;sem vítima;129;BR-116/PR;Norte;Colisão Lateral;1;2;;;;;1
02/06/2011;16:59:00;163;com vítima;203,3000030517578;BR-116/SC;Sul;Colisão Lateral;1;2;;1;;;2
03/06/2011;13:20:00;249;sem vítima;42;BR-116/SC;Sul;Colisão Lateral;1;5;;;;;1
03/06/2011;17:01:00;266;sem vítima;209;BR-116/PR;Norte;Colisão Transversal;1;2;;;;;1
03/06/2011;19:57:00;283;sem vítima;221,1999969482422;BR-116/SC;Sul;Colisão Transversal;1;4;;;;;1
04/06/2011;19:42:00;380;sem vítima;130;BR-116/PR;Sul;Objeto lançado contra veículo;1;4;;;;;1
04/06/2011;03:34:00;309;sem vítima;135;BR-116/SC;Norte;Saida de Pista;1;1;;;;;1
04/06/2011;01:51:00;305;sem vítima;210,3000030517578;BR-116/SC;Sul;Saida de Pista;1;1;;;;;1
05/06/2011;19:25:00;495;sem vítima;57,70000076293945;BR-116/SC;Norte;Colisão Traseira;1;4;;;;;1
06/06/2011;18:41:00;590;com vítima;39,25;BR-116/SC;Norte;Colisão Lateral;2;1;;;1;1;3
06/06/2011;15:46:00;569;sem vítima;111;BR-116/SC;Norte;Colisão Lateral;1;5;;;;;1
06/06/2011;11:43:00;553;sem vítima;125,5;BR-116/PR;Sul;Choque - Veiculo parado na pista;1;2;;;;;1
06/06/2011;13:09:00;556;sem vítima;127,5;BR-116/PR;Norte;Choque - Veiculo parado na pista;1;2;;;;;1
07/06/2011;11:18:00;626;sem vítima;75;BR-116/SC;Sul;Colisão Traseira;1;3;;;;;1
07/06/2011;20:39:00;682;com vítima;134,8000030517578;BR-116/SC;Norte;Saida de Pista;1;1;1;;;;1
07/06/2011;11:12:00;624;com vítima;147,97000122070312;BR-116/PR;Norte;Colisão Frontal;1;0;;;1;1;3
08/06/2011;07:48:00;706;com vítima;141,5;BR-116/PR;Norte;Queda de Moto;1;1;1;;;;1
09/06/2011;09:50:00;797;sem vítima;157,60000610351562;BR-116/PR;Norte;Objeto lançado contra veículo;2;2;;;;;1
09/06/2011;06:29:00;785;sem vítima;186;BR-116/PR;Sul;Colisão Lateral;2;2;;;;;1
09/06/2011;20:21:00;842;sem vítima;202;BR-116/PR;Sul;Colisão Lateral;1;2;;;;;1
09/06/2011;21:30:00;845;com vítima;246,3000030517578;BR-116/SC;Sul;Colisão Frontal;1;3;;;1;;2
10/06/2011;16:25:00;903;sem vítima;118,80000305175781;BR-116/PR;Sul;Colisão Traseira;1;2;;;;;1
11/06/2011;12:01:00;971;sem vítima;42;BR-116/SC;Sul;Colisão Lateral;1;3;;;;;1
11/06/2011;17:53:00;1000;com vítima;119,0999984741211;BR-116/PR;Sul;Colisão Frontal;1;7;;3;;;2
11/06/2011;16:42:00;992;com vítima;211,3000030517578;BR-116/SC;Sul;Tombamento;1;0;1;;;;1
12/06/2011;05:44:00;1035;sem vítima;0,10000000149011612;BR-116/SC;Sul;Saida de Pista;1;2;;;;;1
12/06/2011;05:56:00;1036;sem vítima;115;BR-116/SC;Norte;Saida de Pista;1;1;;;;;1
12/06/2011;05:36:00;1033;sem vítima;122;BR-116/SC;Sul;Saida de Pista;1;1;;;;;1
12/06/2011;05:28:00;1032;sem vítima;127,5;BR-116/PR;Sul;Saida de Pista;1;1;;;;;1
12/06/2011;16:41:00;1076;com vítima;181,39999389648438;BR-116/SC;Norte;Colisão Lateral;1;8;1;1;;;2
13/06/2011;14:25:00;1158;sem vítima;115,80000305175781;BR-116/PR;Norte;Colisão Traseira;2;2;;;;;1
13/06/2011;08:14:00;1123;sem vítima;118,19999694824219;BR-116/PR;Sul;Engavetamento;1;3;;;;;1
14/06/2011;16:52:00;1277;sem vítima;117,5;BR-116/PR;Sul;Colisão Lateral;1;6;;;;;1
14/06/2011;07:53:00;1219;com vítima;124;BR-116/PR;Norte;Choque - Veiculo parado na pista;1;1;2;1;;;2
14/06/2011;15:12:00;1264;com vítima;126,80000305175781;BR-116/PR;Norte;Atropelamento - Outros;1;1;1;;;;1
14/06/2011;14:34:00;1260;sem vítima;177,89999389648438;BR-116/SC;Sul;Colisão Lateral;1;2;;;;;1
15/06/2011;16:23:00;1361;com vítima;118,5;BR-116/PR;Sul;Colisão Transversal;1;1;1;;;;1
15/06/2011;17:47:00;1367;sem vítima;135,5;BR-116/SC;Sul;Colisão Traseira;2;2;;;;;1
17/06/2011;00:34:00;1480;sem vítima;235,8000030517578;BR-116/SC;Norte;Colisão Lateral;1;2;;;;;1
18/06/2011;10:49:00;1602;sem vítima;1;BR-116/SC;Sul;Outros;1;1;;;;;1
19/06/2011;22:38:00;1743;sem vítima;236;BR-116/SC;Sul;Saida de Pista;1;1;;;;;1
19/06/2011;15:45:00;1708;sem vítima;245,60000610351562;BR-116/SC;Sul;Colisão Transversal;1;2;;;;;1
20/06/2011;13:51:00;1784;sem vítima;118,69999694824219;BR-116/SC;Sul;Choque - Talude;1;1;;;;;1
20/06/2011;09:12:00;1763;sem vítima;122,30000305175781;BR-116/PR;Sul;Colisão Lateral;2;2;;;;;1
20/06/2011;12:31:00;1778;com vítima;181;BR-116/SC;Sul;Saida de Pista;1;1;1;;;;1
21/06/2011;12:10:00;1864;sem vítima;117;BR-116/PR;Sul;Colisão Lateral;1;3;;;;;1
22/06/2011;00:15:00;1915;com vítima;24,5;BR-116/SC;Sul;Saida de Pista;1;0;;;1;;2
22/06/2011;07:35:00;1931;sem vítima;159;BR-116/PR;Sul;Colisão Transversal;1;2;;;;;1
23/06/2011;06:13:00;2042;sem vítima;36;BR-116/SC;Sul;Colisão Frontal;1;5;;;;;1
23/06/2011;14:30:00;2080;sem vítima;115;BR-116/SC;Norte;Colisão Lateral;1;6;;;;;1
23/06/2011;16:31:00;2084;sem vítima;131,5;BR-116/PR;Norte;Colisão Lateral;1;5;;;;;1
25/06/2011;08:02:00;2208;sem vítima;9;BR-116/SC;Norte;Saida de Pista;1;1;;;;;1
26/06/2011;05:53:00;2279;sem vítima;132,3000030517578;BR-116/PR;Norte;Colisão Lateral;1;3;;;;;1
26/06/2011;08:06:00;2288;sem vítima;177,10000610351562;BR-116/PR;Norte;Saida de Pista;1;1;;;;;1
26/06/2011;01:25:00;2273;sem vítima;217,39999389648438;BR-116/SC;Norte;Colisão Traseira;1;2;;;;;1
26/06/2011;19:02:00;2342;com vítima;245,60000610351562;BR-116/SC;Norte;Colisão Transversal;1;4;;2;;;2
27/06/2011;22:40:00;2474;sem vítima;126;BR-116/PR;Norte;Colisão Lateral;1;3;;;;;1
28/06/2011;19:35:00;2599;com vítima;5,800000190734863;BR-116/SC;Sul;Colisão Transversal;1;1;1;;1;;2
28/06/2011;15:22:00;2574;sem vítima;119,5;BR-116/PR;Norte;Choque - Veiculo parado na pista;2;4;;;;;1
28/06/2011;11:11:00;2553;sem vítima;147;BR-116/PR;Sul;Saida de Pista;1;1;;;;;1
29/06/2011;14:21:00;2656;sem vítima;2,200000047683716;BR-116/SC;Norte;Colisão Traseira;2;2;;;;;1
29/06/2011;15:25:00;2662;sem vítima;119,5;BR-116/PR;Sul;Choque - Veiculo parado na pista;1;2;;;;;1
29/06/2011;20:13:00;2697;sem vítima;142;BR-116/PR;Norte;Colisão Traseira;1;2;;;;;1
29/06/2011;14:54:00;2660;sem vítima;166,5;BR-116/SC;Sul;Colisão Transversal;1;4;;;;;1