data;horario;n_da_ocorrencia;tipo_de_ocorrencia;km;trecho;sentido;tipo_de_acidente;caminhao;ilesos;levemente_feridos;moderadamente_feridos;gravemente_feridos;mortos;3
27/06/2012;07:48:00;2361;com vítima;58,7;BR-116/SC;Norte;Colisão Traseira;1;1;;1;;;2
27/06/2012;10:53:00;2368;sem vítima;131,1;BR-116/PR;Sul;Choque - Veiculo parado na pista;1;2;;;;;1
28/06/2012;11:06:00;2443;com vítima;131,8;BR-116/PR;Norte;Colisão Transversal;1;2;10;;;;1
29/06/2012;09:21:00;2511;com vítima;7;BR-116/SC;Sul;Colisão Transversal;2;1;;1;;;2
29/06/2012;17:25:00;2544;com vítima;154,9;BR-116/SC;Norte;Choque - Defensa, barreira ou "submarino";1;0;;1;;5;3
30/06/2012;11:52:00;2616;sem vítima;42;BR-116/SC;Sul;Choque - Objeto sobre a pista;1;1;;;;;1
30/06/2012;09:53:00;2602;com vítima;185,7;BR-116/PR;Norte;Colisão Lateral;2;0;1;;1;;2
30/06/2012;08:23:00;2596;com vítima;241;BR-116/SC;Sul;Colisão Frontal;2;5;;1;;;2
01/07/2012;01:56:00;2;sem vítima;69;BR-116/SC;Norte;Choque - Poste;1;1;;;;;1
01/07/2012;02:07:00;3;sem vítima;204;BR-116/PR;Sul;Choque - Suporte de Sinalização;1;1;;;;;1
03/07/2012;00:03:00;173;com vítima;140,1;BR-116/PR;Norte;Tombamento;1;1;;1;;;2
03/07/2012;14:21:00;215;sem vítima;168;BR-116/SC;Norte;Objeto lançado contra veículo;1;1;;;;;1
04/07/2012;04:05:00;287;com vítima;158,7;BR-116/PR;Sul;Colisão Frontal;1;1;;1;;;2
04/07/2012;10:22:00;308;sem vítima;204;BR-116/PR;Norte;Choque - Cancela de Pedagio;1;1;;;;;1
04/07/2012;10:24:00;309;sem vítima;211,2;BR-116/SC;Sul;Tombamento;1;1;;;;;1
04/07/2012;19:58:00;372;com vítima;285,6;BR-116/SC;Sul;Colisão Frontal;4;2;1;;;1;3
05/07/2012;17:57:00;445;com vítima;202,8;BR-116/PR;Sul;Colisão Transversal;1;1;;;1;;2
06/07/2012;11:21:00;507;sem vítima;4,5;BR-116/SC;Norte;Colisão Lateral;1;4;;;;;1
06/07/2012;16:00:00;536;com vítima;6,5;BR-116/SC;Sul;Colisão Frontal;1;1;;;;1;3
06/07/2012;08:18:00;486;com vítima;8,5;BR-116/SC;Norte;Colisão Lateral;2;1;1;;;;1
06/07/2012;07:00:00;481;sem vítima;53,8;BR-116/SC;Sul;Tombamento;1;2;;;;;1
06/07/2012;18:11:00;543;com vítima;57,1;BR-116/SC;Sul;Colisão Frontal;1;1;;;;2;3
06/07/2012;20:52:00;560;sem vítima;119,2;BR-116/PR;Sul;Colisão Traseira;1;2;;;;;1
06/07/2012;23:36:00;566;com vítima;151,2;BR-116/PR;Sul;Colisão Lateral;1;1;1;;;;1
06/07/2012;23:31:00;565;com vítima;310,4;BR-116/SC;Sul;Choque - Defensa, barreira ou "submarino";1;0;1;;;;1
07/07/2012;15:54:00;609;sem vítima;120;BR-116/PR;Norte;Choque - Veiculo parado na pista;1;6;;;;;1
07/07/2012;10:07:00;585;sem vítima;125,8;BR-116/PR;Sul;Colisão Traseira;1;3;;;;;1
07/07/2012;11:25:00;592;sem vítima;192,8;BR-116/PR;Sul;Colisão Traseira;1;2;;;;;1
08/07/2012;05:37:00;665;com vítima;14,6;BR-116/SC;Sul;Colisão Frontal;1;1;;;;1;3
09/07/2012;01:01:00;752;com vítima;131,4;BR-116/PR;Norte;Colisão Frontal;1;1;1;;;;1
09/07/2012;09:51:00;778;sem vítima;140,8;BR-116/PR;Norte;Colisão Lateral;1;4;;;;;1
09/07/2012;14:52:00;807;sem vítima;205;BR-116/PR;Norte;Objeto lançado contra veículo;1;2;;;;;1
10/07/2012;17:16:00;906;sem vítima;32,5;BR-116/SC;Norte;Colisão Transversal;1;2;;;;;1
10/07/2012;16:48:00;905;sem vítima;119,5;BR-116/PR;Sul;Colisão Traseira;2;3;;;;;1
11/07/2012;18:55:00;1029;sem vítima;30,9;BR-116/SC;Norte;Saida de Pista;1;1;;;;;1
11/07/2012;10:33:00;973;sem vítima;47,5;BR-116/SC;Sul;Choque - Defensa, barreira ou "submarino";1;1;;;;;1
11/07/2012;17:26:00;1019;sem vítima;72,5;BR-116/SC;Norte;Colisão Lateral;1;2;;;;;1
11/07/2012;14:28:00;995;sem vítima;125;BR-116/PR;Sul;Colisão Lateral;1;2;;;;;1
11/07/2012;00:15:00;940;sem vítima;276;BR-116/SC;Norte;Objeto lançado contra veículo;2;2;;;;;1
12/07/2012;01:21:00;1056;sem vítima;0,5;BR-116/SC;Sul;Saida de Pista;1;1;;;;;1
12/07/2012;14:31:00;1118;com vítima;96,5;BR-116/SC;Norte;Colisão Frontal;1;1;;;;1;3
12/07/2012;15:27:00;1123;sem vítima;131,5;BR-116/PR;Norte;Colisão Transversal;1;2;;;;;1
12/07/2012;04:34:00;1059;com vítima;140,4;BR-116/PR;Norte;Colisão Transversal;1;1;;;;1;3
12/07/2012;08:01:00;1073;sem vítima;191;BR-116/SC;Sul;Choque - Veiculo parado na pista;1;2;;;;;1
12/07/2012;14:01:00;1111;sem vítima;204,6;BR-116/SC;Norte;Colisão Traseira;2;2;;;;;1
13/07/2012;04:31:00;1186;com vítima;24,9;BR-116/SC;Norte;Colisão Traseira;1;1;;;;1;3
13/07/2012;19:40:00;1265;sem vítima;123,7;BR-116/PR;Norte;Colisão Traseira;2;2;;;;;1
13/07/2012;14:20:00;1236;sem vítima;131,8;BR-116/SC;Sul;Colisão Traseira;1;3;;;;;1
13/07/2012;05:54:00;1189;com vítima;170,2;BR-116/PR;Sul;Choque - Veiculo parado na pista;1;10;1;;;;1
14/07/2012;13:00:00;1344;sem vítima;5,6;BR-116/SC;Sul;Objeto lançado contra veículo;1;4;;;;;1
14/07/2012;08:54:00;1320;sem vítima;99;BR-116/SC;Norte;Colisão Transversal;1;3;;;;;1
14/07/2012;09:12:00;1321;sem vítima;106;BR-116/SC;Sul;Colisão Traseira;2;2;;;;;1
14/07/2012;11:10:00;1330;sem vítima;128,4;BR-116/PR;Sul;Colisão Lateral;1;2;;;;;1
14/07/2012;12:09:00;1340;sem vítima;128,4;BR-116/PR;Sul;Colisão Traseira;1;2;;;;;1
14/07/2012;05:53:00;1305;sem vítima;191,8;BR-116/SC;Sul;Outros;1;2;;;;;1
14/07/2012;17:50:00;1366;sem vítima;211;BR-116/PR;Norte;Objeto lançado contra veículo;1;1;;;;;1
14/07/2012;11:26:00;1334;sem vítima;301,8;BR-116/SC;Sul;Colisão Lateral;1;3;;;;;1
14/07/2012;01:31:00;1294;com vítima;308,5;BR-116/SC;Sul;Colisão Lateral;1;1;1;;;1;3
15/07/2012;17:57:00;1458;sem vítima;126,6;BR-116/PR;Sul;Colisão Traseira;1;2;;;;;1
15/07/2012;05:51:00;1402;com vítima;139,4;BR-116/PR;Norte;Colisão Frontal;1;1;;;;1;3
15/07/2012;05:10:00;1398;sem vítima;146,7;BR-116/SC;Norte;Colisão Transversal;1;2;;;;;1
15/07/2012;19:05:00;1462;sem vítima;170,8;BR-116/PR;Norte;Colisão Traseira;2;2;;;;;1
16/07/2012;18:28:00;1565;sem vítima;135;BR-116/PR;Norte;Choque - Objeto sobre a pista;1;1;;;;;1
17/07/2012;15:02:00;1654;sem vítima;4,5;BR-116/SC;Sul;Colisão Traseira;2;3;;;;;1
17/07/2012;06:25:00;1596;sem vítima;180,3;BR-116/SC;Norte;Colisão Lateral;1;2;;;;;1
17/07/2012;21:50:00;1700;sem vítima;191;BR-116/SC;Norte;Saida de Pista;1;1;;;;;1
17/07/2012;09:04:00;1609;sem vítima;193,6;BR-116/SC;Sul;Colisão Lateral;2;3;;;;;1
18/07/2012;09:17:00;1735;sem vítima;278,7;BR-116/SC;Norte;Colisão Traseira;3;3;;;;;1
19/07/2012;06:57:00;1823;sem vítima;121;BR-116/PR;Norte;Colisão Traseira;1;3;;;;;1
19/07/2012;17:15:00;1906;sem vítima;134;BR-116/PR;Norte;Choque - Cancela de Pedagio;1;1;;;;;1
20/07/2012;12:47:00;2004;sem vítima;49,2;BR-116/SC;Norte;Colisão Lateral;1;4;;;;;1
20/07/2012;08:00:00;1972;com vítima;58,2;BR-116/SC;Norte;Colisão Lateral;1;1;1;;;;1
20/07/2012;05:30:00;1960;sem vítima;86;BR-116/SC;Sul;Saida de Pista;1;1;;;;;1
20/07/2012;09:16:00;1980;sem vítima;141,15;BR-116/PR;Norte;Colisão Lateral;2;3;;;;;1
20/07/2012;19:54:00;2060;sem vítima;240;BR-116/SC;Sul;Atropelamento de Animal;1;1;;;;;1
20/07/2012;10:05:00;1984;sem vítima;245,4;BR-116/SC;Norte;Colisão Transversal;1;2;;;;;1
21/07/2012;18:59:00;2160;com vítima;92,7;BR-116/SC;Sul;Colisão Frontal;2;9;2;;1;;2
21/07/2012;14:16:00;2149;sem vítima;117;BR-116/PR;Sul;Colisão Lateral;2;3;;;;;1
23/07/2012;08:22:00;2338;sem vítima;204;BR-116/SC;Norte;Choque - Veiculo parado na pista;1;3;;;;;1
24/07/2012;19:10:00;2542;sem vítima;152,3;BR-116/PR;Sul;Colisão Transversal;1;3;;;;;1
24/07/2012;14:59:00;2508;sem vítima;178,009;BR-116/SC;Sul;Choque - Suporte de Sinalização;1;1;;;;;1
24/07/2012;07:51:00;2458;sem vítima;233;BR-116/SC;Norte;Choque - Veiculo parado na pista;1;2;;;;;1
24/07/2012;18:34:00;2538;sem vítima;247,8;BR-116/SC;Norte;;1;1;;;;;1
25/07/2012;09:27:00;2602;sem vítima;4,6;BR-116/SC;Norte;Colisão Traseira;1;2;;;;;1
25/07/2012;11:29:00;2633;com vítima;140,8;BR-116/SC;Sul;Colisão Traseira;1;1;1;;;;1
25/07/2012;14:30:00;2660;sem vítima;210,3;BR-116/PR;Norte;Colisão Traseira;1;3;;;;;1
26/07/2012;14:55:00;2783;com vítima;150,9;BR-116/PR;Norte;Colisão Frontal;1;1;;;;1;3
27/07/2012;18:39:00;2972;sem vítima;119;BR-116/PR;Norte;Colisão Traseira;1;2;;;;;1
27/07/2012;08:15:00;2866;sem vítima;152;BR-116/PR;Sul;Choque - Objeto sobre a pista;1;1;;;;;1
27/07/2012;01:13:00;2842;com vítima;211,8;BR-116/SC;Sul;Capotamento;1;0;1;;;;1
27/07/2012;06:41:00;2859;sem vítima;262,5;BR-116/SC;Sul;Colisão Lateral;2;2;;;;;1
28/07/2012;11:05:00;3047;sem vítima;134;BR-116/PR;Norte;Choque - Defensa, barreira ou "submarino";1;1;;;;;1
28/07/2012;22:08:00;3123;sem vítima;180;BR-116/PR;Norte;Outros;1;1;;;;;1
28/07/2012;14:38:00;3073;sem vítima;251,3;BR-116/SC;Sul;Objeto lançado contra veículo;1;1;;;;;1
30/07/2012;18:42:00;3302;sem vítima;122,5;BR-116/PR;Sul;Colisão Lateral;1;2;;;;;1
30/07/2012;01:14:00;3236;sem vítima;173,3;BR-116/SC;Sul;Saida de Pista;1;1;;;;;1
30/07/2012;14:28:00;3279;sem vítima;208,8;BR-116/PR;Norte;Saida de Pista;1;1;;;;;1
31/07/2012;15:50:00;3377;sem vítima;79;BR-116/SC;Norte;Colisão Lateral;1;2;;;;;1
31/07/2012;08:53:00;3346;com vítima;173,1;BR-116/PR;Norte;Colisão Lateral;2;3;;1;1;;2
31/07/2012;06:37:00;3339;com vítima;245;BR-116/SC;Norte;Colisão Transversal;2;1;;1;;;2
02/08/2012;12:43:00;159;sem vítima;117,2;BR-116/PR;Norte;Tombamento;1;1;;;;;1
02/08/2012;14:28:00;166;sem vítima;122,2;BR-116/PR;Sul;Engavetamento;2;3;;;;;1
02/08/2012;04:50:00;103;sem vítima;199;BR-116/PR;Sul;Atropelamento de Animal;1;1;;;;;1
03/08/2012;12:54:00;266;com vítima;5,2;BR-116/SC;Norte;Colisão Frontal;1;1;;;;1;3
03/08/2012;19:45:00;316;com vítima;92,1;BR-116/SC;Sul;Colisão Lateral;4;10;1;1;;1;3
03/08/2012;13:14:00;268;sem vítima;183,1;BR-116/SC;Sul;Saida de Pista;1;1;;;;;1
03/08/2012;10:31:00;249;sem vítima;208;BR-116/SC;Norte;Choque - Veiculo parado na pista;1;1;;;;;1
04/08/2012;08:49:00;380;sem vítima;115,5;BR-116/PR;Norte;Colisão Traseira;1;2;;;;;1
04/08/2012;22:14:00;469;sem vítima;126;BR-116/PR;Sul;Colisão Traseira;2;6;;;;;1
04/08/2012;14:03:00;409;sem vítima;205;BR-116/PR;Norte;Objeto lançado contra veículo;1;1;;;;;1
04/08/2012;08:25:00;374;sem vítima;245;BR-116/SC;Norte;Colisão Transversal;1;5;;;;;1
06/08/2012;18:20:00;625;sem vítima;74;BR-116/SC;Sul;Colisão Traseira;1;2;;;;;1
06/08/2012;09:09:00;574;sem vítima;117;BR-116/PR;Sul;Choque - Veiculo parado na pista;1;2;;;;;1
06/08/2012;23:09:00;644;sem vítima;149,6;BR-116/SC;Sul;Colisão Lateral;2;2;;;;;1
06/08/2012;06:24:00;555;sem vítima;159;BR-116/SC;Norte;Colisão Transversal;1;2;;;;;1
06/08/2012;18:52:00;628;sem vítima;194,4;BR-116/SC;Sul;Colisão Traseira;1;5;;;;;1
06/08/2012;10:19:00;586;sem vítima;275,5;BR-116/SC;Sul;Colisão Transversal;2;2;;;;;1
07/08/2012;19:49:00;739;sem vítima;19;BR-116/SC;Sul;Choque - Objeto sobre a pista;2;2;;;;;1
07/08/2012;10:58:00;687;com vítima;193;BR-116/PR;Norte;Colisão Frontal;1;1;;1;;;2
08/08/2012;13:15:00;808;sem vítima;121,5;BR-116/SC;Norte;Colisão Traseira;1;2;;;;;1
08/08/2012;12:33:00;806;com vítima;127;BR-116/PR;Sul;Colisão Lateral;1;1;1;;;;1
08/08/2012;08:46:00;782;sem vítima;209;BR-116/PR;Norte;Colisão Frontal;1;2;;;;;1
09/08/2012;06:18:00;864;com vítima;105;BR-116/SC;Sul;Tombamento;1;0;1;;;;1
09/08/2012;07:46:00;867;sem vítima;120,9;BR-116/PR;Norte;Colisão Traseira;1;2;;;;;1
09/08/2012;11:18:00;886;sem vítima;172,6;BR-116/SC;Sul;Colisão Traseira;2;3;;;;;1
09/08/2012;08:18:00;869;com vítima;194,5;BR-116/PR;Sul;Saida de Pista;1;0;1;;;;1
10/08/2012;16:07:00;1040;sem vítima;23,5;BR-116/SC;Norte;Tombamento;1;1;;;;;1
10/08/2012;08:35:00;978;sem vítima;124,4;BR-116/PR;Norte;Engavetamento;2;3;;;;;1
10/08/2012;21:46:00;1077;sem vítima;195,5;BR-116/PR;Sul;Saida de Pista;1;1;;;;;1
11/08/2012;15:01:00;1159;sem vítima;81;BR-116/SC;Norte;Colisão Lateral;1;3;;;;;1
11/08/2012;12:37:00;1142;sem vítima;121,9;BR-116/PR;Sul;Colisão Traseira;1;2;;;;;1
11/08/2012;15:31:00;1163;com vítima;122,52;BR-116/PR;Sul;Colisão Lateral;1;2;;;;1;3
12/08/2012;11:03:00;1258;sem vítima;120,9;BR-116/PR;Sul;Colisão Traseira;1;2;;;;;1
12/08/2012;18:26:00;1310;sem vítima;134,5;BR-116/PR;Norte;Colisão Lateral;1;6;;;;;1
12/08/2012;19:36:00;1317;sem vítima;134,8;BR-116/PR;Norte;Colisão Lateral;1;2;;;;;1
13/08/2012;08:37:00;1354;sem vítima;191;BR-116/SC;Norte;Colisão Traseira;2;5;;;;;1
14/08/2012;15:29:00;1522;com vítima;118,5;BR-116/PR;Norte;Colisão Transversal;3;3;1;;;;1
14/08/2012;20:34:00;1550;com vítima;121,5;BR-116/PR;Sul;Colisão Transversal;1;1;;1;1;;2
14/08/2012;17:54:00;1537;com vítima;155,5;BR-116/PR;Sul;Colisão Lateral;1;2;1;;;;1
14/08/2012;12:35:00;1510;sem vítima;310;BR-116/SC;Sul;Tombamento;1;1;;;;;1
15/08/2012;23:52:00;1681;com vítima;125,8;BR-116/PR;Sul;Choque - Veiculo parado na pista;1;1;;1;;;2
16/08/2012;04:48:00;1689;sem vítima;195,5;BR-116/PR;Sul;Saida de Pista;1;2;;;;;1
16/08/2012;20:03:00;1782;sem vítima;214;BR-116/SC;Sul;Colisão Lateral;1;4;;;;;1
17/08/2012;19:45:00;1889;com vítima;36;BR-116/SC;Norte;Colisão Lateral;1;1;;;1;;2
17/08/2012;05:02:00;1808;sem vítima;154,5;BR-116/PR;Sul;Atropelamento de Animal;1;1;;;;;1
18/08/2012;15:25:00;1976;sem vítima;81,3;BR-116/SC;Sul;Outros;1;12;;;;;1
18/08/2012;11:11:00;1956;sem vítima;158;BR-116/SC;Sul;Saida de Pista;1;1;;;;;1
18/08/2012;08:30:00;1943;com vítima;159;BR-116/SC;Sul;Saida de Pista;1;1;;1;;;2
18/08/2012;13:57:00;1969;sem vítima;204,5;BR-116/SC;Norte;Choque - Defensa, barreira ou "submarino";1;1;;;;;1
20/08/2012;14:23:00;2182;sem vítima;39;BR-116/SC;Norte;Objeto lançado contra veículo;1;1;;;;;1
20/08/2012;22:47:00;2228;sem vítima;277,1;BR-116/SC;Norte;Colisão Traseira;2;3;;;;;1
21/08/2012;17:42:00;2303;com vítima;131,85;BR-116/PR;Norte;Colisão Frontal;1;44;;;;1;3
21/08/2012;22:05:00;2333;sem vítima;147;BR-116/PR;Norte;Atropelamento de Animal;1;1;;;;;1
21/08/2012;22:54:00;2335;com vítima;221,8;BR-116/SC;Sul;Atropelamento - Sem Informação;1;3;;;;1;3
22/08/2012;07:27:00;2349;sem vítima;116,2;BR-116/PR;Norte;Colisão Lateral;1;4;;;;;1
22/08/2012;13:06:00;2375;sem vítima;129,8;BR-116/PR;Sul;Colisão Transversal;1;2;;;;;1
25/08/2012;13:54:00;2668;com vítima;119;BR-116/PR;Norte;Colisão Transversal;1;2;2;2;;;2
25/08/2012;08:28:00;2646;com vítima;154,9;BR-116/SC;Sul;Tombamento;1;0;;;1;;2
25/08/2012;20:37:00;2707;sem vítima;199;BR-116/PR;Norte;Choque - Objeto sobre a pista;1;6;;;;;1
25/08/2012;16:30:00;2683;sem vítima;220;BR-116/SC;Norte;Tombamento;1;2;;;;;1
26/08/2012;17:36:00;2783;com vítima;193,2;BR-116/SC;Norte;Colisão Frontal;1;2;2;1;1;;2
26/08/2012;15:31:00;2772;sem vítima;209,3;BR-116/PR;Sul;Colisão Transversal;1;2;;;;;1
27/08/2012;12:28:00;2856;sem vítima;120;BR-116/PR;Norte;Colisão Transversal;1;2;;;;;1
28/08/2012;21:19:00;2989;sem vítima;210,6;BR-116/SC;Sul;Saida de Pista;1;1;;;;;1
28/08/2012;08:47:00;2937;com vítima;263;BR-116/SC;Norte;Colisão Frontal;1;1;;;1;;2
29/08/2012;09:42:00;3020;com vítima;1,2;BR-116/SC;Norte;Colisão Transversal;1;1;1;;;;1
29/08/2012;19:48:00;3082;sem vítima;128,4;BR-116/PR;Norte;Colisão Lateral;1;2;;;;;1
29/08/2012;11:47:00;3026;sem vítima;134,5;BR-116/PR;Norte;Choque - Suporte de Sinalização;1;1;;;;;1
29/08/2012;12:57:00;3030;com vítima;185,5;BR-116/PR;Sul;Colisão Traseira;1;2;1;;;;1
29/08/2012;18:49:00;3073;sem vítima;201;BR-116/SC;Norte;Colisão Lateral;2;3;;;;;1
31/08/2012;01:41:00;3206;sem vítima;115,8;BR-116/PR;Norte;Choque - Veiculo parado na pista;1;4;;;;;1
31/08/2012;15:56:00;3291;sem vítima;120,5;BR-116/PR;Sul;Colisão Traseira;2;3;;;;;1
31/08/2012;16:44:00;3296;sem vítima;132,6;BR-116/PR;Sul;Colisão Transversal;1;2;;;;;1
31/08/2012;18:41:00;3308;com vítima;141;BR-116/SC;Sul;Colisão Transversal;1;1;1;;;;1
01/09/2012;00:48:00;3;com vítima;39,9;BR-116/SC;Norte;Colisão Frontal;1;1;;;2;3;3
01/09/2012;07:36:00;19;sem vítima;115,3;BR-116/PR;Norte;Colisão Lateral;1;2;;;;;1
01/09/2012;00:02:00;1;com vítima;171,5;BR-116/PR;Sul;Colisão Lateral;1;2;;;1;;2
01/09/2012;18:27:00;88;sem vítima;172,7;BR-116/SC;Sul;Outros;1;1;;;;;1
02/09/2012;17:56:00;199;com vítima;21,6;BR-116/SC;Sul;Colisão Lateral;2;3;;;;1;3
02/09/2012;09:07:00;144;sem vítima;75;BR-116/SC;Norte;Choque - Objeto sobre a pista;1;2;;;;;1
02/09/2012;10:30:00;154;sem vítima;134;BR-116/PR;Norte;Colisão Traseira;2;2;;;;;1
02/09/2012;08:20:00;139;sem vítima;230,2;BR-116/SC;Sul;Choque - Veiculo parado no acostamento;1;7;;;;;1
03/09/2012;06:51:00;256;sem vítima;124;BR-116/PR;Norte;Colisão Lateral;1;2;;;;;1
03/09/2012;16:01:00;329;sem vítima;152,4;BR-116/PR;Sul;Colisão Lateral;1;2;;;;;1
04/09/2012;15:28:00;423;com vítima;115;BR-116/PR;Norte;Colisão Lateral;1;3;1;;;;1
04/09/2012;16:37:00;431;sem vítima;204;BR-116/PR;Sul;Objeto lançado contra veículo;1;1;;;;;1
04/09/2012;08:24:00;376;sem vítima;206;BR-116/PR;Norte;Colisão Lateral;2;2;;;;;1
05/09/2012;16:43:00;552;sem vítima;157,5;BR-116/PR;Norte;Colisão Transversal;1;2;;;;;1
05/09/2012;14:07:00;522;com vítima;172;BR-116/SC;Norte;Colisão Frontal;4;3;;1;;;2
06/09/2012;21:26:00;707;com vítima;37,3;BR-116/SC;Sul;Atropelamento - Outros;1;1;;;1;;2
06/09/2012;15:45:00;662;com vítima;59,9;BR-116/SC;Sul;Colisão Transversal;1;1;;1;;;2
06/09/2012;19:03:00;691;com vítima;139,3;BR-116/PR;Sul;Colisão Lateral;1;2;1;;;;1
09/09/2012;17:36:00;1001;sem vítima;134;BR-116/PR;Sul;Colisão Lateral;1;3;;;;;1
09/09/2012;16:04:00;982;sem vítima;145,9;BR-116/PR;Sul;Colisão Transversal;1;5;;;;;1
09/09/2012;06:03:00;931;sem vítima;205;BR-116/SC;Sul;Saida de Pista;1;1;;;;;1
09/09/2012;20:13:00;1027;sem vítima;210;BR-116/SC;Sul;Colisão Frontal;1;2;;;;;1
09/09/2012;13:03:00;964;sem vítima;245,4;BR-116/SC;Sul;Colisão Transversal;1;2;;;;;1
10/09/2012;10:12:00;1077;sem vítima;70;BR-116/SC;Norte;Saida de Pista;1;1;;;;;1
10/09/2012;10:08:00;1076;sem vítima;107,8;BR-116/SC;Sul;Colisão Frontal;1;2;;;;;1
10/09/2012;20:55:00;1142;sem vítima;147,5;BR-116/PR;Norte;Colisão Lateral;1;2;;;;;1
10/09/2012;20:49:00;1141;com vítima;181,5;BR-116/PR;Sul;Saida de Pista;1;0;;;;1;3
11/09/2012;06:58:00;1159;com vítima;124,2;BR-116/PR;Norte;Colisão Lateral;1;2;;;;1;3
11/09/2012;13:40:00;1205;sem vítima;204;BR-116/PR;Norte;Colisão Traseira;1;5;;;;;1
12/09/2012;07:20:00;1283;sem vítima;166;BR-116/SC;Norte;Outros;1;1;;;;;1
13/09/2012;06:33:00;1398;sem vítima;5;BR-116/SC;Sul;Engavetamento;3;4;;;;;1
13/09/2012;14:59:00;1454;sem vítima;17;BR-116/SC;Norte;Colisão Lateral;1;2;;;;;1
13/09/2012;04:40:00;1396;com vítima;168,2;BR-116/PR;Norte;Tombamento;1;1;1;;;;1
14/09/2012;07:41:00;1529;sem vítima;4,5;BR-116/SC;Sul;Colisão Traseira;1;2;;;;;1
14/09/2012;13:15:00;1565;sem vítima;128;BR-116/PR;Norte;Colisão Traseira;1;2;;;;;1
14/09/2012;17:55:00;1605;com vítima;129,3;BR-116/PR;Norte;Colisão Transversal;1;1;1;1;;;2
14/09/2012;16:39:00;1596;com vítima;143,4;BR-116/PR;Norte;Colisão Lateral;1;5;1;;;;1
14/09/2012;10:27:00;1547;com vítima;176;BR-116/SC;Norte;Colisão Frontal;2;1;;;2;;2
16/09/2012;11:40:00;1785;sem vítima;119;BR-116/PR;Norte;Colisão Traseira;1;3;;;;;1
17/09/2012;06:50:00;1867;sem vítima;125;BR-116/PR;Norte;Colisão Lateral;1;4;;;;;1
17/09/2012;07:52:00;1876;sem vítima;146;BR-116/PR;Norte;Choque - Objeto sobre a pista;1;1;;;;;1
19/09/2012;12:37:00;2125;sem vítima;119,9;BR-116/PR;Sul;Colisão Lateral;1;2;;;;;1
19/09/2012;12:19:00;2122;sem vítima;120,1;BR-116/PR;Sul;Tombamento;1;1;;;;;1
19/09/2012;11:49:00;2118;sem vítima;194;BR-116/PR;Norte;Saida de Pista;1;1;;;;;1
20/09/2012;21:50:00;2306;sem vítima;14,3;BR-116/SC;Norte;Objeto lançado contra veículo;2;2;;;;;1
20/09/2012;14:01:00;2265;com vítima;184,008;BR-116/SC;Norte;Colisão Transversal;1;1;;1;;;2
20/09/2012;21:11:00;2305;sem vítima;224,6;BR-116/SC;Norte;Saida de Pista;1;1;;;;;1
21/09/2012;08:34:00;2341;sem vítima;74;BR-116/SC;Sul;Capotamento;1;1;;;;;1
21/09/2012;16:43:00;2394;com vítima;122;BR-116/PR;Sul;Colisão Transversal;1;1;;;1;;2
21/09/2012;18:24:00;2408;sem vítima;122;BR-116/PR;Sul;Colisão Lateral;1;18;;;;;1
21/09/2012;17:13:00;2399;com vítima;130,95;BR-116/SC;Norte;Colisão Transversal;2;1;;1;;;2
21/09/2012;15:12:00;2382;sem vítima;187;BR-116/SC;Norte;Objeto lançado contra veículo;1;2;;;;;1
21/09/2012;01:33:00;2315;sem vítima;211;BR-116/PR;Norte;Colisão Traseira;1;2;;;;;1
22/09/2012;07:47:00;2460;sem vítima;102,3;BR-116/SC;Sul;Colisão Lateral;1;5;;;;;1
22/09/2012;08:48:00;2468;sem vítima;120;BR-116/PR;Sul;Colisão Traseira;2;2;;;;;1
23/09/2012;19:44:00;2610;sem vítima;218,005;BR-116/SC;Sul;Atropelamento de Animal;1;3;;;;;1
24/09/2012;07:00:00;2638;sem vítima;122;BR-116/PR;Sul;Colisão Traseira;1;2;;;;;1
24/09/2012;06:55:00;2649;sem vítima;125,5;BR-116/PR;Norte;Colisão Lateral;1;4;;;;;1
24/09/2012;17:25:00;2698;sem vítima;204;BR-116/PR;Norte;Objeto lançado contra veículo;1;2;;;;;1
25/09/2012;05:35:00;2747;sem vítima;42;BR-116/SC;Sul;Saida de Pista;1;4;;;;;1
25/09/2012;00:11:00;2739;sem vítima;152;BR-116/SC;Norte;Colisão Lateral;2;4;;;;;1
26/09/2012;08:37:00;2859;sem vítima;23,4;BR-116/SC;Sul;Colisão Transversal;1;2;;;;;1
26/09/2012;17:35:00;2901;sem vítima;105;BR-116/SC;Sul;Objeto lançado contra veículo;1;1;;;;;1
26/09/2012;11:32:00;2870;com vítima;114;BR-116/SC;Sul;Colisão Traseira;1;4;1;;;;1
26/09/2012;19:14:00;2909;sem vítima;210;BR-116/PR;Norte;Objeto lançado contra veículo;1;1;;;;;1
27/09/2012;22:23:00;3039;com vítima;129,3;BR-116/PR;Norte;Colisão Transversal;1;1;;1;;;2
27/09/2012;15:43:00;2996;sem vítima;145;BR-116/SC;Sul;Tombamento;1;1;;;;;1
27/09/2012;12:06:00;2977;com vítima;152,4;BR-116/PR;Norte;Colisão Transversal;1;3;1;;;;1
27/09/2012;09:50:00;2967;sem vítima;165;BR-116/PR;Sul;Colisão Traseira;1;2;;;;;1
27/09/2012;13:41:00;2983;sem vítima;220,7;BR-116/SC;Sul;Objeto lançado contra veículo;1;4;;;;;1
28/09/2012;17:32:00;3139;sem vítima;122,5;BR-116/PR;Sul;Colisão Lateral;1;2;;;;;1
28/09/2012;23:57:00;3169;sem vítima;126,2;BR-116/PR;Norte;Colisão Transversal;2;2;;;;;1