data;horario;n_da_ocorrencia;tipo_de_ocorrencia;km;trecho;sentido;tipo_de_acidente;caminhao;ilesos;levemente_feridos;moderadamente_feridos;gravemente_feridos;mortos;3
28/09/2012;09:11:00;3083;sem vítima;163;BR-116/SC;Norte;Objeto lançado contra veículo;1;1;;;;;1
28/09/2012;22:24:00;3165;sem vítima;243,8;BR-116/SC;Norte;Saida de Pista;1;1;;;;;1
28/09/2012;09:08:00;3082;sem vítima;247,8;BR-116/SC;Sul;Colisão Transversal;1;3;;;;;1
29/09/2012;14:46:00;3222;sem vítima;146,5;BR-116/PR;Norte;Colisão Traseira;1;7;;;;;1
30/09/2012;08:38:00;3294;sem vítima;247;BR-116/SC;Norte;Colisão Frontal;1;2;;;;;1
30/09/2012;17:36:00;3341;sem vítima;302,2;BR-116/SC;Norte;Colisão Lateral;1;4;;;;;1
01/10/2012;15:19:00;58;sem vítima;140,5;BR-116/PR;Sul;Colisão Transversal;1;4;;;;;1
01/10/2012;11:37:00;41;sem vítima;279;BR-116/SC;Sul;Colisão Lateral;1;3;;;;;1
02/10/2012;10:30:00;130;sem vítima;115,6;BR-116/PR;Sul;Colisão Traseira;2;3;;;;;1
02/10/2012;11:14:00;136;sem vítima;180;BR-116/SC;Sul;Não Def;1;1;;;;;1
02/10/2012;11:15:00;137;sem vítima;184,3;BR-116/SC;Norte;Colisão Traseira;3;3;;;;;1
02/10/2012;01:57:00;102;sem vítima;201;BR-116/PR;Norte;Colisão Lateral;2;2;;;;;1
04/10/2012;22:05:00;391;sem vítima;7;BR-116/SC;Sul;Objeto lançado contra veículo;1;1;;;;;1
04/10/2012;07:35:00;298;sem vítima;124,6;BR-116/PR;Norte;Colisão Lateral;1;2;;;;;1
05/10/2012;02:40:00;414;sem vítima;23;BR-116/SC;Norte;Saida de Pista;1;1;;;;;1
06/10/2012;10:00:00;598;com vítima;118,2;BR-116/PR;Sul;Colisão Frontal;1;1;1;;;;1
07/10/2012;19:32:00;759;com vítima;74,2;BR-116/SC;Norte;Saida de Pista;1;0;;1;;;2
07/10/2012;22:50:00;773;com vítima;119,4;BR-116/PR;Norte;Colisão Transversal;1;3;;1;1;;2
07/10/2012;10:22:00;710;sem vítima;180;BR-116/SC;Norte;Colisão Lateral;1;4;;;;;1
08/10/2012;13:15:00;815;com vítima;123;BR-116/PR;Sul;Colisão Traseira;1;1;1;;;;1
10/10/2012;07:57:00;1017;com vítima;119,3;BR-116/PR;Norte;Colisão Lateral;1;1;2;;;;1
11/10/2012;09:29:00;1146;com vítima;4,5;BR-116/SC;Norte;Colisão Traseira;1;1;2;;;;1
11/10/2012;11:59:00;1166;sem vítima;64;BR-116/SC;Norte;Colisão Traseira;1;14;;;;;1
11/10/2012;02:40:00;1123;com vítima;109,5;BR-116/SC;Sul;Colisão Traseira;1;1;1;;;;1
11/10/2012;13:58:00;1172;com vítima;117,3;BR-116/PR;Sul;Choque - Veiculo parado na pista;2;2;1;;;;1
11/10/2012;03:28:00;1126;sem vítima;157;BR-116/PR;Norte;Saida de Pista;1;1;;;;;1
12/10/2012;15:46:00;1294;sem vítima;152;BR-116/SC;Norte;Choque - Suporte de Sinalização;1;1;;;;;1
12/10/2012;09:11:00;1258;sem vítima;184,5;BR-116/SC;Norte;Colisão Transversal;1;6;;;;;1
13/10/2012;23:10:00;1435;sem vítima;272;BR-116/SC;Sul;Saida de Pista;1;1;;;;;1
14/10/2012;17:08:00;1508;sem vítima;122,5;BR-116/PR;Norte;Choque - Veiculo parado no acostamento;1;16;;;;;1
15/10/2012;09:26:00;1581;com vítima;152,37;BR-116/PR;Sul;Colisão Transversal;1;1;;;;2;3
15/10/2012;13:20:00;1598;sem vítima;202;BR-116/PR;Norte;Colisão Lateral;1;4;;;;;1
15/10/2012;19:36:00;1645;sem vítima;288,2;BR-116/SC;Norte;Atropelamento de Animal;1;1;;;;;1
16/10/2012;07:27:00;1675;sem vítima;121;BR-116/PR;Norte;Choque - Veiculo parado na pista;1;3;;;;;1
16/10/2012;06:58:00;1674;sem vítima;126;BR-116/PR;Norte;Colisão Traseira;1;2;;;;;1
17/10/2012;17:30:00;1852;sem vítima;124,6;BR-116/PR;Sul;Colisão Lateral;1;2;;;;;1
17/10/2012;15:34:00;1838;sem vítima;126,3;BR-116/PR;Norte;Colisão Traseira;2;2;;;;;1
18/10/2012;07:59:00;1904;sem vítima;279,1;BR-116/SC;Sul;Colisão Lateral;1;2;;;;;1
19/10/2012;15:56:00;2104;sem vítima;147;BR-116/PR;Norte;Colisão Lateral;2;2;;;;;1
19/10/2012;14:22:00;2089;sem vítima;152;BR-116/SC;Sul;Objeto lançado contra veículo;1;1;;;;;1
19/10/2012;00:56:00;2036;com vítima;211,8;BR-116/SC;Sul;Tombamento;1;0;1;;;;1
19/10/2012;06:22:00;2049;sem vítima;233;BR-116/SC;Norte;Choque - Defensa, barreira ou "submarino";1;1;;;;;1
20/10/2012;11:34:00;2197;com vítima;132;BR-116/PR;Norte;Não Def;1;2;2;;;;1
21/10/2012;23:12:00;2391;com vítima;52,98;BR-116/SC;Norte;Atropelamento - Usuário;1;1;;;;1;3
22/10/2012;08:32:00;2427;sem vítima;115,8;BR-116/PR;Norte;Colisão Transversal;1;3;;;;;1
22/10/2012;20:55:00;2527;sem vítima;133,5;BR-116/SC;Sul;Choque - Objeto sobre a pista;1;1;;;;;1
22/10/2012;13:13:00;2471;sem vítima;172,7;BR-116/SC;Sul;Saida de Pista;1;1;;;;;1
22/10/2012;21:06:00;2531;sem vítima;199,95;BR-116/SC;Sul;Choque - Poste;1;1;;;;;1
23/10/2012;05:37:00;2551;sem vítima;105,8;BR-116/SC;Norte;Saida de Pista;1;2;;;;;1
23/10/2012;05:28:00;2550;sem vítima;121;BR-116/PR;Norte;Colisão Traseira;1;2;;;;;1
23/10/2012;20:53:00;2663;sem vítima;204;BR-116/PR;Norte;Choque - Cancela de Pedagio;1;1;;;;;1
23/10/2012;18:08:00;2647;sem vítima;217,3;BR-116/SC;Sul;Colisão Transversal;1;3;;;;;1
24/10/2012;14:34:00;2728;sem vítima;33,2;BR-116/SC;Sul;Objeto lançado contra veículo;1;2;;;;;1
24/10/2012;09:32:00;2700;sem vítima;202;BR-116/PR;Norte;Saida de Pista;1;1;;;;;1
25/10/2012;19:31:00;2849;com vítima;123,8;BR-116/PR;Sul;Colisão Frontal;1;1;;4;;;2
25/10/2012;03:19:00;2795;sem vítima;131,2;BR-116/PR;Sul;Colisão Transversal;1;2;;;;;1
25/10/2012;16:28:00;2862;sem vítima;229;BR-116/SC;Sul;Colisão Lateral;1;2;;;;;1
26/10/2012;18:46:00;2991;sem vítima;46;BR-116/SC;Sul;Colisão Lateral;1;6;;;;;1
26/10/2012;10:01:00;2940;sem vítima;132,8;BR-116/SC;Norte;Colisão Lateral;1;2;;;;;1
27/10/2012;05:04:00;3038;com vítima;20,5;BR-116/SC;Norte;Colisão Frontal;1;1;4;1;;;2
27/10/2012;13:54:00;3073;sem vítima;119,5;BR-116/PR;Norte;Colisão Traseira;1;6;;;;;1
27/10/2012;13:47:00;3072;sem vítima;199,006;BR-116/SC;Norte;Tombamento;1;1;;;;;1
27/10/2012;01:24:00;3029;sem vítima;204,1;BR-116/PR;Norte;Choque - Cancela de Pedagio;1;1;;;;;1
27/10/2012;03:55:00;3034;sem vítima;248,2;BR-116/SC;Sul;Colisão Traseira;2;2;;;;;1
28/10/2012;00:54:00;3122;sem vítima;8;BR-116/SC;Sul;Choque - Objeto sobre a pista;1;1;;;;;1
28/10/2012;17:17:00;3190;sem vítima;42;BR-116/SC;Norte;Outros - Sequência;1;1;;;;;1
28/10/2012;11:05:00;3156;com vítima;117,4;BR-116/PR;Sul;Colisão Traseira;2;7;1;1;;;2
28/10/2012;03:08:00;3129;com vítima;178,1;BR-116/PR;Sul;Colisão Lateral;1;2;;;1;;2
28/10/2012;17:36:00;3194;sem vítima;203,9;BR-116/SC;Sul;Saida de Pista;1;1;;;;;1
29/10/2012;20:39:00;3349;sem vítima;125;BR-116/PR;Norte;Colisão Lateral;2;2;;;;;1
29/10/2012;15:02:00;3313;sem vítima;160,9;BR-116/SC;Sul;Saida de Pista;1;1;;;;;1
31/10/2012;19:27:00;3618;sem vítima;233,1;BR-116/SC;Norte;Choque - Veiculo parado na pista;1;15;;;;;1
01/11/2012;09:32:00;35;sem vítima;191,2;BR-116/PR;Norte;Colisão Transversal;1;3;;;;;1
01/11/2012;19:47:00;111;sem vítima;199;BR-116/PR;Norte;Objeto lançado contra veículo;1;1;;;;;1
02/11/2012;09:48:00;161;sem vítima;154;BR-116/PR;Sul;Colisão Lateral;1;4;;;;;1
02/11/2012;16:27:00;195;sem vítima;195;BR-116/PR;Norte;Objeto lançado contra veículo;1;1;;;;;1
02/11/2012;06:13:00;141;sem vítima;232,6;BR-116/SC;Sul;Colisão Frontal;1;2;;;;;1
03/11/2012;12:28:00;261;sem vítima;211;BR-116/PR;Sul;Outros;1;5;;;;;1
04/11/2012;16:42:00;379;sem vítima;203;BR-116/PR;Norte;Choque - Cancela de Pedagio;1;1;;;;;1
05/11/2012;21:26:00;536;sem vítima;140,5;BR-116/PR;Sul;Colisão Traseira;1;2;;;;;1
07/11/2012;07:59:00;708;sem vítima;124,5;BR-116/PR;Norte;Colisão Lateral;1;2;;;;;1
07/11/2012;21:45:00;805;com vítima;141,6;BR-116/PR;Sul;Colisão Lateral;2;1;3;;;;1
08/11/2012;21:02:00;905;com vítima;120,9;BR-116/PR;Sul;Colisão Frontal;2;2;;1;;;2
08/11/2012;18:38:00;898;sem vítima;210,6;BR-116/PR;Norte;Colisão Transversal;1;2;;;;;1
08/11/2012;16:28:00;889;sem vítima;233,1;BR-116/SC;Sul;Choque - Defensa, barreira ou "submarino";1;1;;;;;1
08/11/2012;09:04:00;840;sem vítima;244,5;BR-116/SC;Norte;Saida de Pista;1;1;;;;;1
09/11/2012;13:22:00;959;sem vítima;270;BR-116/SC;Norte;Objeto lançado contra veículo;1;2;;;;;1
10/11/2012;07:38:00;1039;sem vítima;127,5;BR-116/PR;Norte;Colisão Lateral;1;2;;;;;1
11/11/2012;22:39:00;1244;sem vítima;84,4;BR-116/SC;Norte;Colisão Lateral;1;2;;;;;1
11/11/2012;00:01:00;1139;sem vítima;150,8;BR-116/PR;Norte;Colisão Lateral;2;3;;;;;1
11/11/2012;08:12:00;1162;com vítima;210,4;BR-116/PR;Sul;Colisão Frontal;1;2;;;;1;3
12/11/2012;19:17:00;1351;com vítima;184,5;BR-116/PR;Norte;Colisão Lateral;1;1;3;;;;1
13/11/2012;07:27:00;1392;sem vítima;124;BR-116/PR;Norte;Colisão Lateral;1;4;;;;;1
14/11/2012;21:02:00;1639;sem vítima;47,5;BR-116/SC;Norte;Choque - Defensa, barreira ou "submarino";1;1;;;;;1
14/11/2012;00:55:00;1508;sem vítima;131,1;BR-116/PR;Norte;Colisão Transversal;1;2;;;;;1
14/11/2012;07:26:00;1536;com vítima;245,6;BR-116/SC;Sul;Colisão Traseira;1;29;4;;;;1
16/11/2012;18:43:00;1824;sem vítima;122,2;BR-116/PR;Sul;Colisão Lateral;1;2;;;;;1
16/11/2012;15:12:00;1806;sem vítima;127,6;BR-116/PR;Norte;Colisão Lateral;1;7;;;;;1
16/11/2012;18:29:00;1822;sem vítima;146,8;BR-116/SC;Norte;Choque - Objeto sobre a pista;1;3;;;;;1
17/11/2012;10:44:00;1878;sem vítima;122;BR-116/PR;Norte;Colisão Transversal;1;2;;;;;1
17/11/2012;06:22:00;1863;sem vítima;150,5;BR-116/PR;Sul;Colisão Transversal;1;2;;;;;1
17/11/2012;16:35:00;1908;com vítima;200,5;BR-116/PR;Sul;Colisão Frontal;1;1;;;1;;2
18/11/2012;12:16:00;1974;sem vítima;110,1;BR-116/SC;Sul;Colisão Lateral;2;7;;;;;1
18/11/2012;11:46:00;1973;sem vítima;245,5;BR-116/SC;Norte;Colisão Transversal;1;6;;;;;1
19/11/2012;09:33:00;2077;sem vítima;134;BR-116/PR;Sul;Colisão Lateral;1;3;;;;;1
20/11/2012;07:05:00;2180;sem vítima;114,9;BR-116/SC;Sul;Colisão Lateral;1;23;;;;;1
20/11/2012;19:31:00;2253;com vítima;242;BR-116/SC;Sul;Atropelamento - Ciclista;1;1;1;;;;1
21/11/2012;18:03:00;2354;com vítima;115,4;BR-116/PR;Norte;Colisão Lateral;1;1;;1;;;2
23/11/2012;03:06:00;2524;sem vítima;73,1;BR-116/SC;Sul;Atropelamento de Animal;1;1;;;;;1
23/11/2012;00:36:00;2517;sem vítima;89,8;BR-116/SC;Sul;Choque - Objeto sobre a pista;1;1;;;;;1
23/11/2012;14:12:00;2590;sem vítima;115,8;BR-116/PR;Sul;Objeto lançado contra veículo;1;1;;;;;1
23/11/2012;07:20:00;2537;sem vítima;119,5;BR-116/PR;Norte;Colisão Lateral;1;2;;;;;1
23/11/2012;07:28:00;2538;sem vítima;129;BR-116/PR;Sul;Objeto lançado contra veículo;1;1;;;;;1
27/11/2012;23:15:00;3086;sem vítima;130;BR-116/PR;Sul;Objeto lançado contra veículo;1;1;;;;;1
27/11/2012;17:50:00;3064;com vítima;149,9;BR-116/SC;Sul;Colisão Lateral;2;1;;;;1;3
27/11/2012;07:13:00;2982;sem vítima;153;BR-116/SC;Sul;Saida de Pista;1;1;;;;;1
28/11/2012;18:42:00;3185;sem vítima;93,4;BR-116/SC;Sul;Colisão Lateral;1;2;;;;;1
28/11/2012;09:31:00;3122;sem vítima;116;BR-116/PR;Sul;Colisão Lateral;1;2;;;;;1
29/11/2012;08:13:00;3231;sem vítima;116,4;BR-116/PR;Norte;Colisão Lateral;1;3;;;;;1
29/11/2012;13:58:00;3282;com vítima;247,8;BR-116/SC;Norte;Colisão Transversal;1;1;;;;1;3
30/11/2012;18:56:00;3444;sem vítima;145;BR-116/SC;Sul;Choque - Objeto sobre a pista;1;7;;;;;1
30/11/2012;10:21:00;3384;sem vítima;210;BR-116/SC;Sul;Saida de Pista;1;1;;;;;1
02/12/2012;15:47:00;204;sem vítima;7;BR-116/SC;Norte;Colisão Traseira;2;2;;;;;1
02/12/2012;10:33:00;178;sem vítima;117;BR-116/PR;Sul;Colisão Lateral;1;2;;;;;1
02/12/2012;20:26:00;235;sem vítima;170;BR-116/PR;Sul;Objeto lançado contra veículo;1;1;;;;;1
03/12/2012;13:54:00;318;sem vítima;116;BR-116/PR;Norte;Colisão Traseira;1;2;;;;;1
03/12/2012;14:38:00;321;sem vítima;200,3;BR-116/SC;Sul;Tombamento;1;1;;;;;1
05/12/2012;11:55:00;595;sem vítima;126,5;BR-116/PR;Norte;Choque - Veiculo parado na pista;1;4;;;;;1
05/12/2012;15:50:00;627;sem vítima;246;BR-116/SC;Norte;Saida de Pista;1;1;;;;;1
06/12/2012;13:41:00;752;sem vítima;0,5;BR-116/SC;Sul;Colisão Frontal;2;3;;;;;1
06/12/2012;16:33:00;782;sem vítima;87,7;BR-116/SC;Sul;Colisão Transversal;1;1;;;;;1
06/12/2012;21:50:00;818;com vítima;118,2;BR-116/PR;Sul;Colisão Lateral;1;1;;1;;;2
06/12/2012;19:32:00;804;com vítima;139,5;BR-116/PR;Norte;Colisão Transversal;1;1;1;;;;1
07/12/2012;14:43:00;879;com vítima;247,8;BR-116/SC;Sul;Colisão Lateral;1;1;1;;;;1
08/12/2012;21:23:00;1060;sem vítima;105,3;BR-116/SC;Norte;Saida de Pista;1;1;;;;;1
08/12/2012;15:12:00;1022;com vítima;199,5;BR-116/PR;Sul;Colisão Lateral;1;1;1;;;;1
08/12/2012;11:17:00;994;sem vítima;245,6;BR-116/SC;Norte;Colisão Transversal;1;2;;;;;1
09/12/2012;11:42:00;1120;sem vítima;203,9;BR-116/PR;Norte;Engavetamento;2;9;;;;;1
09/12/2012;22:15:00;1192;sem vítima;287,9;BR-116/SC;Sul;Colisão Lateral;2;2;;;;;1
10/12/2012;06:38:00;1206;sem vítima;115,9;BR-116/PR;Norte;Colisão Lateral;1;2;;;;;1
11/12/2012;21:31:00;1461;sem vítima;84,05;BR-116/SC;Sul;Colisão Lateral;1;2;;;;;1
11/12/2012;06:28:00;1339;sem vítima;139;BR-116/PR;Norte;Choque - Objeto sobre a pista;1;1;;;;;1
11/12/2012;23:53:00;1468;com vítima;140,15;BR-116/PR;Norte;Colisão Frontal;1;2;;;;1;3
15/12/2012;21:12:00;1939;com vítima;10;BR-116/SC;Norte;Colisão Lateral;1;1;1;;;;1
15/12/2012;10:09:00;1851;sem vítima;49,5;BR-116/SC;Norte;Saida de Pista;1;1;;;;;1
15/12/2012;18:58:00;1917;sem vítima;122,4;BR-116/PR;Sul;Colisão Lateral;1;2;;;;;1
15/12/2012;06:52:00;1828;com vítima;122,9;BR-116/PR;Norte;Colisão Traseira;1;1;1;;;;1
15/12/2012;16:44:00;1892;sem vítima;152;BR-116/PR;Sul;Colisão Transversal;1;2;;;;;1
15/12/2012;09:54:00;1849;sem vítima;152;BR-116/SC;Norte;Objeto lançado contra veículo;1;1;;;;;1
16/12/2012;22:27:00;2092;com vítima;192,1;BR-116/SC;Norte;Colisão Traseira;1;2;2;;;;1
17/12/2012;09:36:00;2139;sem vítima;117,3;BR-116/PR;Norte;Colisão Lateral;1;2;;;;;1
17/12/2012;14:59:00;2180;sem vítima;122,4;BR-116/PR;Sul;Colisão Transversal;1;2;;;;;1
17/12/2012;20:07:00;2213;sem vítima;127,6;BR-116/PR;Norte;Saida de Pista;1;1;;;;;1
17/12/2012;18:17:00;2202;sem vítima;134,4;BR-116/PR;Norte;Colisão Traseira;2;2;;;;;1
18/12/2012;17:00:00;2322;sem vítima;146,3;BR-116/PR;Norte;Colisão Lateral;1;2;;;;;1
18/12/2012;10:50:00;2268;sem vítima;207;BR-116/SC;Sul;Colisão Traseira;1;7;;;;;1
19/12/2012;14:46:00;2425;sem vítima;97;BR-116/SC;Norte;Colisão Lateral;3;3;;;;;1
19/12/2012;13:24:00;2415;com vítima;205;BR-116/SC;Sul;Choque - Talude;1;0;1;;;;1
19/12/2012;18:26:00;2458;com vítima;307,3;BR-116/SC;Sul;Colisão Frontal;2;0;3;;;;1
20/12/2012;09:45:00;2521;sem vítima;81;BR-116/SC;Sul;Choque - Cancela de Pedagio;1;1;;;;;1
20/12/2012;20:19:00;2597;com vítima;152,36;BR-116/PR;Sul;Colisão Transversal;1;1;;;1;1;3
20/12/2012;14:52:00;2552;com vítima;210,8;BR-116/PR;Norte;Colisão Transversal;1;2;1;;;;1
21/12/2012;01:31:00;2623;sem vítima;124;BR-116/SC;Sul;Saida de Pista;1;2;;;;;1
21/12/2012;10:24:00;2664;sem vítima;134;BR-116/PR;Sul;Choque - Veiculo parado na pista;1;2;;;;;1
21/12/2012;20:38:00;2738;sem vítima;134,4;BR-116/PR;Norte;Colisão Traseira;1;2;;;;;1
21/12/2012;06:10:00;2635;sem vítima;204;BR-116/PR;Norte;Colisão Traseira;2;3;;;;;1
21/12/2012;16:52:00;2709;sem vítima;255;BR-116/SC;Norte;Colisão Traseira;1;3;;;;;1
22/12/2012;04:58:00;2775;sem vítima;58;BR-116/SC;Norte;Colisão Lateral;1;3;;;;;1
22/12/2012;04:33:00;2774;sem vítima;115,9;BR-116/PR;Norte;Colisão Traseira;1;2;;;;;1
22/12/2012;21:49:00;2879;sem vítima;117,7;BR-116/PR;Sul;Colisão Lateral;1;2;;;;;1
22/12/2012;17:16:00;2850;sem vítima;122,4;BR-116/PR;Sul;Colisão Lateral;1;2;;;;;1
22/12/2012;15:47:00;2839;com vítima;129,3;BR-116/SC;Norte;Colisão Transversal;1;6;;1;;;2
23/12/2012;19:51:00;2981;sem vítima;54;BR-116/SC;Sul;Colisão Transversal;1;2;;;;;1
24/12/2012;12:19:00;3038;sem vítima;119,4;BR-116/PR;Norte;Colisão Transversal;1;2;;;;;1
26/12/2012;22:52:00;3352;sem vítima;10,5;BR-116/SC;Norte;Saida de Pista;1;2;;;;;1
26/12/2012;07:46:00;3212;sem vítima;124;BR-116/PR;Norte;Colisão Lateral;1;2;;;;;1
26/12/2012;20:46:00;3345;sem vítima;148,25;BR-116/PR;Norte;Colisão Lateral;2;3;;;;;1
26/12/2012;22:16:00;3350;com vítima;164,2;BR-116/PR;Norte;Colisão Frontal;1;1;;1;;;2
27/12/2012;13:03:00;3421;sem vítima;121;BR-116/PR;Sul;Colisão Transversal;1;2;;;;;1
27/12/2012;06:04:00;3370;sem vítima;210,5;BR-116/PR;Norte;Objeto lançado contra veículo;1;1;;;;;1
28/12/2012;12:17:00;3534;com vítima;81;BR-116/SC;Norte;Colisão Traseira;2;1;1;;;;1
28/12/2012;16:19:00;3564;sem vítima;106,2;BR-116/SC;Norte;Saida de Pista;1;1;;;;;1
28/12/2012;09:55:00;3522;sem vítima;128,2;BR-116/PR;Sul;Colisão Lateral;1;4;;;;;1
28/12/2012;03:39:00;3491;sem vítima;193,3;BR-116/PR;Sul;Saida de Pista;1;1;;;;;1
29/12/2012;13:00:00;3646;com vítima;131,5;BR-116/PR;Sul;Colisão Transversal;1;1;2;;;;1
30/12/2012;09:04:00;3727;com vítima;18;BR-116/SC;Sul;Colisão Lateral;2;1;1;;;;1
02/01/2013;15:45:00;214;com vítima;126,3;BR-116/PR;Norte;Atropelamento - Usuário;1;2;;;1;;2
02/01/2013;16:18:00;220;sem vítima;220;BR-116/SC;Norte;Colisão Traseira;1;3;;;;;1
03/01/2013;22:09:00;372;sem vítima;207;BR-116/PR;Sul;Choque - Objeto sobre a pista;1;1;;;;;1
04/01/2013;13:04:00;442;sem vítima;129,8;BR-116/PR;Norte;Colisão Transversal;1;2;;;;;1
04/01/2013;12:32:00;441;sem vítima;130;BR-116/PR;Sul;;1;2;;;;;1
04/01/2013;03:25:00;519;sem vítima;211,1;BR-116/SC;Norte;Saida de Pista;1;1;;;;;1
05/01/2013;19:20:00;542;sem vítima;105;BR-116/SC;Norte;;1;1;;;;;1
05/01/2013;06:44:00;526;sem vítima;105,2;BR-116/SC;Norte;Saida de Pista;1;1;;;;;1
05/01/2013;10:58:00;551;sem vítima;121,15;BR-116/PR;Sul;Colisão Traseira;2;2;;;;;1
05/01/2013;11:03:00;552;com vítima;154,5;BR-116/SC;Sul;Colisão Traseira;1;2;1;;;;1
05/01/2013;03:25:00;519;sem vítima;211;BR-116/SC;Sul;Saida de Pista;1;1;;;;;1
07/01/2013;18:29:00;769;sem vítima;108;BR-116/SC;Sul;;1;1;;;;;1
07/01/2013;16:30:00;760;sem vítima;128,2;BR-116/PR;Sul;Colisão Traseira;1;2;;;;;1
08/01/2013;14:12:00;838;sem vítima;134,3;BR-116/PR;Sul;Choque - Objeto sobre a pista;1;1;;;;;1
08/01/2013;16:30:00;863;com vítima;152,46;BR-116/PR;Sul;Colisão Transversal;1;1;;;;1;3
10/01/2013;16:34:00;1136;com vítima;118,1;BR-116/PR;Norte;Colisão Transversal;1;1;3;;;;1
10/01/2013;17:25:00;1144;sem vítima;122,1;BR-116/SC;Norte;Colisão Traseira;2;4;;;;;1
12/01/2013;13:22:00;1361;sem vítima;13,9;BR-116/SC;Sul;Colisão Traseira;2;2;;;;;1
12/01/2013;23:49:00;1429;com vítima;118,2;BR-116/PR;Norte;Colisão Lateral;1;1;;1;;;2
13/01/2013;23:14:00;1555;com vítima;118,98;BR-116/PR;Norte;Colisão Frontal;1;1;;;;1;3
13/01/2013;14:23:00;1484;sem vítima;145;BR-116/PR;Sul;Choque - Objeto sobre a pista;1;7;;;;;1
14/01/2013;09:22:00;1588;sem vítima;121,8;BR-116/PR;Norte;;1;2;;;;;1
14/01/2013;17:55:00;1659;sem vítima;194;BR-116/PR;Sul;Choque - Objeto sobre a pista;1;1;;;;;1
15/01/2013;06:46:00;1705;sem vítima;117,1;BR-116/SC;Sul;Choque - Talude;1;1;;;;;1
16/01/2013;19:20:00;1917;sem vítima;109,8;BR-116/SC;Sul;Colisão Traseira;1;2;;;;;1
16/01/2013;15:11:00;1875;sem vítima;123;BR-116/PR;Norte;Choque - Veiculo parado na pista;1;2;;;;;1
17/01/2013;18:34:00;2058;sem vítima;81;BR-116/SC;Norte;Colisão Lateral;1;3;;;;;1
17/01/2013;14:52:00;2025;sem vítima;142,2;BR-116/PR;Sul;Colisão Lateral;1;3;;;;;1
18/01/2013;13:19:00;2152;sem vítima;13,5;BR-116/SC;Sul;Objeto lançado contra veículo;1;1;;;;;1
19/01/2013;18:32:00;2320;sem vítima;33,8;BR-116/SC;Sul;Colisão Traseira;1;2;;;;;1
19/01/2013;17:40:00;2309;sem vítima;81,6;BR-116/SC;Sul;Colisão Lateral;2;2;;;;;1
19/01/2013;14:38:00;2287;sem vítima;99;BR-116/SC;Sul;Objeto lançado contra veículo;1;1;;;;;1
19/01/2013;00:13:00;2228;sem vítima;153,4;BR-116/PR;Norte;Colisão Transversal;1;2;;;;;1
19/01/2013;03:02:00;2236;sem vítima;276,9;BR-116/SC;Norte;Choque - Poste;1;1;;;;;1
22/01/2013;18:55:00;2671;sem vítima;127,5;BR-116/PR;Norte;Choque - Veiculo parado na pista;1;3;;;;;1
22/01/2013;18:25:00;2667;sem vítima;134,6;BR-116/PR;Norte;Choque - Suporte de Sinalização;1;1;;;;;1
23/01/2013;18:40:00;2783;sem vítima;64,3;BR-116/SC;Sul;;1;21;;;;;1
23/01/2013;19:30:00;2790;sem vítima;120;BR-116/PR;Sul;Colisão Traseira;1;2;;;;;1
23/01/2013;12:10:00;2742;sem vítima;134,5;BR-116/PR;Sul;Choque - Suporte de Sinalização;1;1;;;;;1
24/01/2013;08:22:00;2842;com vítima;47,7;BR-116/SC;Sul;Colisão Lateral;1;2;2;;;;1
24/01/2013;04:10:00;2958;sem vítima;123,4;BR-116/PR;Norte;;1;1;;;;;1
24/01/2013;19:31:00;2849;com vítima;124;BR-116/PR;Sul;Colisão Lateral;1;1;;1;;;2
25/01/2013;15:02:00;3028;sem vítima;1,2;BR-116/SC;Sul;Choque - Defensa, barreira ou "submarino";1;1;;;;;1
25/01/2013;04:10:00;2958;sem vítima;123,4;BR-116/PR;Norte;Colisão Frontal;1;3;;;;;1
25/01/2013;07:10:00;2965;sem vítima;125,1;BR-116/PR;Norte;Colisão Lateral;1;2;;;;;1
25/01/2013;21:35:00;3060;sem vítima;129;BR-116/SC;Norte;Colisão Transversal;1;2;;;;;1
25/01/2013;09:22:00;2984;sem vítima;134,6;BR-116/PR;Norte;Choque - Cancela de Pedagio;1;1;;;;;1
26/01/2013;15:28:00;3155;sem vítima;155,3;BR-116/PR;Norte;Tombamento;1;1;;;;;1
27/01/2013;21:32:00;3292;com vítima;173;BR-116/SC;Sul;;1;1;1;;;;1
27/01/2013;21:13:00;3290;sem vítima;205;BR-116/SC;Sul;Choque - Objeto sobre a pista;1;1;;;;;1
30/01/2013;18:32:00;3673;sem vítima;152,2;BR-116/PR;Sul;Colisão Lateral;1;2;;;;;1
31/01/2013;23:36:00;3774;sem vítima;125,6;BR-116/PR;Sul;Colisão Traseira;1;2;;;;;1
02/02/2013;14:11:00;221;sem vítima;4,5;BR-116/SC;Norte;Tombamento;1;1;;;;;1
02/02/2013;14:22:00;223;sem vítima;147,5;BR-116/SC;Sul;Outros;1;1;;;;;1
02/02/2013;20:52:00;262;sem vítima;191;BR-116/PR;Norte;Colisão Transversal;1;3;;;;;1
02/02/2013;13:28:00;215;sem vítima;245;BR-116/SC;Sul;;1;2;;;;;1
03/02/2013;07:56:00;305;sem vítima;44;BR-116/SC;Sul;Colisão Lateral;1;2;;;;;1
03/02/2013;13:12:00;329;sem vítima;170,7;BR-116/PR;Sul;Tombamento;1;1;;;;;1
03/02/2013;13:42:00;330;sem vítima;245,6;BR-116/SC;Sul;Colisão Traseira;1;6;;;;;1
04/02/2013;17:11:00;473;sem vítima;205,75;BR-116/PR;Norte;Outros;1;1;;;;;1
05/02/2013;14:19:00;554;sem vítima;132,8;BR-116/PR;Sul;Objeto lançado contra veículo;1;3;;;;;1
06/02/2013;10:43:00;663;sem vítima;117,8;BR-116/PR;Norte;Colisão Lateral;1;2;;;;;1