data;horario;n_da_ocorrencia;tipo_de_ocorrencia;km;trecho;sentido;tipo_de_acidente;caminhao;ilesos;levemente_feridos;moderadamente_feridos;gravemente_feridos;mortos;3
06/02/2013;16:49:00;697;com vítima;119,4;BR-116/PR;Sul;Colisão Transversal;1;2;1;;;;1
06/02/2013;16:05:00;693;sem vítima;120;BR-116/PR;Sul;Choque - Veiculo parado na pista;1;3;;;;;1
06/02/2013;05:25:00;641;com vítima;159,7;BR-116/SC;Sul;Saida de Pista;1;1;2;;;;1
06/02/2013;13:50:00;677;com vítima;170,9;BR-116/SC;Sul;Saida de Pista;1;0;1;;;;1
06/02/2013;11:39:00;668;sem vítima;238,9;BR-116/SC;Sul;Colisão Frontal;1;2;;;;;1
07/02/2013;22:15:00;819;sem vítima;140,2;BR-116/PR;Sul;Atropelamento de Animal;1;1;;;;;1
07/02/2013;21:38:00;814;com vítima;149,95;BR-116/PR;Norte;Colisão Transversal;1;2;2;;;;1
07/02/2013;15:26:00;783;sem vítima;191,2;BR-116/SC;Sul;Colisão Traseira;1;2;;;;;1
07/02/2013;21:53:00;815;com vítima;202,5;BR-116/PR;Norte;Colisão Lateral;1;3;2;1;;;2
07/02/2013;03:13:00;737;sem vítima;296,3;BR-116/SC;Sul;Colisão Lateral;3;5;;;;;1
08/02/2013;05:27:00;833;sem vítima;12,3;BR-116/SC;Norte;Tombamento;1;1;;;;;1
10/02/2013;07:44:00;1046;sem vítima;120,95;BR-116/SC;Sul;Colisão Traseira;1;6;;;;;1
11/02/2013;12:11:00;1166;com vítima;12,25;BR-116/SC;Sul;Colisão Lateral;1;2;2;;;;1
11/02/2013;08:55:00;1147;com vítima;108,45;BR-116/SC;Sul;Saida de Pista;1;3;1;;;;1
11/02/2013;14:18:00;1174;sem vítima;166;BR-116/PR;Norte;Objeto lançado contra veículo;1;1;;;;;1
11/02/2013;13:45:00;1168;sem vítima;304;BR-116/SC;Norte;Colisão Lateral;1;2;;;;;1
12/02/2013;15:36:00;1276;sem vítima;59,8;BR-116/SC;Norte;Colisão Traseira;1;5;;;;;1
12/02/2013;17:03:00;1284;sem vítima;86;BR-116/SC;Norte;Colisão Traseira;1;5;;;;;1
13/02/2013;09:12:00;1352;sem vítima;142,4;BR-116/PR;Norte;Colisão Traseira;2;3;;;;;1
14/02/2013;18:03:00;1531;sem vítima;247,8;BR-116/SC;Sul;Colisão Transversal;1;3;;;;;1
15/02/2013;19:11:00;1634;sem vítima;117,1;BR-116/PR;Norte;Colisão Traseira;1;2;;;;;1
15/02/2013;05:42:00;1566;sem vítima;127,6;BR-116/PR;Norte;Outros;2;2;;;;;1
15/02/2013;17:26:00;1622;com vítima;179,5;BR-116/PR;Norte;Tombamento;1;2;1;;;;1
16/02/2013;21:15:00;1757;sem vítima;150;BR-116/PR;Norte;Choque - Outros;1;1;;;;;1
16/02/2013;09:25:00;1679;sem vítima;233;BR-116/SC;Norte;Choque - Cancela de Pedagio;1;1;;;;;1
17/02/2013;17:50:00;1853;sem vítima;4,5;BR-116/SC;Norte;Colisão Traseira;1;2;;;;;1
17/02/2013;07:48:00;1789;com vítima;119;BR-116/SC;Norte;Colisão Traseira;1;1;6;;;;1
17/02/2013;18:56:00;1859;sem vítima;134,65;BR-116/PR;Norte;Choque - Veiculo parado na pista;1;2;;;;;1
17/02/2013;10:07:00;1799;sem vítima;209,4;BR-116/SC;Sul;Tombamento;1;1;;;;;1
18/02/2013;01:50:00;1895;sem vítima;134,2;BR-116/PR;Norte;Atropelamento de Animal;1;1;;;;;1
19/02/2013;16:39:00;2116;com vítima;233,9;BR-116/SC;Norte;Capotamento;1;0;1;;;;1
20/02/2013;12:08:00;2202;sem vítima;118,3;BR-116/PR;Norte;Colisão Transversal;2;3;;;;;1
20/02/2013;16:01:00;2237;sem vítima;126,15;BR-116/PR;Norte;Colisão Traseira;2;2;;;;;1
20/02/2013;21:44:00;2266;sem vítima;126,2;BR-116/PR;Norte;Colisão Traseira;1;3;;;;;1
20/02/2013;18:58:00;2258;sem vítima;210,8;BR-116/PR;Norte;Colisão Transversal;1;2;;;;;1
20/02/2013;22:00:00;2270;com vítima;219,4;BR-116/SC;Norte;Atropelamento - Usuário;1;1;;;;1;3
21/02/2013;17:19:00;2361;sem vítima;47,9;BR-116/SC;Norte;Choque - Veiculo parado na pista;1;3;;;;;1
21/02/2013;10:30:00;2323;sem vítima;116,3;BR-116/PR;Norte;;1;2;;;;;1
21/02/2013;10:20:00;2320;sem vítima;117;BR-116/PR;Sul;Colisão Traseira;1;2;;;;;1
21/02/2013;11:07:00;2324;com vítima;122,18;BR-116/PR;Norte;Colisão Traseira;1;1;;;;1;3
21/02/2013;06:26:00;2291;sem vítima;124,8;BR-116/PR;Norte;Colisão Lateral;1;2;;;;;1
21/02/2013;06:44:00;2293;sem vítima;125,1;BR-116/PR;Norte;Colisão Lateral;1;4;;;;;1
21/02/2013;19:18:00;2372;com vítima;208;BR-116/SC;Norte;Colisão Lateral;1;1;1;;;;1
22/02/2013;19:02:00;2500;com vítima;95,4;BR-116/SC;Norte;Saida de Pista;1;2;2;;;;1
22/02/2013;07:40:00;2413;sem vítima;117,5;BR-116/PR;Norte;Choque - Veiculo parado na pista;1;2;;;;;1
22/02/2013;15:01:00;2472;sem vítima;197,2;BR-116/PR;Sul;Saida de Pista;1;1;;;;;1
22/02/2013;12:20:00;2458;sem vítima;203,6;BR-116/PR;Sul;Choque - Cancela de Pedagio;1;1;;;;;1
23/02/2013;14:23:00;2564;sem vítima;125;BR-116/PR;Norte;Colisão Traseira;1;2;;;;;1
23/02/2013;07:00:00;2535;com vítima;291;BR-116/SC;Sul;Saida de Pista;1;0;3;;3;;2
24/02/2013;03:23:00;2630;sem vítima;140,9;BR-116/PR;Norte;Saida de Pista;1;1;;;;;1
24/02/2013;16:25:00;2679;com vítima;152,7;BR-116/PR;Norte;Colisão Traseira;1;2;1;;;;1
24/02/2013;00:16:00;2622;com vítima;167,2;BR-116/SC;Sul;Atropelamento - Usuário;1;1;;;;1;3
25/02/2013;14:46:00;2784;sem vítima;46,8;BR-116/SC;Sul;Colisão Traseira;2;22;;;;;1
25/02/2013;09:04:00;2745;sem vítima;197,3;BR-116/PR;Norte;Saida de Pista;1;1;;;;;1
25/02/2013;21:12:00;2820;sem vítima;304;BR-116/SC;Sul;Colisão Traseira;1;2;;;;;1
26/02/2013;10:02:00;2874;com vítima;23,6;BR-116/SC;Norte;Colisão Transversal;1;1;1;;;;1
26/02/2013;12:38:00;2884;sem vítima;189;BR-116/PR;Norte;Objeto lançado contra veículo;1;1;;;;;1
26/02/2013;23:55:00;2955;sem vítima;234,9;BR-116/SC;Norte;Tombamento;1;1;;;;;1
26/02/2013;19:42:00;2936;sem vítima;309,5;BR-116/SC;Norte;Saida de Pista;1;1;;;;;1
27/02/2013;09:48:00;2994;com vítima;1,2;BR-116/SC;Sul;Colisão Transversal;1;1;;;;1;3
27/02/2013;11:51:00;3010;sem vítima;192;BR-116/PR;Sul;Objeto lançado contra veículo;1;1;;;;;1
27/02/2013;12:11:00;3012;sem vítima;251;BR-116/SC;Norte;Choque - Veiculo parado na pista;1;4;;;;;1
01/03/2013;20:31:00;114;sem vítima;271,3;BR-116/SC;Sul;Atropelamento de Animal;1;1;;;;;1
02/03/2013;11:21:00;169;com vítima;111;BR-116/SC;Sul;Colisão Transversal;1;4;2;;;;1
02/03/2013;07:01:00;144;sem vítima;202,8;BR-116/SC;Norte;Colisão Traseira;1;2;;;;;1
02/03/2013;21:20:00;230;sem vítima;251,3;BR-116/SC;Norte;Colisão Traseira;1;2;;;;;1
03/03/2013;19:40:00;313;sem vítima;65;BR-116/SC;Norte;Colisão Lateral;1;5;;;;;1
04/03/2013;05:03:00;355;sem vítima;88;BR-116/SC;Sul;Atropelamento de Animal;1;1;;;;;1
05/03/2013;01:52:00;471;sem vítima;183;BR-116/PR;Norte;Choque - Objeto sobre a pista;1;2;;;;;1
05/03/2013;17:38:00;542;sem vítima;187,5;BR-116/SC;Sul;Saida de Pista;1;1;;;;;1
09/03/2013;07:43:00;989;com vítima;30,5;BR-116/SC;Sul;Colisão Frontal;1;1;;;;1;3
09/03/2013;12:52:00;1014;sem vítima;211;BR-116/PR;Sul;Choque - Veiculo parado na pista;2;2;;;;;1
09/03/2013;10:15:00;1000;sem vítima;261;BR-116/SC;Norte;Choque - Talude;1;2;;;;;1
10/03/2013;22:06:00;1185;sem vítima;122,4;BR-116/PR;Sul;Colisão Lateral;1;2;;;;;1
12/03/2013;23:22:00;1427;sem vítima;8,7;BR-116/SC;Sul;Saida de Pista;1;1;;;;;1
12/03/2013;09:18:00;1354;sem vítima;184;BR-116/SC;Norte;Colisão Traseira;1;5;;;;;1
12/03/2013;12:21:00;1373;sem vítima;253;BR-116/SC;Norte;Colisão Lateral;1;2;;;;;1
13/03/2013;09:23:00;1456;sem vítima;26;BR-116/SC;Sul;Choque - Objeto sobre a pista;1;1;;;;;1
13/03/2013;04:24:00;1439;sem vítima;119,6;BR-116/PR;Sul;Choque - Veiculo parado na pista;2;2;;;;;1
13/03/2013;03:43:00;1437;com vítima;119,7;BR-116/PR;Norte;Tombamento;1;0;1;;;;1
13/03/2013;16:47:00;1492;sem vítima;199,1;BR-116/SC;Sul;Saida de Pista;1;1;;;;;1
13/03/2013;01:17:00;1432;sem vítima;202,9;BR-116/PR;Sul;Tombamento;1;1;;;;;1
13/03/2013;00:47:00;1431;sem vítima;205;BR-116/PR;Sul;Colisão Transversal;1;2;;;;;1
13/03/2013;15:12:00;1483;sem vítima;221,1;BR-116/SC;Sul;Colisão Lateral;2;2;;;;;1
15/03/2013;09:24:00;1680;sem vítima;118,4;BR-116/PR;Sul;Tombamento;1;1;;;;;1
15/03/2013;08:55:00;1675;sem vítima;119,4;BR-116/PR;Norte;Colisão Lateral;1;2;;;;;1
16/03/2013;21:36:00;1856;sem vítima;4,5;BR-116/SC;Sul;Colisão Transversal;1;2;;;;;1
16/03/2013;20:19:00;1852;sem vítima;118,6;BR-116/PR;Norte;Tombamento;1;1;;;;;1
16/03/2013;18:07:00;1841;sem vítima;121,1;BR-116/PR;Norte;Engavetamento;1;9;;;;;1
16/03/2013;18:24:00;1843;sem vítima;124;BR-116/PR;Norte;Colisão Traseira;1;2;;;;;1
16/03/2013;11:50:00;1808;sem vítima;193;BR-116/SC;Sul;Saida de Pista;1;1;;;;;1
17/03/2013;10:45:00;1907;sem vítima;40;BR-116/SC;Sul;Colisão Lateral;1;2;;;;;1
17/03/2013;17:00:00;1926;sem vítima;119,4;BR-116/PR;Sul;Engavetamento;2;5;;;;;1
18/03/2013;06:57:00;1976;sem vítima;120,6;BR-116/PR;Sul;Colisão Traseira;1;2;;;;;1
18/03/2013;20:42:00;2072;com vítima;211;BR-116/PR;Sul;Colisão Traseira;1;1;2;;;;1
19/03/2013;16:58:00;2146;sem vítima;195,4;BR-116/SC;Norte;Colisão Traseira;1;3;;;;;1
21/03/2013;05:59:00;2321;com vítima;108;BR-116/SC;Norte;Objeto lançado contra veículo;1;0;1;;;;1
21/03/2013;05:59:00;2305;sem vítima;108,6;BR-116/SC;Sul;Objeto lançado contra veículo;1;1;;;;;1
21/03/2013;02:03:00;2298;sem vítima;174;BR-116/SC;Sul;Saida de Pista;1;1;;;;;1
23/03/2013;17:32:00;2588;sem vítima;86,1;BR-116/SC;Sul;Colisão Transversal;1;2;;;;;1
23/03/2013;16:24:00;2577;sem vítima;135,9;BR-116/SC;Norte;Colisão Traseira;2;2;;;;;1
23/03/2013;19:58:00;2602;com vítima;231,4;BR-116/SC;Sul;Colisão Traseira;1;1;1;;;;1
24/03/2013;14:28:00;2652;sem vítima;117,5;BR-116/PR;Sul;Choque - Veiculo parado na pista;1;9;;;;;1
26/03/2013;10:20:00;2842;sem vítima;178,5;BR-116/SC;Sul;Objeto lançado contra veículo;1;1;;;;;1
26/03/2013;10:08:00;2840;com vítima;207,6;BR-116/PR;Sul;Colisão Frontal;1;1;;1;;;2
26/03/2013;01:14:00;2808;sem vítima;233,9;BR-116/SC;Norte;Saida de Pista;1;2;;;;;1
27/03/2013;07:33:00;2926;sem vítima;81,6;BR-116/SC;Sul;Choque - Cancela de Pedagio;1;1;;;;;1
27/03/2013;17:39:00;2995;sem vítima;117,4;BR-116/PR;Sul;Colisão Lateral;1;2;;;;;1
27/03/2013;07:50:00;2930;sem vítima;134;BR-116/PR;Norte;Choque - Defensa, barreira ou "submarino";1;1;;;;;1
28/03/2013;10:57:00;3056;sem vítima;119;BR-116/PR;Sul;Colisão Traseira;1;2;;;;;1
29/03/2013;08:42:00;3177;sem vítima;203;BR-116/PR;Sul;Choque - Cancela de Pedagio;1;1;;;;;1
30/03/2013;20:42:00;3331;sem vítima;44;BR-116/SC;Sul;Colisão Traseira;1;4;;;;;1
01/04/2013;10:15:00;36;com vítima;11,6;BR-116/SC;Norte;Colisão Traseira;1;2;1;;;;1
01/04/2013;08:02:00;22;sem vítima;12;BR-116/SC;Sul;Colisão Lateral;1;2;;;;;1
01/04/2013;10:43:00;39;com vítima;119,4;BR-116/PR;Sul;Colisão Transversal;1;1;1;;;;1
02/04/2013;22:35:00;228;sem vítima;126,3;BR-116/PR;Sul;Colisão Lateral;1;2;;;;;1
02/04/2013;16:59:00;205;sem vítima;134;BR-116/PR;Norte;Colisão Traseira;1;2;;;;;1
04/04/2013;09:01:00;342;sem vítima;13;BR-116/SC;Sul;Objeto lançado contra veículo;1;1;;;;;1
04/04/2013;19:03:00;403;com vítima;159,6;BR-116/PR;Norte;Colisão Traseira;1;1;;;;1;3
04/04/2013;11:15:00;360;com vítima;180,9;BR-116/SC;Sul;Saida de Pista;1;0;1;;;;1
05/04/2013;05:28:00;436;sem vítima;12;BR-116/SC;Norte;Tombamento;1;1;;;;;1
05/04/2013;23:48:00;533;sem vítima;128,7;BR-116/PR;Sul;Colisão Traseira;1;2;;;;;1
06/04/2013;19:24:00;597;com vítima;50,4;BR-116/SC;Sul;Colisão Transversal;1;1;6;1;1;;2
06/04/2013;19:29:00;598;sem vítima;163,2;BR-116/PR;Sul;Saida de Pista;1;1;;;;;1
06/04/2013;21:38:00;608;sem vítima;211,1;BR-116/SC;Norte;Capotamento;1;1;;;;;1
07/04/2013;16:01:00;669;com vítima;52;BR-116/SC;Norte;Colisão Transversal;1;8;;1;;;2
07/04/2013;21:07:00;698;sem vítima;168,1;BR-116/PR;Sul;Colisão Lateral;1;2;;;;;1
07/04/2013;19:42:00;693;com vítima;241,9;BR-116/SC;Sul;Colisão Traseira;1;4;;1;;1;3
08/04/2013;11:07:00;745;sem vítima;48,6;BR-116/SC;Sul;Objeto lançado contra veículo;1;1;;;;;1
09/04/2013;01:10:00;827;com vítima;86,8;BR-116/SC;Sul;Colisão Frontal;1;1;;1;2;2;3
09/04/2013;13:06:00;877;sem vítima;142;BR-116/SC;Norte;Saida de Pista;1;1;;;;;1
09/04/2013;03:34:00;828;com vítima;305,4;BR-116/SC;Sul;Tombamento;1;0;1;;;;1
10/04/2013;10:52:00;972;sem vítima;132;BR-116/PR;Sul;Colisão Traseira;1;2;;;;;1
10/04/2013;18:52:00;1025;sem vítima;140,3;BR-116/PR;Sul;Colisão Lateral;1;2;;;;;1
11/04/2013;19:03:00;1141;com vítima;132,5;BR-116/PR;Norte;Colisão Transversal;1;1;1;;;;1
11/04/2013;02:38:00;1043;sem vítima;133,7;BR-116/PR;Norte;Tombamento;1;1;;;;;1
11/04/2013;23:58:00;1158;com vítima;148,15;BR-116/PR;Sul;Colisão Frontal;2;0;;;;2;3
12/04/2013;15:11:00;1221;sem vítima;4,5;BR-116/SC;Sul;Colisão Traseira;1;2;;;;;1
12/04/2013;12:15:00;1209;sem vítima;115;BR-116/PR;Sul;Capotamento;1;2;;;;;1
12/04/2013;18:08:00;1247;sem vítima;118,4;BR-116/PR;Norte;Colisão Transversal;1;5;;;;;1
12/04/2013;17:09:00;1234;sem vítima;209;BR-116/PR;Sul;Colisão Traseira;2;2;;;;;1
12/04/2013;15:24:00;1223;com vítima;210,9;BR-116/PR;Sul;Colisão Traseira;1;2;1;;;;1
13/04/2013;16:17:00;1320;sem vítima;162,6;BR-116/SC;Norte;Colisão Lateral;1;5;;;;;1
13/04/2013;00:46:00;1277;sem vítima;188;BR-116/SC;Sul;Choque - Objeto sobre a pista;1;1;;;;;1
13/04/2013;17:49:00;1329;sem vítima;211,1;BR-116/PR;Sul;Colisão Lateral;1;2;;;;;1
14/04/2013;20:29:00;1405;com vítima;66;BR-116/SC;Norte;Atropelamento - Andarilho;1;1;;1;;;2
16/04/2013;10:59:00;1581;sem vítima;184,3;BR-116/SC;Sul;Colisão Transversal;3;6;;;;;1
17/04/2013;16:12:00;1716;com vítima;39,4;BR-116/SC;Norte;Colisão Lateral;2;1;1;;;;1
17/04/2013;14:47:00;1706;com vítima;115;BR-116/PR;Norte;Colisão Lateral;1;1;1;;;;1
17/04/2013;15:15:00;1711;sem vítima;204;BR-116/PR;Norte;Choque - Defensa, barreira ou "submarino";1;1;;;;;1
18/04/2013;19:11:00;1838;sem vítima;47,9;BR-116/SC;Norte;Colisão Lateral;1;2;;;;;1
18/04/2013;07:14:00;1755;sem vítima;119;BR-116/PR;Norte;Colisão Transversal;1;2;;;;;1
18/04/2013;22:54:00;1855;sem vítima;148,2;BR-116/PR;Sul;Colisão Lateral;1;2;;;;;1
18/04/2013;03:57:00;1749;sem vítima;233,8;BR-116/SC;Norte;Saida de Pista;1;1;;;;;1
19/04/2013;14:06:00;1913;sem vítima;217;BR-116/SC;Norte;Colisão Traseira;1;2;;;;;1
19/04/2013;16:22:00;1930;sem vítima;264;BR-116/SC;Norte;Objeto lançado contra veículo;1;1;;;;;1
20/04/2013;10:57:00;2020;com vítima;107,8;BR-116/SC;Norte;Tombamento;1;0;1;;;;1
20/04/2013;21:30:00;2072;sem vítima;126,3;BR-116/PR;Sul;Colisão Traseira;1;2;;;;;1
20/04/2013;13:52:00;2029;sem vítima;139,8;BR-116/SC;Norte;Colisão Traseira;1;2;;;;;1
20/04/2013;14:53:00;2037;com vítima;160;BR-116/PR;Norte;Colisão Traseira;1;2;;;1;;2
21/04/2013;16:04:00;2144;com vítima;144,008;BR-116/SC;Norte;Saida de Pista;1;0;1;;;;1
22/04/2013;20:19:00;2277;sem vítima;99;BR-116/SC;Norte;Colisão Transversal;2;2;;;;;1
22/04/2013;11:18:00;2232;sem vítima;115;BR-116/PR;Norte;Colisão Traseira;1;3;;;;;1
22/04/2013;10:43:00;2231;com vítima;117;BR-116/PR;Norte;Tombamento;1;0;1;;;;1
22/04/2013;08:39:00;2213;sem vítima;140,9;BR-116/PR;Norte;Colisão Traseira;1;2;;;;;1
22/04/2013;22:19:00;2282;com vítima;209,9;BR-116/SC;Norte;Colisão Traseira;1;1;1;;;;1
23/04/2013;20:14:00;2387;sem vítima;207;BR-116/PR;Norte;Objeto lançado contra veículo;1;1;;;;;1
24/04/2013;10:10:00;2436;sem vítima;42;BR-116/SC;Sul;Objeto lançado contra veículo;1;1;;;;;1
24/04/2013;05:48:00;2411;com vítima;124,8;BR-116/SC;Norte;Saida de Pista;1;0;1;;;;1
24/04/2013;14:39:00;2458;com vítima;128,2;BR-116/PR;Norte;Choque - Veiculo parado na pista;1;1;1;;;;1
24/04/2013;08:54:00;2427;sem vítima;152;BR-116/SC;Norte;Objeto lançado contra veículo;1;1;;;;;1
25/04/2013;11:23:00;2560;sem vítima;5,8;BR-116/SC;Norte;Colisão Transversal;1;3;;;;;1
25/04/2013;09:51:00;2543;sem vítima;10;BR-116/SC;Norte;Colisão Traseira;2;3;;;;;1
25/04/2013;20:16:00;2619;sem vítima;42,2;BR-116/SC;Norte;Objeto lançado contra veículo;1;1;;;;;1
25/04/2013;09:59:00;2544;sem vítima;81,6;BR-116/SC;Sul;Colisão Traseira;1;2;;;;;1
25/04/2013;07:39:00;2525;sem vítima;125,2;BR-116/PR;Norte;Colisão Lateral;1;3;;;;;1
25/04/2013;12:03:00;2562;sem vítima;129;BR-116/SC;Sul;Colisão Traseira;2;2;;;;;1
25/04/2013;22:07:00;2626;sem vítima;153,2;BR-116/SC;Norte;Choque - Objeto sobre a pista;1;1;;;;;1
25/04/2013;15:59:00;2590;sem vítima;211,7;BR-116/SC;Sul;Colisão Traseira;2;2;;;;;1
25/04/2013;16:33:00;2597;sem vítima;233;BR-116/SC;Norte;Choque - Cancela de Pedagio;1;1;;;;;1
26/04/2013;07:39:00;2650;sem vítima;125,2;BR-116/PR;Norte;Colisão Lateral;1;2;;;;;1
26/04/2013;17:51:00;2714;sem vítima;210,4;BR-116/SC;Sul;Saida de Pista;1;5;;;;;1
27/04/2013;12:15:00;2789;sem vítima;75,6;BR-116/SC;Sul;Objeto lançado contra veículo;1;1;;;;;1
27/04/2013;10:08:00;2782;sem vítima;82;BR-116/SC;Sul;Choque - Suporte de Sinalização;1;1;;;;;1
27/04/2013;09:23:00;2779;sem vítima;116,6;BR-116/PR;Sul;Tombamento;1;1;;;;;1
27/04/2013;05:06:00;2759;sem vítima;136,6;BR-116/PR;Norte;Colisão Transversal;1;2;;;;;1
28/04/2013;17:05:00;2912;sem vítima;74;BR-116/SC;Sul;Objeto lançado contra veículo;1;1;;;;;1
28/04/2013;18:20:00;2917;sem vítima;211;BR-116/PR;Norte;Colisão Traseira;1;2;;;;;1
29/04/2013;17:34:00;3025;sem vítima;12;BR-116/SC;Norte;Outros - Sequência;1;1;;;;;1
30/04/2013;19:40:00;3135;com vítima;11,5;BR-116/SC;Norte;Colisão Traseira;2;7;2;;;;1
30/04/2013;21:00:00;3143;sem vítima;205,8;BR-116/PR;Sul;Objeto lançado contra veículo;1;1;;;;;1
30/04/2013;19:45:00;3137;sem vítima;206;BR-116/PR;Norte;Objeto lançado contra veículo;1;1;;;;;1
01/05/2013;18:28:00;73;sem vítima;232,8;BR-116/SC;Sul;Objeto lançado contra veículo;1;1;;;;;1
02/05/2013;16:02:00;169;sem vítima;142,8;BR-116/PR;Norte;Objeto lançado contra veículo;1;1;;;;;1
03/05/2013;13:06:00;261;sem vítima;28;BR-116/SC;Sul;Choque - Veiculo parado na pista;1;4;;;;;1
03/05/2013;18:04:00;295;sem vítima;261,1;BR-116/SC;Sul;Colisão Lateral;1;3;;;;;1
06/05/2013;17:11:00;581;sem vítima;40,5;BR-116/SC;Sul;Choque - Objeto sobre a pista;1;1;;;;;1
06/05/2013;14:49:00;562;sem vítima;69,2;BR-116/SC;Norte;Colisão Transversal;1;2;;;;;1
07/05/2013;15:17:00;654;sem vítima;117;BR-116/PR;Norte;Colisão Traseira;1;5;;;;;1
07/05/2013;17:39:00;668;sem vítima;117;BR-116/PR;Norte;Saida de Pista;1;1;;;;;1
08/05/2013;19:07:00;800;sem vítima;62,4;BR-116/SC;Sul;Colisão Frontal;1;2;;;;;1
08/05/2013;11:52:00;751;sem vítima;77;BR-116/SC;Sul;Objeto lançado contra veículo;1;1;;;;;1
08/05/2013;18:37:00;794;sem vítima;178,3;BR-116/SC;Sul;Colisão Traseira;1;2;;;;;1
08/05/2013;14:55:00;765;sem vítima;309;BR-116/SC;Sul;Tombamento;3;3;;;;;1
09/05/2013;15:08:00;875;com vítima;5,5;BR-116/SC;Norte;Atropelamento - Morador;1;1;;;1;;2
10/05/2013;14:06:00;977;sem vítima;0,2;BR-116/SC;Norte;Colisão Traseira;1;2;;;;;1
10/05/2013;10:20:00;951;com vítima;65,05;BR-116/SC;Norte;Colisão Frontal;1;0;1;2;;;2
10/05/2013;15:23:00;990;sem vítima;69;BR-116/SC;Norte;Tombamento;1;1;;;;;1
10/05/2013;14:10:00;978;com vítima;168,3;BR-116/PR;Norte;Colisão Lateral;1;2;1;;;;1
10/05/2013;19:03:00;1015;sem vítima;217,3;BR-116/SC;Sul;Colisão Lateral;1;2;;;;;1
11/05/2013;00:42:00;1041;sem vítima;121,7;BR-116/SC;Sul;Colisão Lateral;1;2;;;;;1
11/05/2013;11:14:00;1067;sem vítima;122,95;BR-116/PR;Norte;Colisão Transversal;1;2;;;;;1
11/05/2013;11:50:00;1071;com vítima;190,9;BR-116/SC;Sul;Colisão Lateral;2;6;;1;;1;3
13/05/2013;10:28:00;1258;sem vítima;122,95;BR-116/PR;Norte;Colisão Traseira;1;3;;;;;1
13/05/2013;22:05:00;1316;sem vítima;140,3;BR-116/SC;Sul;Objeto lançado contra veículo;1;1;;;;;1
13/05/2013;04:04:00;1225;sem vítima;173;BR-116/PR;Norte;Outros;1;1;;;;;1
15/05/2013;07:24:00;1434;sem vítima;122,3;BR-116/PR;Sul;Colisão Transversal;1;19;;;;;1
15/05/2013;11:55:00;1447;sem vítima;300;BR-116/SC;Norte;Saida de Pista;1;3;;;;;1
16/05/2013;22:51:00;1610;sem vítima;122;BR-116/PR;Norte;Outros;2;2;;;;;1
16/05/2013;23:08:00;1611;sem vítima;190,95;BR-116/PR;Sul;Colisão Traseira;1;2;;;;;1
19/05/2013;02:49:00;1843;com vítima;22,55;BR-116/SC;Norte;Colisão Frontal;1;2;1;;;;1
19/05/2013;05:35:00;1851;com vítima;48,6;BR-116/SC;Sul;Colisão Lateral;1;6;;;;1;3
19/05/2013;10:24:00;1863;sem vítima;116,2;BR-116/PR;Sul;Choque - Defensa, barreira ou "submarino";1;3;;;;;1
19/05/2013;23:14:00;1919;com vítima;185,5;BR-116/PR;Norte;Colisão Traseira;1;1;1;1;1;1;3
19/05/2013;21:23:00;1912;sem vítima;225,9;BR-116/SC;Norte;Colisão Traseira;2;3;;;;;1
20/05/2013;12:18:00;1967;sem vítima;127;BR-116/PR;Sul;Colisão Frontal;1;2;;;;;1
21/05/2013;09:07:00;2049;sem vítima;81;BR-116/SC;Sul;Colisão Traseira;1;2;;;;;1
21/05/2013;06:30:00;2033;sem vítima;127,4;BR-116/PR;Norte;Colisão Traseira;1;3;;;;;1
21/05/2013;22:08:00;2124;sem vítima;208;BR-116/SC;Sul;Objeto lançado contra veículo;1;1;;;;;1
22/05/2013;07:04:00;2144;sem vítima;1,2;BR-116/SC;Sul;Colisão Lateral;2;2;;;;;1
22/05/2013;06:22:00;2137;sem vítima;266,7;BR-116/SC;Norte;Choque - Talude;1;1;;;;;1
22/05/2013;06:22:00;2140;sem vítima;266,7;BR-116/SC;Norte;Choque - Objeto sobre a pista;1;1;;;;;1
23/05/2013;12:13:00;2259;sem vítima;142,1;BR-116/PR;Sul;Colisão Transversal;1;2;;;;;1
23/05/2013;10:00:00;2247;sem vítima;174,5;BR-116/SC;Sul;Colisão Traseira;2;2;;;;;1
23/05/2013;16:28:00;2286;sem vítima;197,9;BR-116/PR;Norte;Choque - Arvore;1;1;;;;;1
23/05/2013;17:41:00;2297;sem vítima;211;BR-116/PR;Norte;Colisão Lateral;1;3;;;;;1
23/05/2013;17:09:00;2294;sem vítima;238;BR-116/SC;Sul;Colisão Traseira;2;2;;;;;1
23/05/2013;19:14:00;2307;com vítima;268;BR-116/SC;Sul;Colisão Transversal;1;1;2;;;;1
24/05/2013;23:36:00;2451;sem vítima;19;BR-116/SC;Sul;Saida de Pista;1;1;;;;;1
24/05/2013;20:05:00;2428;sem vítima;76;BR-116/SC;Sul;Objeto lançado contra veículo;1;1;;;;;1
24/05/2013;07:02:00;2347;sem vítima;124,9;BR-116/PR;Sul;Colisão Lateral;1;2;;;;;1
24/05/2013;17:24:00;2410;com vítima;140,6;BR-116/SC;Sul;Colisão Transversal;1;1;3;;;;1
24/05/2013;13:00:00;2381;sem vítima;177,9;BR-116/PR;Sul;Saida de Pista;1;1;;;;;1
24/05/2013;22:01:00;2446;sem vítima;301,5;BR-116/SC;Norte;Colisão Lateral;2;3;;;;;1
25/05/2013;00:58:00;2452;sem vítima;21;BR-116/SC;Sul;Atropelamento de Animal;1;1;;;;;1
25/05/2013;06:19:00;2466;com vítima;126,3;BR-116/PR;Norte;Colisão Transversal;1;2;1;;;;1