data;horario;n_da_ocorrencia;tipo_de_ocorrencia;km;trecho;sentido;tipo_de_acidente;caminhao;ilesos;levemente_feridos;moderadamente_feridos;gravemente_feridos;mortos;3
25/05/2013;08:01:00;2474;com vítima;138,5;BR-116/SC;Norte;Colisão Traseira;1;1;1;;;;1
26/05/2013;19:17:00;2633;sem vítima;152;BR-116/SC;Sul;Choque - Objeto sobre a pista;1;1;;;;;1
27/05/2013;17:30:00;2717;com vítima;120;BR-116/PR;Sul;Colisão Transversal;1;2;;;1;;2
27/05/2013;07:25:00;2663;sem vítima;125,1;BR-116/PR;Norte;Colisão Lateral;1;5;;;;;1
29/05/2013;20:07:00;2918;sem vítima;169,7;BR-116/SC;Norte;Colisão Traseira;1;5;;;;;1
30/05/2013;09:27:00;2975;com vítima;139;BR-116/SC;Sul;Colisão Transversal;1;3;1;;;;1
30/05/2013;05:50:00;2952;sem vítima;204;BR-116/PR;Sul;Choque - Veiculo parado no acostamento;1;2;;;;;1
31/05/2013;16:53:00;3092;sem vítima;128,15;BR-116/PR;Norte;Choque - Veiculo parado na pista;1;3;;;;;1
01/06/2013;08:04:00;19;sem vítima;100;BR-116/SC;Sul;Objeto lançado contra veículo;1;1;;;;;1
01/06/2013;05:29:00;11;sem vítima;123,1;BR-116/PR;Norte;Saida de Pista;1;2;;;;;1
02/06/2013;17:12:00;176;sem vítima;2,9;BR-116/SC;Norte;Colisão Traseira;1;2;;;;;1
03/06/2013;14:18:00;286;sem vítima;120,95;BR-116/PR;Norte;Colisão Lateral;1;42;;;;;1
04/06/2013;06:13:00;346;sem vítima;35;BR-116/SC;Sul;Atropelamento de Animal;1;1;;;;;1
04/06/2013;18:14:00;427;sem vítima;117;BR-116/PR;Norte;Colisão Lateral;1;5;;;;;1
05/06/2013;11:30:00;498;sem vítima;117,4;BR-116/PR;Sul;Colisão Lateral;1;2;;;;;1
06/06/2013;14:16:00;614;sem vítima;203,6;BR-116/PR;Norte;Colisão Traseira;1;3;;;;;1
07/06/2013;14:36:00;717;sem vítima;12;BR-116/SC;Norte;Colisão Transversal;2;2;;;;;1
07/06/2013;19:46:00;754;sem vítima;139,6;BR-116/SC;Sul;Choque - Objeto sobre a pista;1;1;;;;;1
07/06/2013;10:23:00;692;sem vítima;221,2;BR-116/SC;Sul;Colisão Traseira;1;2;;;;;1
07/06/2013;20:59:00;763;sem vítima;281,7;BR-116/SC;Norte;Atropelamento de Animal;1;1;;;;;1
08/06/2013;05:31:00;786;sem vítima;67,7;BR-116/SC;Norte;Saida de Pista;1;1;;;;;1
08/06/2013;12:37:00;818;sem vítima;245,2;BR-116/SC;Norte;Colisão Transversal;1;3;;;;;1
09/06/2013;06:34:00;878;com vítima;118,9;BR-116/PR;Norte;Colisão Lateral;1;1;1;;;;1
09/06/2013;16:28:00;913;sem vítima;125,3;BR-116/PR;Norte;Colisão Transversal;1;2;;;;;1
10/06/2013;13:57:00;1019;sem vítima;22,4;BR-116/SC;Norte;Colisão Lateral;1;4;;;;;1
10/06/2013;14:49:00;1024;sem vítima;58;BR-116/SC;Norte;Colisão Traseira;1;2;;;;;1
10/06/2013;12:58:00;1011;sem vítima;77;BR-116/SC;Sul;Atropelamento de Animal;1;1;;;;;1
10/06/2013;20:18:00;1058;sem vítima;214,2;BR-116/SC;Sul;Colisão Lateral;1;26;;;;;1
10/06/2013;05:55:00;965;sem vítima;239;BR-116/SC;Norte;Objeto lançado contra veículo;1;2;;;;;1
11/06/2013;22:26:00;1172;sem vítima;116,2;BR-116/PR;Sul;Colisão Lateral;1;2;;;;;1
11/06/2013;20:32:00;1165;com vítima;119,5;BR-116/PR;Sul;Colisão Transversal;1;2;1;;;;1
11/06/2013;19:11:00;1154;sem vítima;191,4;BR-116/PR;Norte;Colisão Transversal;1;2;;;;;1
12/06/2013;22:13:00;1284;sem vítima;62;BR-116/SC;Sul;Choque - Objeto sobre a pista;1;1;;;;;1
12/06/2013;22:57:00;1288;sem vítima;62;BR-116/SC;Norte;Choque - Objeto sobre a pista;1;1;;;;;1
12/06/2013;10:09:00;1216;com vítima;126;BR-116/PR;Norte;Colisão Lateral;1;1;1;;;;1
12/06/2013;18:48:00;1274;com vítima;163,8;BR-116/SC;Norte;Colisão Frontal;1;1;;;;1;3
12/06/2013;04:02:00;1185;sem vítima;189,8;BR-116/PR;Sul;Atropelamento de Animal;1;1;;;;;1
13/06/2013;20:00:00;1376;com vítima;61,3;BR-116/SC;Sul;Choque - Objeto sobre a pista;1;1;1;;;;1
13/06/2013;13:58:00;1345;com vítima;165,1;BR-116/PR;Sul;Colisão Transversal;1;1;1;;;;1
13/06/2013;17:16:00;1368;com vítima;211,2;BR-116/SC;Sul;Colisão Lateral;1;1;4;;;;1
13/06/2013;04:28:00;1299;sem vítima;233;BR-116/SC;Sul;Choque - Cancela de Pedagio;1;1;;;;;1
14/06/2013;07:34:00;1401;com vítima;125,2;BR-116/PR;Sul;Colisão Traseira;1;2;1;;;;1
14/06/2013;06:58:00;1397;com vítima;125,9;BR-116/PR;Sul;Colisão Traseira;1;1;;1;;;2
14/06/2013;06:00:00;1394;com vítima;126,4;BR-116/PR;Sul;Choque - Veiculo parado na pista;2;1;1;;;;1
14/06/2013;08:28:00;1406;sem vítima;203;BR-116/PR;Sul;Colisão Traseira;2;2;;;;;1
14/06/2013;08:14:00;1405;com vítima;220,8;BR-116/SC;Norte;Colisão Transversal;1;1;1;;;;1
15/06/2013;16:13:00;1522;sem vítima;118;BR-116/PR;Norte;Colisão Transversal;1;2;;;;;1
15/06/2013;20:34:00;1541;sem vítima;119;BR-116/PR;Sul;Colisão Traseira;1;5;;;;;1
15/06/2013;13:42:00;1509;sem vítima;154,3;BR-116/PR;Sul;Colisão Transversal;1;2;;;;;1
15/06/2013;15:59:00;1518;sem vítima;197,5;BR-116/PR;Norte;Choque - Objeto sobre a pista;1;1;;;;;1
16/06/2013;20:00:00;1626;com vítima;72,5;BR-116/SC;Norte;Atropelamento - Usuário;1;1;;;;1;3
16/06/2013;06:45:00;1559;sem vítima;117;BR-116/PR;Norte;Colisão Traseira;1;2;;;;;1
16/06/2013;00:42:00;1552;com vítima;168,5;BR-116/PR;Norte;Colisão Transversal;1;1;;;;2;3
16/06/2013;15:39:00;1596;sem vítima;305,1;BR-116/SC;Sul;Saida de Pista;1;2;;;;;1
17/06/2013;21:56:00;1726;com vítima;236,3;BR-116/SC;Norte;Colisão Lateral;1;5;;;1;;2
17/06/2013;14:27:00;1688;com vítima;251,35;BR-116/SC;Sul;Colisão Transversal;1;1;1;;;;1
18/06/2013;17:07:00;1867;sem vítima;34;BR-116/SC;Sul;Choque - Objeto sobre a pista;1;1;;;;;1
18/06/2013;07:14:00;1755;sem vítima;125,1;BR-116/PR;Norte;Colisão Lateral;1;5;;;;;1
18/06/2013;17:44:00;1881;sem vítima;156;BR-116/SC;Norte;Choque - Objeto sobre a pista;1;2;;;;;1
18/06/2013;17:10:00;1868;sem vítima;251,3;BR-116/SC;Norte;Colisão Transversal;1;4;;;;;1
19/06/2013;13:54:00;1967;sem vítima;151,94;BR-116/SC;Norte;Choque - Cancela de Pedagio;1;1;;;;;1
19/06/2013;15:26:00;1980;sem vítima;177,1;BR-116/PR;Norte;Saida de Pista;1;1;;;;;1
19/06/2013;08:02:00;1922;sem vítima;235;BR-116/SC;Norte;Tombamento;1;1;;;;;1
19/06/2013;02:13:00;1912;sem vítima;263,5;BR-116/SC;Norte;Choque - Objeto sobre a pista;1;1;;;;;1
20/06/2013;06:39:00;2026;sem vítima;107,7;BR-116/SC;Sul;Choque - Defensa, barreira ou "submarino";1;1;;;;;1
20/06/2013;05:20:00;2022;sem vítima;125,1;BR-116/PR;Norte;Colisão Traseira;1;3;;;;;1
20/06/2013;12:13:00;2065;com vítima;182,2;BR-116/PR;Sul;Colisão Transversal;2;2;1;;;;1
20/06/2013;18:57:00;2104;sem vítima;209;BR-116/PR;Sul;Colisão Transversal;1;3;;;;;1
20/06/2013;22:01:00;2113;sem vítima;229,6;BR-116/SC;Norte;Saida de Pista;1;1;;;;;1
21/06/2013;10:05:00;2152;sem vítima;48;BR-116/SC;Sul;Objeto lançado contra veículo;1;1;;;;;1
21/06/2013;12:44:00;2171;sem vítima;117,4;BR-116/PR;Sul;Choque - Veiculo parado na pista;1;5;;;;;1
21/06/2013;10:01:00;2151;sem vítima;120,4;BR-116/PR;Sul;Choque - Veiculo parado na pista;1;5;;;;;1
21/06/2013;04:48:00;2127;sem vítima;149;BR-116/PR;Sul;Choque - Arvore;1;1;;;;;1
22/06/2013;18:31:00;2342;sem vítima;1;BR-116/SC;Sul;Colisão Traseira;1;3;;;;;1
22/06/2013;10:17:00;2280;sem vítima;70;BR-116/SC;Norte;Objeto lançado contra veículo;1;1;;;;;1
22/06/2013;11:16:00;2286;sem vítima;124;BR-116/PR;Norte;Colisão Lateral;1;5;;;;;1
22/06/2013;11:27:00;2289;com vítima;131,8;BR-116/PR;Sul;Colisão Transversal;1;1;2;;1;;2
23/06/2013;14:46:00;2416;sem vítima;2,75;BR-116/SC;Norte;Colisão Traseira;2;2;;;;;1
23/06/2013;11:15:00;2397;sem vítima;37;BR-116/SC;Sul;Colisão Lateral;1;2;;;;;1
23/06/2013;09:36:00;2391;sem vítima;227,7;BR-116/SC;Norte;Tombamento;1;1;;;;;1
24/06/2013;06:54:00;2490;sem vítima;125,8;BR-116/PR;Sul;Colisão Transversal;1;3;;;;;1
24/06/2013;23:45:00;2556;sem vítima;197,9;BR-116/PR;Norte;Saida de Pista;1;1;;;;;1
25/06/2013;07:51:00;2604;sem vítima;2,7;BR-116/SC;Sul;Colisão Lateral;1;4;;;;;1
25/06/2013;17:45:00;2680;sem vítima;4,2;BR-116/SC;Sul;Colisão Lateral;2;2;;;;;1
25/06/2013;15:33:00;2665;sem vítima;125,1;BR-116/PR;Norte;Colisão Traseira;1;2;;;;;1
25/06/2013;04:03:00;2585;sem vítima;185;BR-116/PR;Sul;Choque - Objeto sobre a pista;1;1;;;;;1
25/06/2013;11:26:00;2633;sem vítima;188;BR-116/PR;Norte;Colisão Lateral;1;2;;;;;1
25/06/2013;08:15:00;2607;sem vítima;202,9;BR-116/PR;Norte;Choque - Defensa, barreira ou "submarino";1;1;;;;;1
25/06/2013;01:05:00;2564;sem vítima;218,2;BR-116/SC;Norte;Saida de Pista;1;1;;;;;1
26/06/2013;10:30:00;2758;sem vítima;134,7;BR-116/PR;Sul;Colisão Lateral;1;2;;;;;1
26/06/2013;03:51:00;2713;sem vítima;137,1;BR-116/SC;Sul;Saida de Pista;1;1;;;;;1
26/06/2013;22:57:00;2828;sem vítima;206;BR-116/SC;Norte;Objeto lançado contra veículo;1;1;;;;;1
26/06/2013;15:55:00;2798;sem vítima;207,9;BR-116/PR;Sul;Colisão Transversal;1;2;;;;;1
26/06/2013;21:09:00;2823;com vítima;228;BR-116/SC;Sul;Colisão Frontal;1;1;;1;;;2
27/06/2013;20:31:00;2963;sem vítima;7;BR-116/SC;Sul;Colisão Lateral;2;2;;;;;1
27/06/2013;19:14:00;2951;sem vítima;29,4;BR-116/SC;Norte;Atropelamento de Animal;1;2;;;;;1
27/06/2013;04:37:00;2847;sem vítima;204;BR-116/PR;Norte;Choque - Cancela de Pedagio;1;1;;;;;1
27/06/2013;11:35:00;2896;sem vítima;210,8;BR-116/SC;Norte;Colisão Lateral;1;2;;;;;1
27/06/2013;03:57:00;2846;sem vítima;249,5;BR-116/SC;Sul;Colisão Traseira;2;2;;;;;1
27/06/2013;00:57:00;2837;com vítima;249,8;BR-116/SC;Norte;Colisão Traseira;2;1;;1;;;2
27/06/2013;01:57:00;2838;sem vítima;249,8;BR-116/SC;Sul;Saida de Pista;1;1;;;;;1
28/06/2013;09:16:00;3005;sem vítima;81,6;BR-116/SC;Sul;Choque - Veiculo parado na pista;2;2;;;;;1
28/06/2013;20:17:00;3092;sem vítima;195;BR-116/SC;Norte;Choque - Objeto sobre a pista;2;2;;;;;1
28/06/2013;14:01:00;3028;sem vítima;195,5;BR-116/PR;Sul;Saida de Pista;1;1;;;;;1
28/06/2013;13:53:00;3027;sem vítima;202;BR-116/PR;Norte;Choque - Veiculo parado na pista;2;2;;;;;1
29/06/2013;08:25:00;3135;sem vítima;1,2;BR-116/SC;Norte;Choque - Defensa, barreira ou "submarino";1;1;;;;;1
29/06/2013;00:23:00;3112;sem vítima;65,1;BR-116/SC;Norte;Atropelamento de Animal;1;2;;;;;1
29/06/2013;20:33:00;3215;com vítima;121,4;BR-116/PR;Sul;Colisão Lateral;1;11;2;;;;1
29/06/2013;15:05:00;3181;sem vítima;203;BR-116/PR;Norte;Choque - Defensa, barreira ou "submarino";1;1;;;;;1
30/06/2013;22:41:00;3337;sem vítima;145;BR-116/SC;Sul;Colisão Lateral;1;2;;;;;1
30/06/2013;10:46:00;3268;sem vítima;203;BR-116/PR;Sul;Saida de Pista;1;1;;;;;1
01/07/2013;08:23:00;27;sem vítima;2;BR-116/SC;Sul;Colisão Traseira;1;2;;;;;1
01/07/2013;13:24:00;63;sem vítima;164,9;BR-116/SC;Sul;Tombamento;1;1;;;;;1
01/07/2013;08:49:00;32;sem vítima;202;BR-116/PR;Sul;Colisão Traseira;1;2;;;;;1
02/07/2013;09:44:00;138;com vítima;7,1;BR-116/SC;Sul;Colisão Transversal;1;2;1;;;;1
03/07/2013;17:28:00;299;sem vítima;117,6;BR-116/PR;Sul;Colisão Lateral;1;2;;;;;1
03/07/2013;19:10:00;311;com vítima;125,5;BR-116/PR;Norte;Colisão Lateral;1;2;1;;;;1
03/07/2013;18:00:00;303;sem vítima;139,4;BR-116/SC;Sul;Colisão Traseira;1;2;;;;;1
03/07/2013;00:58:00;215;sem vítima;271;BR-116/SC;Sul;Colisão Lateral;1;3;;;;;1
04/07/2013;20:42:00;462;sem vítima;203,3;BR-116/PR;Norte;Colisão Traseira;2;2;;;;;1
04/07/2013;11:00:00;391;sem vítima;270;BR-116/SC;Norte;Objeto lançado contra veículo;1;2;;;;;1
04/07/2013;11:25:00;397;sem vítima;275;BR-116/SC;Norte;Objeto lançado contra veículo;1;1;;;;;1
05/07/2013;10:22:00;524;sem vítima;23,82;BR-116/SC;Sul;Colisão Transversal;1;2;;;;;1
05/07/2013;21:15:00;589;sem vítima;144,6;BR-116/SC;Norte;Colisão Traseira;1;2;;;;;1
05/07/2013;01:50:00;477;sem vítima;167,4;BR-116/PR;Sul;Choque - Defensa, barreira ou "submarino";1;1;;;;;1
05/07/2013;06:20:00;480;sem vítima;244,1;BR-116/SC;Sul;Saida de Pista;1;1;;;;;1
05/07/2013;21:56:00;592;com vítima;247,7;BR-116/SC;Sul;Colisão Frontal;1;1;;;1;1;3
06/07/2013;13:33:00;647;sem vítima;243,6;BR-116/SC;Sul;Colisão Traseira;1;2;;;;;1
07/07/2013;17:40:00;791;sem vítima;67;BR-116/SC;Sul;Objeto lançado contra veículo;1;1;;;;;1
07/07/2013;10:32:00;745;sem vítima;81;BR-116/SC;Norte;Choque - Veiculo parado na pista;1;4;;;;;1
09/07/2013;16:19:00;1058;sem vítima;122,85;BR-116/SC;Sul;Choque - Talude;1;1;;;;;1
09/07/2013;19:51:00;1087;sem vítima;126,8;BR-116/PR;Sul;Colisão Lateral;1;2;;;;;1
09/07/2013;10:56:00;1005;com vítima;145;BR-116/SC;Norte;Colisão Lateral;2;1;1;;;;1
09/07/2013;07:13:00;944;sem vítima;203,65;BR-116/PR;Norte;Choque - Veiculo parado na pista;1;2;;;;;1
10/07/2013;09:15:00;1132;sem vítima;47,1;BR-116/SC;Norte;Colisão Lateral;2;4;;;;;1
10/07/2013;15:36:00;1171;sem vítima;119,3;BR-116/PR;Sul;Colisão Traseira;2;2;;;;;1
10/07/2013;23:34:00;1211;sem vítima;234,5;BR-116/SC;Norte;Saida de Pista;1;1;;;;;1
10/07/2013;02:32:00;1117;com vítima;308,8;BR-116/SC;Sul;Tombamento;1;0;1;;;;1
11/07/2013;21:12:00;1302;com vítima;211,9;BR-116/SC;Norte;Saida de Pista;1;0;1;;;;1
13/07/2013;17:36:00;1528;com vítima;109,8;BR-116/SC;Sul;Colisão Transversal;2;3;1;;1;;2
13/07/2013;15:32:00;1514;sem vítima;134,9;BR-116/PR;Norte;Colisão Lateral;1;6;;;;;1
14/07/2013;14:38:00;1596;com vítima;14,4;BR-116/SC;Sul;Saida de Pista;1;0;;1;;;2
15/07/2013;19:47:00;1762;sem vítima;205,8;BR-116/PR;Norte;Colisão Transversal;1;2;;;;;1
17/07/2013;09:40:00;1912;com vítima;63,8;BR-116/SC;Sul;Colisão Lateral;1;4;1;;;;1
17/07/2013;22:16:00;1998;sem vítima;192;BR-116/SC;Norte;Colisão Lateral;1;3;;;;;1
17/07/2013;07:46:00;1899;sem vítima;288,9;BR-116/SC;Sul;Colisão Lateral;2;2;;;;;1
18/07/2013;19:06:00;2104;com vítima;60,4;BR-116/SC;Norte;Colisão Lateral;2;2;1;;;;1
18/07/2013;20:16:00;2107;com vítima;60,4;BR-116/SC;Norte;Choque - Veiculo parado na pista;1;1;1;;;;1
18/07/2013;00:35:00;2009;sem vítima;258,9;BR-116/SC;Norte;Atropelamento de Animal;1;4;;;;;1
18/07/2013;00:48:00;2011;sem vítima;258,9;BR-116/SC;Norte;Atropelamento de Animal;1;1;;;;;1
19/07/2013;08:22:00;2153;sem vítima;130;BR-116/PR;Sul;Colisão Traseira;1;2;;;;;1
19/07/2013;20:08:00;2220;sem vítima;144,2;BR-116/PR;Sul;Choque - Objeto sobre a pista;1;7;;;;;1
19/07/2013;15:37:00;2194;sem vítima;151,5;BR-116/SC;Sul;Saida de Pista;1;1;;;;;1
20/07/2013;12:35:00;2264;sem vítima;52,7;BR-116/SC;Norte;Saida de Pista;1;1;;;;;1
20/07/2013;23:00:00;2329;sem vítima;148,1;BR-116/PR;Sul;Colisão Lateral;1;3;;;;;1
20/07/2013;20:24:00;2319;sem vítima;159,8;BR-116/PR;Norte;Saida de Pista;1;3;;;;;1
21/07/2013;06:01:00;2346;sem vítima;164,8;BR-116/PR;Norte;Atropelamento de Animal;1;1;;;;;1
22/07/2013;13:30:00;2502;sem vítima;75;BR-116/SC;Norte;Objeto lançado contra veículo;1;1;;;;;1
22/07/2013;21:17:00;2565;sem vítima;121,6;BR-116/SC;Sul;Saida de Pista;1;1;;;;;1
22/07/2013;03:31:00;2457;sem vítima;205;BR-116/PR;Norte;Colisão Traseira;1;2;;;;;1
23/07/2013;16:34:00;2680;sem vítima;5;BR-116/SC;Norte;Colisão Traseira;2;2;;;;;1
23/07/2013;14:42:00;2659;sem vítima;11,5;BR-116/SC;Norte;Colisão Traseira;3;3;;;;;1
23/07/2013;16:24:00;2678;com vítima;115,2;BR-116/PR;Norte;Colisão Traseira;2;1;1;;;;1
24/07/2013;14:06:00;2779;com vítima;54;BR-116/SC;Sul;Colisão Transversal;1;1;;1;;;2
24/07/2013;14:40:00;2788;sem vítima;117,5;BR-116/SC;Sul;Outros;1;1;;;;;1
24/07/2013;17:39:00;2807;sem vítima;118,8;BR-116/PR;Sul;Colisão Traseira;1;47;;;;;1
24/07/2013;08:59:00;2752;sem vítima;233;BR-116/SC;Sul;Colisão Traseira;1;2;;;;;1
25/07/2013;08:41:00;2857;sem vítima;1,8;BR-116/SC;Norte;Colisão Lateral;1;5;;;;;1
25/07/2013;12:17:00;2885;sem vítima;87,8;BR-116/SC;Sul;Choque - Veiculo parado na pista;3;3;;;;;1
25/07/2013;10:26:00;2867;sem vítima;115;BR-116/PR;Norte;Colisão Lateral;1;2;;;;;1
25/07/2013;19:19:00;2940;com vítima;160,45;BR-116/PR;Sul;Colisão Lateral;1;4;;3;;1;3
26/07/2013;22:17:00;3073;sem vítima;49,8;BR-116/SC;Norte;Saida de Pista;1;1;;;;;1
26/07/2013;20:30:00;3062;sem vítima;99,3;BR-116/SC;Norte;Objeto lançado contra veículo;1;1;;;;;1
27/07/2013;16:14:00;3161;sem vítima;116,2;BR-116/PR;Sul;Colisão Transversal;1;3;;;;;1
27/07/2013;12:35:00;3135;com vítima;119,4;BR-116/PR;Sul;Colisão Transversal;1;1;1;;;;1
27/07/2013;13:27:00;3141;sem vítima;126,4;BR-116/PR;Sul;Colisão Transversal;2;5;;;;;1
27/07/2013;22:29:00;3194;com vítima;160,1;BR-116/PR;Sul;Colisão Lateral;1;4;1;;;;1
28/07/2013;20:42:00;3315;com vítima;123,4;BR-116/PR;Norte;Colisão Traseira;1;1;1;;;;1
28/07/2013;22:46:00;3321;sem vítima;129,4;BR-116/PR;Sul;Colisão Transversal;1;2;;;;;1
29/07/2013;14:11:00;3407;sem vítima;36,4;BR-116/SC;Sul;Colisão Traseira;2;4;;;;;1
29/07/2013;12:51:00;3398;sem vítima;139,4;BR-116/PR;Sul;Colisão Transversal;1;2;;;;;1
30/07/2013;11:47:00;3518;com vítima;46,8;BR-116/SC;Norte;Saida de Pista;2;1;1;;;;1
30/07/2013;03:45:00;3484;sem vítima;202,8;BR-116/PR;Norte;Choque - Veiculo parado na pista;1;5;;;;;1
31/07/2013;06:34:00;3619;sem vítima;65;BR-116/SC;Norte;Atropelamento de Animal;1;1;;;;;1
31/07/2013;14:45:00;3664;sem vítima;117,2;BR-116/PR;Norte;Colisão Lateral;1;2;;;;;1
31/07/2013;09:40:00;3644;sem vítima;133,9;BR-116/PR;Sul;Objeto lançado contra veículo;1;1;;;;;1
31/07/2013;13:20:00;3661;com vítima;223,8;BR-116/SC;Norte;Colisão Frontal;1;3;;;5;1;3
01/08/2013;16:31:00;90;sem vítima;172;BR-116/SC;Norte;Colisão Lateral;1;2;;;;;1
01/08/2013;18:58:00;104;sem vítima;204,4;BR-116/PR;Norte;Colisão Transversal;1;2;;;;;1
02/08/2013;07:39:00;143;sem vítima;115;BR-116/SC;Sul;Colisão Traseira;1;2;;;;;1
02/08/2013;19:57:00;226;sem vítima;121;BR-116/SC;Norte;Colisão Lateral;1;6;;;;;1
02/08/2013;15:25:00;197;com vítima;266;BR-116/SC;Norte;Saida de Pista;1;0;1;;;;1
03/08/2013;18:30:00;322;com vítima;131,8;BR-116/PR;Sul;Colisão Transversal;1;1;;1;;;2
03/08/2013;15:58:00;309;com vítima;138,6;BR-116/SC;Norte;Atropelamento - Usuário;1;1;;1;;;2
03/08/2013;14:38:00;301;sem vítima;202;BR-116/PR;Sul;Colisão Lateral;1;3;;;;;1
04/08/2013;01:46:00;353;sem vítima;68;BR-116/SC;Sul;Objeto lançado contra veículo;1;1;;;;;1
04/08/2013;05:23:00;364;sem vítima;147;BR-116/SC;Sul;Objeto lançado contra veículo;1;1;;;;;1
04/08/2013;17:25:00;408;sem vítima;168;BR-116/SC;Sul;Colisão Lateral;1;4;;;;;1
04/08/2013;06:21:00;370;sem vítima;170;BR-116/SC;Norte;Atropelamento de Animal;1;2;;;;;1
05/08/2013;10:28:00;483;sem vítima;120;BR-116/PR;Norte;Choque - Veiculo parado na pista;2;4;;;;;1
06/08/2013;06:39:00;580;com vítima;131,05;BR-116/PR;Sul;Saida de Pista;1;0;1;;;;1
06/08/2013;16:48:00;630;sem vítima;132,7;BR-116/SC;Norte;Colisão Transversal;1;2;;;;;1
06/08/2013;16:36:00;628;sem vítima;147;BR-116/SC;Norte;Choque - Objeto sobre a pista;1;1;;;;;1
06/08/2013;00:32:00;569;sem vítima;177;BR-116/PR;Norte;Colisão Traseira;2;2;;;;;1
07/08/2013;07:37:00;666;sem vítima;115,3;BR-116/PR;Norte;Colisão Lateral;2;3;;;;;1
07/08/2013;08:28:00;669;sem vítima;115,5;BR-116/PR;Norte;Colisão Traseira;1;2;;;;;1
07/08/2013;06:47:00;662;sem vítima;119,4;BR-116/PR;Norte;Colisão Transversal;1;3;;;;;1
07/08/2013;19:04:00;749;sem vítima;142,6;BR-116/SC;Sul;Colisão Lateral;1;3;;;;;1
07/08/2013;20:41:00;760;com vítima;173,8;BR-116/SC;Norte;Saida de Pista;1;0;;1;;;2
08/08/2013;04:59:00;772;com vítima;49,3;BR-116/SC;Sul;Colisão Traseira;2;0;;2;;;2
08/08/2013;20:21:00;876;sem vítima;121,5;BR-116/PR;Sul;Choque - Veiculo parado na pista;1;3;;;;;1
08/08/2013;17:29:00;857;sem vítima;195,7;BR-116/PR;Norte;Tombamento;1;1;;;;;1
08/08/2013;06:01:00;775;sem vítima;212;BR-116/SC;Norte;Saida de Pista;1;1;;;;;1
09/08/2013;18:46:00;978;com vítima;12;BR-116/SC;Sul;Colisão Transversal;2;1;1;;;;1
09/08/2013;16:56:00;963;sem vítima;118;BR-116/PR;Sul;Colisão Traseira;1;2;;;;;1
10/08/2013;11:06:00;1040;com vítima;116,2;BR-116/PR;Sul;Colisão Frontal;1;2;;1;;;2
10/08/2013;11:36:00;1044;sem vítima;116,2;BR-116/PR;Sul;Colisão Lateral;1;2;;;;;1
10/08/2013;08:01:00;1024;sem vítima;116,6;BR-116/PR;Sul;Tombamento;1;1;;;;;1
10/08/2013;21:14:00;1095;com vítima;197,7;BR-116/PR;Sul;Colisão Frontal;1;1;4;;;;1
10/08/2013;12:27:00;1049;sem vítima;217;BR-116/SC;Norte;Colisão Traseira;1;6;;;;;1
10/08/2013;13:51:00;1058;sem vítima;262,5;BR-116/SC;Norte;Colisão Lateral;1;4;;;;;1
11/08/2013;15:03:00;1140;sem vítima;120,3;BR-116/PR;Norte;Colisão Traseira;1;2;;;;;1
11/08/2013;08:58:00;1121;sem vítima;126;BR-116/PR;Norte;Colisão Lateral;1;2;;;;;1
11/08/2013;13:56:00;1134;sem vítima;184,5;BR-116/SC;Norte;Tombamento;1;1;;;;;1
11/08/2013;20:41:00;1178;sem vítima;204;BR-116/PR;Norte;Colisão Lateral;1;2;;;;;1
11/08/2013;11:46:00;1127;sem vítima;304,2;BR-116/SC;Sul;Colisão Traseira;1;2;;;;;1
12/08/2013;13:49:00;1240;sem vítima;184;BR-116/PR;Norte;Saida de Pista;1;1;;;;;1
13/08/2013;03:57:00;1304;sem vítima;87,8;BR-116/SC;Norte;Saida de Pista;1;1;;;;;1
13/08/2013;06:36:00;1312;sem vítima;125,1;BR-116/PR;Sul;Colisão Lateral;1;2;;;;;1
13/08/2013;13:47:00;1362;sem vítima;204;BR-116/PR;Norte;Choque - Outros;1;1;;;;;1
14/08/2013;09:40:00;1449;com vítima;115,2;BR-116/PR;Sul;Engavetamento;1;3;2;;;;1
14/08/2013;18:34:00;1501;sem vítima;115,2;BR-116/PR;Norte;Colisão Lateral;1;2;;;;;1
14/08/2013;15:04:00;1481;sem vítima;116,1;BR-116/PR;Norte;Colisão Transversal;1;2;;;;;1
14/08/2013;08:02:00;1439;sem vítima;118;BR-116/PR;Sul;Engavetamento;3;3;;;;;1
15/08/2013;08:25:00;1536;sem vítima;68;BR-116/SC;Norte;Choque - Objeto sobre a pista;1;1;;;;;1
15/08/2013;16:18:00;1587;com vítima;245,6;BR-116/SC;Norte;Colisão Lateral;1;4;1;;;;1
16/08/2013;08:21:00;1644;sem vítima;125,3;BR-116/PR;Norte;Colisão Traseira;1;2;;;;;1
16/08/2013;10:00:00;1656;sem vítima;217,2;BR-116/SC;Norte;Colisão Traseira;1;6;;;;;1
17/08/2013;03:18:00;1753;com vítima;130,8;BR-116/PR;Norte;Colisão Frontal;1;1;;;;2;3
17/08/2013;14:50:00;1791;sem vítima;253;BR-116/SC;Sul;Colisão Lateral;1;3;;;;;1
18/08/2013;15:33:00;1886;sem vítima;209,03;BR-116/PR;Norte;Colisão Traseira;2;2;;;;;1
19/08/2013;06:11:00;1941;sem vítima;82;BR-116/SC;Sul;Choque - Suporte de Sinalização;1;1;;;;;1
19/08/2013;10:47:00;1965;sem vítima;117,4;BR-116/PR;Sul;Colisão Transversal;2;2;;;;;1
19/08/2013;14:31:00;1981;sem vítima;191;BR-116/PR;Norte;Outros;1;1;;;;;1