data;horario;n_da_ocorrencia;tipo_de_ocorrencia;km;trecho;sentido;tipo_de_acidente;caminhao;ilesos;levemente_feridos;moderadamente_feridos;gravemente_feridos;mortos;3
19/08/2013;15:34:00;1991;com vítima;210,09;BR-116/PR;Norte;Colisão Transversal;1;1;1;;;;1
20/08/2013;08:38:00;2055;sem vítima;117,4;BR-116/PR;Norte;Choque - Veiculo parado na pista;1;3;;;;;1
20/08/2013;07:32:00;2044;sem vítima;139,8;BR-116/SC;Norte;Colisão Transversal;1;2;;;;;1
21/08/2013;12:08:00;2198;sem vítima;132;BR-116/SC;Sul;Atropelamento de Animal;1;1;;;;;1
22/08/2013;18:41:00;2377;com vítima;207,3;BR-116/SC;Sul;Colisão Transversal;1;1;;;1;;2
23/08/2013;22:08:00;2489;sem vítima;184,3;BR-116/SC;Sul;Colisão Transversal;1;2;;;;;1
24/08/2013;05:22:00;2511;com vítima;129,4;BR-116/PR;Norte;Atropelamento - Morador;1;1;;;;1;3
25/08/2013;06:03:00;2582;sem vítima;55,8;BR-116/SC;Sul;Colisão Lateral;2;2;;;;;1
25/08/2013;06:24:00;2584;sem vítima;157;BR-116/PR;Norte;Objeto lançado contra veículo;1;1;;;;;1
25/08/2013;16:33:00;2617;sem vítima;193;BR-116/SC;Norte;Outros;1;1;;;;;1
26/08/2013;19:32:00;2720;sem vítima;115,4;BR-116/PR;Sul;Colisão Traseira;1;2;;;;;1
26/08/2013;15:14:00;2704;sem vítima;123,9;BR-116/PR;Norte;Colisão Lateral;1;101;;;;;1
26/08/2013;21:51:00;2728;sem vítima;139;BR-116/SC;Sul;Choque - Objeto sobre a pista;1;3;;;;;1
26/08/2013;22:09:00;2731;sem vítima;139;BR-116/SC;Sul;Choque - Objeto sobre a pista;1;2;;;;;1
26/08/2013;07:52:00;2670;sem vítima;183,6;BR-116/PR;Sul;Saida de Pista;1;1;;;;;1
27/08/2013;21:58:00;2820;sem vítima;36;BR-116/SC;Norte;Objeto lançado contra veículo;1;1;;;;;1
27/08/2013;19:27:00;2809;sem vítima;251,3;BR-116/SC;Sul;Colisão Transversal;1;2;;;;;1
29/08/2013;11:13:00;2973;sem vítima;116,2;BR-116/PR;Sul;Colisão Lateral;1;3;;;;;1
29/08/2013;22:19:00;3048;sem vítima;149;BR-116/PR;Norte;Objeto lançado contra veículo;1;1;;;;;1
29/08/2013;12:01:00;2977;sem vítima;192,6;BR-116/PR;Sul;Saida de Pista;1;1;;;;;1
29/08/2013;07:36:00;2949;sem vítima;217,1;BR-116/SC;Sul;Colisão Traseira;2;2;;;;;1
30/08/2013;09:33:00;3088;sem vítima;279;BR-116/SC;Norte;Choque - Poste;1;1;;;;;1
31/08/2013;20:55:00;3264;sem vítima;120,9;BR-116/PR;Norte;Colisão Transversal;2;2;;;;;1
01/09/2013;17:50:00;76;com vítima;43,2;BR-116/SC;Norte;Colisão Frontal;1;3;;1;;;2
01/09/2013;20:14:00;95;com vítima;209,5;BR-116/SC;Sul;Colisão Traseira;1;2;1;;;;1
02/09/2013;00:39:00;107;sem vítima;124,9;BR-116/SC;Sul;Atropelamento de Animal;1;1;;;;;1
02/09/2013;12:39:00;149;sem vítima;125;BR-116/PR;Norte;Colisão Traseira;1;2;;;;;1
02/09/2013;13:34:00;154;com vítima;234,6;BR-116/SC;Norte;Tombamento;1;0;;1;;;2
03/09/2013;13:20:00;243;sem vítima;45;BR-116/SC;Norte;Objeto lançado contra veículo;1;1;;;;;1
03/09/2013;16:08:00;258;com vítima;131,8;BR-116/PR;Norte;Colisão Transversal;2;1;1;;;;1
03/09/2013;14:32:00;247;sem vítima;134,6;BR-116/PR;Norte;Choque - Cancela de Pedagio;1;1;;;;;1
03/09/2013;11:28:00;234;sem vítima;197,48;BR-116/PR;Sul;Choque - Veiculo parado na pista;2;2;;;;;1
03/09/2013;04:57:00;211;com vítima;199,4;BR-116/PR;Norte;Colisão Lateral;2;0;1;;;1;3
04/09/2013;18:50:00;374;sem vítima;41;BR-116/SC;Sul;Choque - Objeto sobre a pista;1;1;;;;;1
04/09/2013;09:02:00;316;sem vítima;95,5;BR-116/SC;Sul;Colisão Traseira;2;2;;;;;1
04/09/2013;23:53:00;400;com vítima;125,8;BR-116/PR;Norte;Colisão Transversal;1;5;1;;;;1
05/09/2013;17:29:00;468;sem vítima;69,1;BR-116/SC;Sul;Colisão Traseira;1;2;;;;;1
05/09/2013;12:20:00;432;sem vítima;117,004;BR-116/PR;Sul;Colisão Lateral;1;2;;;;;1
05/09/2013;06:39:00;419;sem vítima;199,4;BR-116/PR;Sul;Choque - Elemento de Drenagem;1;1;;;;;1
05/09/2013;06:39:00;415;com vítima;199,6;BR-116/PR;Norte;Choque - Talude;1;0;;;;1;3
05/09/2013;14:04:00;437;com vítima;219,7;BR-116/SC;Sul;Atropelamento - Morador;1;1;;;;1;3
06/09/2013;19:55:00;601;sem vítima;118,4;BR-116/PR;Norte;Colisão Transversal;1;2;;;;;1
06/09/2013;17:49:00;593;sem vítima;140,9;BR-116/SC;Sul;Colisão Lateral;1;2;;;;;1
06/09/2013;07:48:00;515;sem vítima;160;BR-116/SC;Norte;Choque - Objeto sobre a pista;1;1;;;;;1
07/09/2013;15:46:00;692;com vítima;166,5;BR-116/SC;Norte;Colisão Transversal;1;1;1;;;;1
07/09/2013;06:56:00;638;com vítima;172;BR-116/SC;Sul;Tombamento;1;0;1;;;;1
07/09/2013;00:04:00;616;com vítima;208,2;BR-116/PR;Sul;Colisão Traseira;1;1;1;;;;1
09/09/2013;18:48:00;930;com vítima;61,95;BR-116/SC;Norte;Colisão Frontal;1;2;;;;1;3
09/09/2013;18:25:00;926;sem vítima;107,9;BR-116/SC;Sul;Colisão Lateral;1;4;;;;;1
09/09/2013;13:34:00;888;com vítima;245,5;BR-116/SC;Sul;Colisão Transversal;1;0;2;;;;1
10/09/2013;19:35:00;1047;sem vítima;125,6;BR-116/PR;Norte;Colisão Traseira;1;2;;;;;1
10/09/2013;15:22:00;1009;sem vítima;126,2;BR-116/PR;Norte;Colisão Traseira;2;3;;;;;1
10/09/2013;18:10:00;1037;com vítima;139,8;BR-116/PR;Sul;Colisão Transversal;1;1;2;1;;;2
10/09/2013;18:53:00;1043;com vítima;271,2;BR-116/SC;Sul;Colisão Transversal;1;1;;1;;;2
11/09/2013;00:05:00;1061;sem vítima;149,6;BR-116/SC;Sul;Saida de Pista;1;1;;;;;1
12/09/2013;20:43:00;1274;sem vítima;193;BR-116/PR;Norte;Objeto lançado contra veículo;1;1;;;;;1
13/09/2013;17:17:00;1369;sem vítima;134;BR-116/PR;Sul;Choque - Cancela de Pedagio;1;1;;;;;1
14/09/2013;00:21:00;1405;sem vítima;171,3;BR-116/SC;Norte;Saida de Pista;1;1;;;;;1
15/09/2013;11:39:00;1536;sem vítima;134,5;BR-116/PR;Sul;Colisão Lateral;1;5;;;;;1
16/09/2013;08:47:00;1618;com vítima;58,9;BR-116/SC;Norte;Colisão Lateral;1;2;1;1;;;2
16/09/2013;21:18:00;1666;sem vítima;124;BR-116/SC;Norte;Atropelamento de Animal;1;1;;;;;1
17/09/2013;05:08:00;1681;sem vítima;122,7;BR-116/PR;Norte;Colisão Frontal;1;6;;;;;1
17/09/2013;13:56:00;1709;sem vítima;123,3;BR-116/PR;Norte;Colisão Lateral;1;2;;;;;1
17/09/2013;17:12:00;1725;sem vítima;166,9;BR-116/SC;Sul;Choque - Outros;1;1;;;;;1
18/09/2013;16:03:00;1801;sem vítima;308,7;BR-116/SC;Norte;Tombamento;1;1;;;;;1
19/09/2013;07:54:00;1861;sem vítima;1,2;BR-116/SC;Norte;Tombamento;1;2;;;;;1
19/09/2013;09:38:00;1872;sem vítima;186,9;BR-116/SC;Sul;Colisão Traseira;3;3;;;;;1
19/09/2013;09:25:00;1870;sem vítima;208,2;BR-116/PR;Norte;Colisão Traseira;2;4;;;;;1
20/09/2013;19:20:00;2004;sem vítima;233,1;BR-116/SC;Norte;Colisão Traseira;2;2;;;;;1
20/09/2013;12:22:00;1968;sem vítima;309;BR-116/SC;Sul;Outros;1;1;;;;;1
21/09/2013;18:33:00;2090;sem vítima;202;BR-116/PR;Sul;Colisão Traseira;1;2;;;;;1
21/09/2013;06:18:00;2031;com vítima;206,3;BR-116/PR;Sul;Saida de Pista;1;0;;;;2;3
22/09/2013;17:30:00;2159;sem vítima;194,2;BR-116/PR;Sul;Colisão Lateral;1;4;;;;;1
25/09/2013;14:08:00;2452;sem vítima;120;BR-116/SC;Norte;Objeto lançado contra veículo;1;1;;;;;1
25/09/2013;19:41:00;2498;sem vítima;177,3;BR-116/PR;Norte;Tombamento;1;1;;;;;1
25/09/2013;17:58:00;2489;sem vítima;283;BR-116/SC;Norte;Objeto lançado contra veículo;1;1;;;;;1
26/09/2013;11:04:00;2548;sem vítima;81;BR-116/SC;Sul;Colisão Traseira;1;5;;;;;1
26/09/2013;19:05:00;2592;com vítima;208,9;BR-116/SC;Norte;Colisão Transversal;1;1;;1;;;2
27/09/2013;03:14:00;2619;com vítima;126,3;BR-116/PR;Sul;Colisão Transversal;1;1;1;;;;1
27/09/2013;00:20:00;2613;sem vítima;160,3;BR-116/PR;Norte;Saida de Pista;1;1;;;;;1
28/09/2013;19:54:00;2804;sem vítima;75;BR-116/SC;Norte;Colisão Lateral;1;2;;;;;1
28/09/2013;19:13:00;2801;sem vítima;105;BR-116/SC;Norte;Tombamento;1;1;;;;;1
28/09/2013;09:19:00;2758;com vítima;121,9;BR-116/PR;Sul;Colisão Lateral;1;1;;1;;;2
28/09/2013;14:46:00;2777;sem vítima;193,6;BR-116/SC;Norte;Saida de Pista;1;1;;;;;1
02/10/2013;15:34:00;169;sem vítima;4,5;BR-116/SC;Norte;Colisão Traseira;1;2;;;;;1
02/10/2013;14:56:00;164;sem vítima;12;BR-116/SC;Sul;Colisão Transversal;1;2;;;;;1
02/10/2013;20:48:00;190;sem vítima;114,5;BR-116/SC;Norte;Colisão Traseira;2;3;;;;;1
02/10/2013;15:06:00;165;sem vítima;116,5;BR-116/PR;Norte;Tombamento;1;1;;;;;1
02/10/2013;15:59:00;170;sem vítima;258;BR-116/SC;Norte;Saida de Pista;1;1;;;;;1
02/10/2013;19:49:00;186;sem vítima;262;BR-116/SC;Sul;Colisão Lateral;1;2;;;;;1
03/10/2013;13:47:00;253;com vítima;119,4;BR-116/PR;Norte;Colisão Transversal;1;1;1;;;;1
03/10/2013;19:20:00;281;sem vítima;120,5;BR-116/PR;Sul;Colisão Transversal;1;2;;;;;1
03/10/2013;00:24:00;203;sem vítima;129,8;BR-116/PR;Sul;Colisão Traseira;1;2;;;;;1
03/10/2013;16:59:00;270;sem vítima;203,65;BR-116/PR;Sul;Choque - Suporte de Sinalização;1;1;;;;;1
04/10/2013;07:29:00;317;sem vítima;131,9;BR-116/PR;Sul;Colisão Transversal;1;2;;;;;1
04/10/2013;18:30:00;377;sem vítima;138,9;BR-116/PR;Norte;Colisão Transversal;1;4;;;;;1
04/10/2013;01:42:00;304;sem vítima;233;BR-116/SC;Sul;Colisão Lateral;1;2;;;;;1
05/10/2013;17:20:00;467;sem vítima;134,8;BR-116/PR;Sul;Choque - Cancela de Pedagio;1;1;;;;;1
07/10/2013;00:11:00;580;sem vítima;126,2;BR-116/PR;Norte;Colisão Traseira;1;2;;;;;1
08/10/2013;08:51:00;718;sem vítima;140,5;BR-116/SC;Sul;Tombamento;1;1;;;;;1
08/10/2013;10:23:00;730;sem vítima;197;BR-116/SC;Norte;Saida de Pista;1;1;;;;;1
08/10/2013;07:41:00;709;sem vítima;304;BR-116/SC;Norte;Objeto lançado contra veículo;1;1;;;;;1
09/10/2013;14:30:00;852;sem vítima;82;BR-116/SC;Norte;Objeto lançado contra veículo;1;1;;;;;1
10/10/2013;23:20:00;1031;com vítima;127,8;BR-116/PR;Sul;Colisão Transversal;1;1;1;;;;1
11/10/2013;18:55:00;1155;com vítima;19,8;BR-116/SC;Sul;Colisão Lateral;1;1;1;;;;1
14/10/2013;19:32:00;1481;sem vítima;48,1;BR-116/SC;Sul;Atropelamento de Animal;1;1;;;;;1
15/10/2013;10:28:00;1532;com vítima;118,3;BR-116/PR;Norte;Colisão Transversal;1;2;1;;;;1
15/10/2013;08:55:00;1517;sem vítima;123,35;BR-116/PR;Norte;Colisão Lateral;1;2;;;;;1
15/10/2013;19:12:00;1582;sem vítima;258;BR-116/SC;Norte;Choque - Veiculo parado no acostamento;2;2;;;;;1
16/10/2013;13:52:00;1660;sem vítima;1,3;BR-116/SC;Sul;Saida de Pista;1;1;;;;;1
16/10/2013;11:26:00;1645;sem vítima;140;BR-116/PR;Norte;Tombamento;1;1;;;;;1
17/10/2013;08:58:00;1720;sem vítima;0,9;BR-116/SC;Norte;Choque - Defensa, barreira ou "submarino";1;1;;;;;1
17/10/2013;18:20:00;1774;sem vítima;35;BR-116/SC;Sul;Objeto lançado contra veículo;1;1;;;;;1
19/10/2013;21:25:00;1983;sem vítima;78,4;BR-116/SC;Norte;Atropelamento de Animal;1;1;;;;;1
19/10/2013;10:40:00;1928;sem vítima;174,8;BR-116/SC;Norte;Tombamento;1;1;;;;;1
19/10/2013;02:19:00;1902;sem vítima;202;BR-116/PR;Norte;Choque - Veiculo parado na pista;1;3;;;;;1
20/10/2013;15:32:00;2042;sem vítima;42;BR-116/SC;Norte;Objeto lançado contra veículo;1;1;;;;;1
20/10/2013;17:28:00;2050;sem vítima;99;BR-116/SC;Norte;Colisão Traseira;2;2;;;;;1
20/10/2013;12:21:00;2025;sem vítima;120;BR-116/SC;Sul;Choque - Objeto sobre a pista;1;1;;;;;1
20/10/2013;06:07:00;2003;sem vítima;190,95;BR-116/PR;Norte;Colisão Traseira;1;3;;;;;1
21/10/2013;15:34:00;2162;sem vítima;193,1;BR-116/SC;Sul;Saida de Pista;1;1;;;;;1
22/10/2013;18:14:00;2291;com vítima;91;BR-116/SC;Norte;Colisão Traseira;2;2;1;;;;1
22/10/2013;11:02:00;2243;sem vítima;119,4;BR-116/PR;Sul;Colisão Traseira;1;3;;;;;1
22/10/2013;09:10:00;2230;sem vítima;120;BR-116/SC;Sul;Objeto lançado contra veículo;1;1;;;;;1
22/10/2013;12:19:00;2253;sem vítima;136,4;BR-116/PR;Sul;Saida de Pista;1;2;;;;;1
22/10/2013;01:36:00;2206;sem vítima;304,005;BR-116/SC;Sul;Saida de Pista;1;1;;;;;1
23/10/2013;18:46:00;2403;sem vítima;85,5;BR-116/SC;Norte;Choque - Veiculo parado na pista;3;4;;;;;1
23/10/2013;17:51:00;2398;sem vítima;152;BR-116/SC;Norte;Colisão Traseira;2;2;;;;;1
23/10/2013;13:58:00;2368;sem vítima;187,3;BR-116/PR;Norte;Objeto lançado contra veículo;1;12;;;;;1
23/10/2013;23:50:00;2317;sem vítima;197,2;BR-116/PR;Norte;Objeto lançado contra veículo;1;1;;;;;1
24/10/2013;10:06:00;2450;sem vítima;122;BR-116/PR;Norte;Colisão Traseira;1;2;;;;;1
24/10/2013;14:23:00;2466;com vítima;133,5;BR-116/PR;Norte;Tombamento;1;0;1;;;;1
25/10/2013;12:34:00;2559;sem vítima;118,6;BR-116/PR;Sul;Colisão Traseira;1;2;;;;;1
25/10/2013;08:12:00;2534;sem vítima;119,5;BR-116/PR;Norte;Colisão Traseira;1;2;;;;;1
25/10/2013;00:04:00;2508;sem vítima;142;BR-116/PR;Norte;Choque - Objeto não identificado;1;1;;;;;1
26/10/2013;23:31:00;2690;com vítima;183,3;BR-116/SC;Sul;Colisão Frontal;1;1;;;;1;3
27/10/2013;16:37:00;2746;sem vítima;6;BR-116/SC;Norte;Objeto lançado contra veículo;1;2;;;;;1
27/10/2013;03:23:00;2701;sem vítima;41;BR-116/SC;Norte;Saida de Pista;1;1;;;;;1
27/10/2013;19:06:00;2767;com vítima;85,9;BR-116/SC;Norte;Colisão Transversal;1;1;;;1;1;3
28/10/2013;07:37:00;2814;com vítima;17,1;BR-116/SC;Norte;Colisão Lateral;1;1;1;;;;1
28/10/2013;17:17:00;2867;com vítima;115,5;BR-116/PR;Sul;Colisão Lateral;1;3;1;;;;1
28/10/2013;14:00:00;2844;sem vítima;233;BR-116/SC;Norte;Choque - Veiculo parado na pista;1;2;;;;;1
31/10/2013;15:15:00;3138;sem vítima;66;BR-116/SC;Norte;Objeto lançado contra veículo;1;1;;;;;1
31/10/2013;18:11:00;3148;com vítima;117,5;BR-116/SC;Norte;Tombamento;1;0;1;;;;1
31/10/2013;10:40:00;3114;sem vítima;117,5;BR-116/PR;Norte;Colisão Traseira;1;2;;;;;1
31/10/2013;13:14:00;3124;sem vítima;120;BR-116/SC;Sul;Choque - Objeto sobre a pista;1;1;;;;;1
31/10/2013;12:00:00;3119;sem vítima;193;BR-116/PR;Sul;Choque - Outros;1;1;;;;;1
31/10/2013;18:28:00;3150;sem vítima;205,7;BR-116/SC;Sul;Objeto lançado contra veículo;1;1;;;;;1
31/10/2013;19:10:00;3152;sem vítima;297;BR-116/SC;Norte;Colisão Lateral;1;6;;;;;1
01/11/2013;00:21:00;2;com vítima;141;BR-116/SC;Norte;Colisão Frontal;1;1;;1;;;2
01/11/2013;09:03:00;33;sem vítima;204;BR-116/PR;Norte;Colisão Traseira;1;2;;;;;1
02/11/2013;08:22:00;157;sem vítima;74,5;BR-116/SC;Sul;Colisão Traseira;1;3;;;;;1
03/11/2013;16:17:00;284;com vítima;132,5;BR-116/PR;Norte;Colisão Traseira;1;5;2;;1;;2
03/11/2013;01:30:00;241;com vítima;136,5;BR-116/SC;Norte;Tombamento;1;0;1;;;;1
04/11/2013;13:12:00;363;sem vítima;117;BR-116/PR;Sul;Colisão Traseira;2;2;;;;;1
04/11/2013;23:53:00;424;com vítima;210;BR-116/SC;Norte;Colisão Lateral;1;1;1;;;;1
05/11/2013;16:00:00;482;com vítima;41,4;BR-116/SC;Norte;Choque - Veiculo parado na pista;2;1;1;;;;1
05/11/2013;00:22:00;425;sem vítima;119,4;BR-116/PR;Norte;Colisão Transversal;1;2;;;;;1
06/11/2013;15:57:00;587;sem vítima;12,9;BR-116/SC;Norte;Choque - Veiculo parado no acostamento;1;7;;;;;1
06/11/2013;19:44:00;618;sem vítima;47;BR-116/SC;Norte;Objeto lançado contra veículo;1;1;;;;;1
06/11/2013;19:49:00;619;sem vítima;47;BR-116/SC;Norte;Objeto lançado contra veículo;1;2;;;;;1
06/11/2013;19:17:00;613;sem vítima;134,4;BR-116/PR;Norte;Saida de Pista;1;1;;;;;1
06/11/2013;18:26:00;609;com vítima;144,3;BR-116/SC;Norte;Colisão Traseira;1;1;3;;;;1
07/11/2013;12:27:00;660;com vítima;12,3;BR-116/SC;Sul;Colisão Transversal;1;2;1;;;;1
07/11/2013;11:06:00;656;sem vítima;113,9;BR-116/SC;Norte;Colisão Traseira;1;3;;;;;1
07/11/2013;14:09:00;664;sem vítima;204;BR-116/PR;Sul;Objeto lançado contra veículo;1;1;;;;;1
08/11/2013;16:39:00;792;sem vítima;204;BR-116/PR;Norte;Choque - Defensa, barreira ou "submarino";1;1;;;;;1
09/11/2013;16:34:00;898;sem vítima;121;BR-116/PR;Sul;Colisão Lateral;1;2;;;;;1
09/11/2013;12:54:00;884;com vítima;173,6;BR-116/SC;Norte;Saida de Pista;1;0;;;;1;3
09/11/2013;10:15:00;870;com vítima;185,2;BR-116/PR;Norte;Colisão Lateral;2;4;2;;;;1
09/11/2013;23:31:00;929;sem vítima;203,5;BR-116/PR;Norte;Choque - Veiculo parado na pista;2;3;;;;;1
09/11/2013;20:08:00;909;sem vítima;204,5;BR-116/PR;Sul;Colisão Transversal;1;2;;;;;1
10/11/2013;21:19:00;1050;sem vítima;116;BR-116/PR;Sul;Objeto lançado contra veículo;1;1;;;;;1
10/11/2013;07:42:00;949;com vítima;145;BR-116/SC;Sul;Tombamento;1;0;1;;;;1
11/11/2013;05:51:00;1072;sem vítima;119,4;BR-116/PR;Norte;Colisão Lateral;1;2;;;;;1
11/11/2013;21:28:00;1165;sem vítima;133;BR-116/PR;Norte;Colisão Traseira;1;2;;;;;1
11/11/2013;10:13:00;1097;sem vítima;134,5;BR-116/PR;Norte;Colisão Traseira;1;2;;;;;1
11/11/2013;23:10:00;1172;sem vítima;203;BR-116/PR;Norte;Choque - Defensa, barreira ou "submarino";1;1;;;;;1
12/11/2013;18:59:00;1273;com vítima;55;BR-116/SC;Norte;Tombamento;1;0;1;;;;1
12/11/2013;09:11:00;1198;sem vítima;128;BR-116/PR;Norte;Colisão Traseira;2;2;;;;;1
15/11/2013;18:55:00;1563;com vítima;134,4;BR-116/PR;Norte;Colisão Transversal;1;2;1;;;;1
16/11/2013;08:29:00;1609;sem vítima;127,4;BR-116/PR;Norte;Colisão Traseira;1;3;;;;;1
17/11/2013;01:56:00;1676;sem vítima;115;BR-116/SC;Norte;Choque - Defensa, barreira ou "submarino";1;1;;;;;1
17/11/2013;08:17:00;1691;sem vítima;117,5;BR-116/PR;Norte;Colisão Lateral;1;2;;;;;1
17/11/2013;17:12:00;1733;sem vítima;134,3;BR-116/PR;Norte;Colisão Lateral;1;4;;;;;1
17/11/2013;00:23:00;1669;sem vítima;137,4;BR-116/SC;Sul;Colisão Traseira;2;2;;;;;1
18/11/2013;14:07:00;1840;sem vítima;119,4;BR-116/PR;Sul;Colisão Transversal;1;2;;;;;1
18/11/2013;22:43:00;1892;com vítima;122,3;BR-116/PR;Norte;Colisão Traseira;1;1;1;;;;1
18/11/2013;11:02:00;1827;sem vítima;125;BR-116/PR;Sul;Colisão Traseira;1;2;;;;;1
18/11/2013;15:10:00;1844;com vítima;162,5;BR-116/SC;Norte;Tombamento;1;1;1;;;;1
19/11/2013;10:24:00;1926;sem vítima;12,3;BR-116/SC;Norte;Colisão Transversal;1;2;;;;;1
19/11/2013;13:00:00;1939;sem vítima;118;BR-116/PR;Sul;Colisão Traseira;1;2;;;;;1
19/11/2013;22:00:00;1980;sem vítima;208,8;BR-116/SC;Norte;Colisão Transversal;1;3;;;;;1
20/11/2013;14:59:00;2033;sem vítima;79;BR-116/SC;Sul;Objeto lançado contra veículo;1;1;;;;;1
20/11/2013;14:50:00;2031;sem vítima;115,3;BR-116/PR;Sul;Colisão Lateral;1;2;;;;;1
20/11/2013;12:18:00;2018;sem vítima;126,2;BR-116/PR;Norte;Colisão Lateral;1;6;;;;;1
22/11/2013;21:39:00;2254;com vítima;69;BR-116/SC;Sul;Objeto lançado contra veículo;1;0;1;;;;1
22/11/2013;11:50:00;2207;sem vítima;117,6;BR-116/PR;Norte;Colisão Lateral;1;2;;;;;1
22/11/2013;18:23:00;2243;sem vítima;131,7;BR-116/PR;Sul;Colisão Transversal;1;2;;;;;1
22/11/2013;09:26:00;2198;sem vítima;203;BR-116/PR;Norte;Colisão Traseira;2;2;;;;;1
22/11/2013;16:59:00;2229;sem vítima;233;BR-116/SC;Norte;Choque - Veiculo parado na pista;2;2;;;;;1
24/11/2013;08:33:00;2368;sem vítima;97;BR-116/SC;Norte;Choque - Objeto sobre a pista;1;1;;;;;1
24/11/2013;09:17:00;2373;sem vítima;175,2;BR-116/SC;Norte;Saida de Pista;1;3;;;;;1
24/11/2013;07:33:00;2363;sem vítima;177,5;BR-116/PR;Sul;Tombamento;1;1;;;;;1
26/11/2013;17:18:00;2609;sem vítima;102,8;BR-116/SC;Sul;Objeto lançado contra veículo;1;1;;;;;1
26/11/2013;07:55:00;2551;sem vítima;119,4;BR-116/PR;Norte;Colisão Traseira;1;2;;;;;1
27/11/2013;15:18:00;2704;sem vítima;32;BR-116/SC;Sul;Choque - Arvore;1;1;;;;;1
27/11/2013;00:53:00;2634;sem vítima;152,8;BR-116/PR;Norte;Saida de Pista;1;1;;;;;1
28/11/2013;15:03:00;2825;com vítima;138;BR-116/SC;Norte;Colisão Transversal;1;2;1;;;;1
28/11/2013;23:28:00;2883;sem vítima;183,6;BR-116/PR;Sul;Saida de Pista;1;1;;;;;1
28/11/2013;17:47:00;2848;sem vítima;257,8;BR-116/SC;Norte;Colisão Lateral;1;2;;;;;1
29/11/2013;18:41:00;2965;sem vítima;1,2;BR-116/SC;Norte;Colisão Transversal;1;3;;;;;1
29/11/2013;15:20:00;2939;sem vítima;82;BR-116/SC;Sul;Colisão Lateral;1;1;;;;;1
29/11/2013;17:37:00;2958;sem vítima;131;BR-116/PR;Sul;Choque - Cancela de Pedagio;1;1;;;;;1
29/11/2013;15:28:00;2941;sem vítima;134;BR-116/PR;Sul;Choque - Veiculo parado na pista;2;2;;;;;1
29/11/2013;16:17:00;2949;com vítima;191;BR-116/PR;Norte;Colisão Transversal;1;6;1;;;;1
30/11/2013;13:53:00;3031;sem vítima;134;BR-116/PR;Norte;Choque - Defensa, barreira ou "submarino";1;1;;;;;1
30/11/2013;06:20:00;3002;sem vítima;143;BR-116/SC;Norte;Colisão Lateral;2;2;;;;;1
30/11/2013;18:51:00;3052;sem vítima;152;BR-116/SC;Sul;Choque - Veiculo parado na pista;2;2;;;;;1
30/11/2013;18:42:00;3050;sem vítima;179;BR-116/SC;Norte;Objeto lançado contra veículo;1;1;;;;;1
30/11/2013;17:45:00;3048;sem vítima;181,5;BR-116/SC;Norte;Colisão Lateral;1;3;;;;;1
30/11/2013;23:26:00;3066;sem vítima;233;BR-116/SC;Sul;Choque - Suporte de Sinalização;1;1;;;;;1
01/12/2013;00:29:00;3;sem vítima;119,4;BR-116/PR;Norte;Colisão Transversal;1;2;;;;;1
02/12/2013;19:22:00;155;sem vítima;74,5;BR-116/SC;Norte;Colisão Traseira;1;4;;;;;1
03/12/2013;19:08:00;288;sem vítima;122;BR-116/PR;Norte;Colisão Lateral;1;3;;;;;1
03/12/2013;08:19:00;201;com vítima;124,2;BR-116/PR;Norte;Colisão Traseira;1;1;2;;;;1
03/12/2013;09:48:00;219;sem vítima;130;BR-116/PR;Norte;Tombamento;1;1;;;;;1
03/12/2013;15:34:00;263;sem vítima;132;BR-116/SC;Norte;Objeto lançado contra veículo;1;1;;;;;1
04/12/2013;12:06:00;354;sem vítima;149;BR-116/SC;Norte;Objeto lançado contra veículo;1;1;;;;;1
04/12/2013;19:22:00;393;com vítima;157;BR-116/PR;Norte;Colisão Transversal;1;7;;1;;;2
05/12/2013;11:08:00;448;sem vítima;33,5;BR-116/SC;Sul;Colisão Traseira;2;2;;;;;1
05/12/2013;13:11:00;459;com vítima;71,1;BR-116/SC;Norte;Colisão Traseira;2;1;1;;;;1
05/12/2013;18:07:00;488;sem vítima;110,5;BR-116/SC;Sul;Engavetamento;2;6;;;;;1
05/12/2013;10:00:00;441;sem vítima;116;BR-116/PR;Norte;Colisão Traseira;2;2;;;;;1
05/12/2013;20:52:00;506;sem vítima;143;BR-116/SC;Norte;Objeto lançado contra veículo;1;1;;;;;1
05/12/2013;14:27:00;465;sem vítima;155,4;BR-116/PR;Norte;Saida de Pista;1;1;;;;;1
05/12/2013;17:23:00;487;sem vítima;234;BR-116/SC;Norte;Choque - Objeto sobre a pista;1;1;;;;;1
06/12/2013;22:04:00;634;com vítima;117,6;BR-116/PR;Sul;Colisão Traseira;1;2;1;;;;1
06/12/2013;21:48:00;632;sem vítima;122,3;BR-116/PR;Norte;Colisão Transversal;1;4;;;;;1
06/12/2013;19:02:00;613;sem vítima;148,6;BR-116/SC;Norte;Objeto lançado contra veículo;1;2;;;;;1
07/12/2013;20:51:00;721;sem vítima;98,8;BR-116/SC;Sul;Colisão Transversal;1;2;;;;;1
07/12/2013;02:33:00;651;sem vítima;122,3;BR-116/PR;Sul;Colisão Lateral;1;2;;;;;1
07/12/2013;15:29:00;692;sem vítima;204;BR-116/PR;Sul;Choque - Cancela de Pedagio;1;1;;;;;1