data;horario;n_da_ocorrencia;tipo_de_ocorrencia;km;trecho;sentido;tipo_de_acidente;caminhao;ilesos;levemente_feridos;moderadamente_feridos;gravemente_feridos;mortos;3
08/07/2014;21:29:00;861;sem vítima;28,5;BR-116/SC;Sul;Colisão Lateral;1;2;;;;;1
08/07/2014;09:04:00;795;com vítima;286,24;BR-116/SC;Sul;Saida de Pista;1;0;1;;;;1
09/07/2014;21:08:00;969;com vítima;105,4;BR-116/SC;Norte;Colisão Lateral;3;3;;;1;;2
09/07/2014;14:40:00;924;com vítima;197,2;BR-116/PR;Norte;Outros;1;0;1;;;;1
09/07/2014;13:04:00;920;com vítima;221,3;BR-116/SC;Norte;Colisão Transversal;1;4;2;;;;1
09/07/2014;16:37:00;940;sem vítima;233;BR-116/SC;Norte;Colisão Traseira;2;2;;;;;1
10/07/2014;18:06:00;1075;sem vítima;170,6;BR-116/SC;Sul;Colisão Traseira;1;2;;;;;1
11/07/2014;18:22:00;1191;sem vítima;9;BR-116/SC;Sul;Colisão Lateral;1;6;;;;;1
11/07/2014;09:56:00;1130;sem vítima;141,5;BR-116/SC;Norte;Colisão Lateral;1;2;;;;;1
12/07/2014;14:54:00;1273;com vítima;166,5;BR-116/SC;Sul;Colisão Transversal;1;1;;;1;;2
12/07/2014;09:48:00;1242;sem vítima;297;BR-116/SC;Norte;Colisão Lateral;1;2;;;;;1
13/07/2014;20:53:00;1384;com vítima;49,35;BR-116/SC;Sul;Choque - Veiculo parado no acostamento;1;2;;;1;1;3
14/07/2014;10:16:00;1425;sem vítima;116,2;BR-116/PR;Sul;Colisão Traseira;1;3;;;;;1
14/07/2014;12:15:00;1443;com vítima;220,5;BR-116/SC;Norte;Colisão Transversal;1;1;1;;;;1
17/07/2014;11:57:00;1762;com vítima;177,5;BR-116/PR;Sul;Tombamento;1;0;;;1;;2
17/07/2014;08:09:00;1739;sem vítima;204,05;BR-116/PR;Norte;Choque - Objeto sobre a pista;1;1;;;;;1
17/07/2014;09:59:00;1754;sem vítima;208;BR-116/PR;Norte;Saida de Pista;1;1;;;;;1
17/07/2014;08:27:00;1743;sem vítima;209,3;BR-116/SC;Norte;Saida de Pista;1;1;;;;;1
17/07/2014;18:20:00;1797;com vítima;220,5;BR-116/SC;Sul;Colisão Transversal;1;1;;;1;;2
18/07/2014;11:25:00;1871;sem vítima;47,95;BR-116/SC;Norte;Colisão Transversal;2;3;;;;;1
18/07/2014;18:12:00;1913;com vítima;59,9;BR-116/SC;Norte;Colisão Transversal;1;1;2;;;;1
18/07/2014;19:52:00;1922;com vítima;172,8;BR-116/SC;Sul;Colisão Frontal;1;1;;;1;1;3
19/07/2014;06:44:00;1951;com vítima;125,6;BR-116/PR;Norte;Choque - Veiculo parado na pista;1;4;1;;;;1
19/07/2014;12:55:00;1985;com vítima;145;BR-116/PR;Norte;Atropelamento - Outros;1;0;1;;;;1
19/07/2014;18:57:00;2017;sem vítima;152;BR-116/SC;Sul;Choque - Veiculo parado na pista;2;2;;;;;1
20/07/2014;07:49:00;2058;com vítima;6,9;BR-116/SC;Norte;Colisão Transversal;1;1;;;;2;3
20/07/2014;18:31:00;2125;sem vítima;147;BR-116/SC;Sul;Colisão Lateral;2;2;;;;;1
20/07/2014;15:08:00;2097;sem vítima;193,3;BR-116/PR;Sul;Colisão Traseira;1;6;;;;;1
21/07/2014;16:22:00;2234;sem vítima;118;BR-116/PR;Sul;Colisão Traseira;1;2;;;;;1
22/07/2014;21:48:00;2394;sem vítima;139;BR-116/PR;Sul;Choque - Veiculo parado na pista;1;4;;;;;1
22/07/2014;00:26:00;2273;sem vítima;219;BR-116/SC;Sul;Colisão Lateral;1;2;;;;;1
23/07/2014;08:28:00;2418;sem vítima;105,1;BR-116/SC;Sul;Saida de Pista;1;1;;;;;1
23/07/2014;15:16:00;2462;sem vítima;117;BR-116/PR;Norte;Colisão Lateral;1;2;;;;;1
23/07/2014;16:05:00;2471;sem vítima;117;BR-116/PR;Norte;Colisão Lateral;1;2;;;;;1
23/07/2014;06:34:00;2411;sem vítima;146,5;BR-116/PR;Norte;Saida de Pista;1;1;;;;;1
23/07/2014;20:46:00;2492;sem vítima;245;BR-116/SC;Norte;Choque - Objeto sobre a pista;1;1;;;;;1
24/07/2014;09:02:00;2529;sem vítima;59;BR-116/SC;Norte;Colisão Transversal;1;2;;;;;1
24/07/2014;16:29:00;2581;sem vítima;81,6;BR-116/SC;Sul;Choque - Objeto não identificado;1;1;;;;;1
24/07/2014;07:13:00;2515;sem vítima;160;BR-116/PR;Sul;Colisão Traseira;1;3;;;;;1
24/07/2014;10:17:00;2535;sem vítima;193;BR-116/SC;Norte;Tombamento;1;1;;;;;1
25/07/2014;09:46:00;2641;sem vítima;16;BR-116/SC;Norte;Colisão Lateral;1;2;;;;;1
25/07/2014;09:50:00;2642;sem vítima;119;BR-116/PR;Norte;Colisão Transversal;1;2;;;;;1
25/07/2014;23:33:00;2692;sem vítima;141;BR-116/PR;Norte;Colisão Lateral;1;4;;;;;1
25/07/2014;12:19:00;2651;sem vítima;245;BR-116/SC;Norte;Colisão Transversal;1;2;;;;;1
25/07/2014;16:08:00;2669;sem vítima;247,9;BR-116/SC;Norte;Objeto lançado contra veículo;1;4;;;;;1
26/07/2014;11:54:00;2733;sem vítima;5,5;BR-116/SC;Sul;Colisão Traseira;1;6;;;;;1
26/07/2014;07:57:00;2709;com vítima;165;BR-116/SC;Norte;Tombamento;1;0;1;;;;1
27/07/2014;10:26:00;2823;sem vítima;119;BR-116/PR;Sul;Colisão Traseira;2;2;;;;;1
27/07/2014;16:50:00;2853;sem vítima;134;BR-116/PR;Norte;Choque - Defensa, barreira ou "submarino";1;1;;;;;1
28/07/2014;09:59:00;2929;com vítima;53,9;BR-116/SC;Sul;Colisão Lateral;1;1;;;1;;2
29/07/2014;17:42:00;3092;sem vítima;134;BR-116/PR;Sul;Choque - Cancela de Pedagio;1;1;;;;;1
29/07/2014;18:14:00;3096;sem vítima;233;BR-116/SC;Sul;Colisão Lateral;1;2;;;;;1
30/07/2014;15:06:00;3190;sem vítima;119;BR-116/PR;Norte;Choque - Veiculo parado na pista;2;5;;;;;1
30/07/2014;19:08:00;3221;sem vítima;171,2;BR-116/SC;Norte;Choque - Veiculo parado na pista;1;2;;;;;1
31/07/2014;17:36:00;3325;sem vítima;71,8;BR-116/SC;Sul;Objeto lançado contra veículo;1;1;;;;;1
31/07/2014;17:47:00;3328;sem vítima;71,8;BR-116/SC;Sul;Objeto lançado contra veículo;1;1;;;;;1
31/07/2014;10:15:00;3273;sem vítima;124,7;BR-116/SC;Norte;Objeto lançado contra veículo;1;1;;;;;1
31/07/2014;10:16:00;3274;sem vítima;124,7;BR-116/SC;Norte;Objeto lançado contra veículo;1;1;;;;;1
31/07/2014;10:23:00;3277;sem vítima;124,7;BR-116/SC;Norte;Objeto lançado contra veículo;1;1;;;;;1
31/07/2014;18:58:00;3339;sem vítima;174,7;BR-116/SC;Sul;Colisão Lateral;1;3;;;;;1
01/08/2014;17:12:00;71;sem vítima;180;BR-116/SC;Norte;Colisão Transversal;1;2;;;;;1
04/08/2014;22:38:00;406;sem vítima;84;BR-116/SC;Sul;Colisão Lateral;1;3;;;;;1
05/08/2014;15:11:00;470;sem vítima;140,8;BR-116/SC;Sul;Colisão Traseira;1;2;;;;;1
05/08/2014;21:25:00;516;sem vítima;157;BR-116/PR;Norte;Choque - Objeto sobre a pista;1;2;;;;;1
05/08/2014;13:43:00;460;sem vítima;167,2;BR-116/SC;Norte;Colisão Lateral;1;2;;;;;1
06/08/2014;07:55:00;539;sem vítima;119,4;BR-116/PR;Norte;Colisão Lateral;1;2;;;;;1
06/08/2014;06:08:00;536;sem vítima;180,5;BR-116/SC;Sul;Atropelamento de Animal;1;1;;;;;1
06/08/2014;19:03:00;606;sem vítima;209;BR-116/PR;Sul;Colisão Transversal;1;2;;;;;1
07/08/2014;14:14:00;674;sem vítima;173,1;BR-116/PR;Sul;Saida de Pista;1;1;;;;;1
08/08/2014;03:59:00;742;sem vítima;47,5;BR-116/SC;Sul;Saida de Pista;1;1;;;;;1
08/08/2014;07:11:00;749;sem vítima;119,4;BR-116/PR;Norte;Colisão Lateral;1;2;;;;;1
08/08/2014;10:02:00;765;com vítima;180,82;BR-116/SC;Norte;Tombamento;1;0;;;1;;2
09/08/2014;14:09:00;877;sem vítima;204;BR-116/PR;Sul;Choque - Outros;1;1;;;;;1
10/08/2014;14:53:00;951;com vítima;245,8;BR-116/SC;Sul;Tombamento;1;0;1;;;;1
11/08/2014;21:35:00;1076;sem vítima;69;BR-116/SC;Norte;Objeto lançado contra veículo;1;1;;;;;1
11/08/2014;21:57:00;1078;sem vítima;69;BR-116/SC;Norte;Objeto lançado contra veículo;1;1;;;;;1
11/08/2014;21:51:00;1077;sem vítima;117;BR-116/PR;Sul;Choque - Veiculo parado na pista;1;2;;;;;1
11/08/2014;19:49:00;1069;sem vítima;124,2;BR-116/SC;Norte;Colisão Lateral;1;2;;;;;1
11/08/2014;16:13:00;1048;sem vítima;129;BR-116/PR;Norte;Colisão Traseira;2;2;;;;;1
12/08/2014;18:11:00;1147;sem vítima;34;BR-116/SC;Sul;Choque - Arvore;1;1;;;;;1
12/08/2014;04:04:00;1087;com vítima;120,5;BR-116/PR;Norte;Colisão Traseira;2;2;1;;;;1
12/08/2014;18:41:00;1154;sem vítima;122,6;BR-116/PR;Sul;Colisão Lateral;1;2;;;;;1
12/08/2014;16:24:00;1136;sem vítima;153,6;BR-116/PR;Norte;Colisão Traseira;1;4;;;;;1
12/08/2014;16:14:00;1133;com vítima;191,7;BR-116/SC;Norte;Saida de Pista;1;0;;;;1;3
12/08/2014;12:30:00;1115;sem vítima;246;BR-116/SC;Sul;Objeto lançado contra veículo;1;1;;;;;1
13/08/2014;08:30:00;1192;sem vítima;73,6;BR-116/SC;Sul;Objeto lançado contra veículo;2;2;;;;;1
13/08/2014;23:17:00;1258;com vítima;81,3;BR-116/SC;Sul;Colisão Traseira;1;2;1;;;;1
13/08/2014;22:11:00;1256;sem vítima;118;BR-116/PR;Sul;Colisão Lateral;1;2;;;;;1
13/08/2014;13:49:00;1216;sem vítima;146;BR-116/PR;Sul;Colisão Lateral;1;2;;;;;1
13/08/2014;22:01:00;1253;com vítima;266,3;BR-116/SC;Sul;Saida de Pista;1;0;2;;;;1
14/08/2014;15:06:00;1332;sem vítima;117,7;BR-116/PR;Norte;Colisão Lateral;1;2;;;;;1
14/08/2014;17:18:00;1347;sem vítima;126;BR-116/PR;Norte;Colisão Traseira;1;2;;;;;1
14/08/2014;15:03:00;1331;sem vítima;134;BR-116/PR;Norte;Choque - Cancela de Pedagio;1;2;;;;;1
14/08/2014;20:10:00;1365;com vítima;171,3;BR-116/SC;Norte;Colisão Frontal;1;2;;;;2;3
14/08/2014;07:01:00;1273;sem vítima;211,6;BR-116/PR;Norte;Choque - Veiculo parado na pista;2;2;;;;;1
15/08/2014;15:40:00;1416;com vítima;46,7;BR-116/SC;Sul;Saida de Pista;1;0;1;;;;1
15/08/2014;11:46:00;1402;sem vítima;117,9;BR-116/PR;Norte;Colisão Lateral;1;2;;;;;1
15/08/2014;20:51:00;1443;sem vítima;217,3;BR-116/SC;Norte;Colisão Transversal;1;2;;;;;1
16/08/2014;21:32:00;1533;sem vítima;38;BR-116/SC;Sul;Atropelamento de Animal;1;1;;;;;1
16/08/2014;11:46:00;1489;sem vítima;194,7;BR-116/PR;Sul;Saida de Pista;1;1;;;;;1
18/08/2014;14:03:00;1685;sem vítima;23;BR-116/SC;Norte;Engavetamento;3;6;;;;;1
18/08/2014;10:11:00;1664;sem vítima;54,9;BR-116/SC;Norte;Colisão Frontal;1;3;;;;;1
18/08/2014;07:20:00;1648;sem vítima;126,4;BR-116/PR;Norte;Colisão Lateral;1;2;;;;;1
18/08/2014;13:39:00;1682;sem vítima;263;BR-116/SC;Norte;Saida de Pista;1;2;;;;;1
18/08/2014;10:58:00;1671;sem vítima;305,3;BR-116/SC;Norte;Tombamento;1;1;;;;;1
19/08/2014;13:54:00;1779;com vítima;120;BR-116/PR;Sul;Choque - Veiculo parado na pista;1;2;1;;;;1
19/08/2014;03:55:00;1732;sem vítima;245,5;BR-116/SC;Norte;Colisão Transversal;1;2;;;;;1
21/08/2014;09:32:00;1954;sem vítima;233,1;BR-116/SC;Norte;Colisão Traseira;2;2;;;;;1
22/08/2014;21:35:00;2111;sem vítima;4,5;BR-116/SC;Norte;Colisão Transversal;1;2;;;;;1
22/08/2014;02:03:00;2035;sem vítima;123;BR-116/PR;Sul;Atropelamento de Animal;1;1;;;;;1
22/08/2014;11:45:00;2063;sem vítima;123;BR-116/PR;Sul;Colisão Lateral;1;2;;;;;1
22/08/2014;16:15:00;2084;sem vítima;221,6;BR-116/SC;Norte;Choque - Veiculo parado na pista;1;17;;;;;1
23/08/2014;19:51:00;2197;sem vítima;69,5;BR-116/SC;Sul;Colisão Transversal;1;3;;;;;1
23/08/2014;02:49:00;2133;com vítima;125,8;BR-116/PR;Norte;Colisão Transversal;1;2;1;;;;1
23/08/2014;16:00:00;2178;com vítima;215,4;BR-116/SC;Sul;Colisão Frontal;1;1;;;;2;3
24/08/2014;14:53:00;2260;sem vítima;168,1;BR-116/SC;Sul;Colisão Lateral;1;5;;;;;1
24/08/2014;17:39:00;2289;sem vítima;191;BR-116/PR;Sul;Outros;2;2;;;;;1
25/08/2014;06:52:00;2334;com vítima;135,33;BR-116/PR;Sul;Colisão Frontal;1;1;;;;2;3
26/08/2014;01:05:00;2431;sem vítima;81,5;BR-116/SC;Sul;Saida de Pista;1;1;;;;;1
26/08/2014;20:47:00;2524;sem vítima;129,3;BR-116/PR;Norte;Colisão Transversal;1;2;;;;;1
27/08/2014;11:47:00;2582;sem vítima;204;BR-116/PR;Sul;Choque - Cancela de Pedagio;1;2;;;;;1
27/08/2014;17:04:00;2620;sem vítima;267,72;BR-116/SC;Norte;Colisão Transversal;1;3;;;;;1
28/08/2014;09:18:00;2661;sem vítima;62,85;BR-116/SC;Sul;Colisão Lateral;1;2;;;;;1
28/08/2014;18:06:00;2718;sem vítima;233;BR-116/SC;Sul;Choque - Cancela de Pedagio;1;1;;;;;1
29/08/2014;09:41:00;2767;sem vítima;3,6;BR-116/SC;Sul;Colisão Lateral;1;2;;;;;1
29/08/2014;07:35:00;2756;sem vítima;184,3;BR-116/SC;Norte;Colisão Traseira;2;2;;;;;1
29/08/2014;12:12:00;2782;sem vítima;196;BR-116/PR;Norte;Saida de Pista;1;1;;;;;1
29/08/2014;18:08:00;2820;sem vítima;210,9;BR-116/SC;Sul;Choque - Veiculo parado na pista;1;3;;;;;1
29/08/2014;03:58:00;2746;sem vítima;219;BR-116/SC;Sul;Objeto lançado contra veículo;1;1;;;;;1
29/08/2014;04:13:00;2747;sem vítima;227;BR-116/SC;Sul;Colisão Lateral;1;4;;;;;1
30/08/2014;16:30:00;2905;sem vítima;167,5;BR-116/PR;Sul;Colisão Traseira;1;2;;;;;1
30/08/2014;18:49:00;2922;com vítima;236,1;BR-116/SC;Norte;Colisão Lateral;1;1;1;;;;1
01/09/2014;13:50:00;61;com vítima;158,8;BR-116/SC;Norte;Colisão Lateral;1;1;;;1;;2
01/09/2014;08:47:00;28;com vítima;166,4;BR-116/SC;Sul;Choque - Poste;1;1;1;;;;1
01/09/2014;20:51:00;97;sem vítima;238;BR-116/SC;Norte;Choque - Objeto sobre a pista;1;1;;;;;1
02/09/2014;21:27:00;251;sem vítima;241,8;BR-116/SC;Sul;Saida de Pista;1;1;;;;;1
03/09/2014;23:57:00;359;sem vítima;7;BR-116/SC;Norte;Colisão Transversal;2;2;;;;;1
04/09/2014;11:39:00;399;sem vítima;123,7;BR-116/PR;Sul;Colisão Traseira;1;2;;;;;1
04/09/2014;14:01:00;408;sem vítima;130;BR-116/PR;Norte;Objeto lançado contra veículo;1;1;;;;;1
05/09/2014;11:32:00;501;com vítima;115,2;BR-116/PR;Norte;Colisão Transversal;1;1;;;1;;2
05/09/2014;13:56:00;515;com vítima;121;BR-116/PR;Norte;Colisão Transversal;1;1;2;;;;1
05/09/2014;06:23:00;458;sem vítima;166,8;BR-116/SC;Norte;Outros;1;1;;;;;1
06/09/2014;07:14:00;578;sem vítima;143,7;BR-116/PR;Sul;Colisão Traseira;1;2;;;;;1
06/09/2014;07:42:00;580;sem vítima;146,5;BR-116/SC;Norte;Saida de Pista;1;1;;;;;1
06/09/2014;17:46:00;615;sem vítima;200;BR-116/SC;Sul;Outros;1;1;;;;;1
06/09/2014;01:37:00;558;sem vítima;248,22;BR-116/SC;Sul;Atropelamento de Animal;1;2;;;;;1
07/09/2014;19:02:00;694;com vítima;12;BR-116/SC;Sul;Colisão Transversal;1;1;1;;;;1
07/09/2014;20:00:00;699;sem vítima;141,3;BR-116/SC;Sul;Colisão Lateral;1;2;;;;;1
08/09/2014;15:59:00;775;com vítima;5;BR-116/SC;Norte;Colisão Traseira;1;1;1;;;;1
08/09/2014;05:45:00;717;sem vítima;245;BR-116/SC;Sul;Colisão Transversal;1;2;;;;;1
10/09/2014;11:34:00;991;sem vítima;30;BR-116/SC;Sul;Colisão Traseira;2;2;;;;;1
10/09/2014;16:54:00;1027;sem vítima;116;BR-116/PR;Sul;Colisão Traseira;1;2;;;;;1
11/09/2014;10:50:00;1106;sem vítima;37;BR-116/SC;Sul;Colisão Lateral;1;2;;;;;1
11/09/2014;06:01:00;1069;sem vítima;125,8;BR-116/PR;Norte;Colisão Traseira;1;2;;;;;1
11/09/2014;17:30:00;1145;sem vítima;150,7;BR-116/PR;Norte;Colisão Traseira;2;2;;;;;1
11/09/2014;14:54:00;1130;sem vítima;160;BR-116/SC;Norte;Objeto lançado contra veículo;1;1;;;;;1
12/09/2014;16:48:00;1249;sem vítima;27,9;BR-116/SC;Sul;Engavetamento;1;4;;;;;1
12/09/2014;07:31:00;1192;com vítima;135,4;BR-116/PR;Sul;Tombamento;1;1;1;;;;1
13/09/2014;12:50:00;1318;sem vítima;203,8;BR-116/PR;Sul;Colisão Traseira;3;3;;;;;1
13/09/2014;16:21:00;1351;com vítima;213,9;BR-116/SC;Norte;Colisão Frontal;2;2;;;1;1;3
14/09/2014;20:45:00;1486;sem vítima;129,3;BR-116/PR;Norte;Colisão Lateral;1;6;;;;;1
14/09/2014;10:26:00;1414;sem vítima;152;BR-116/SC;Sul;Choque - Suporte de Sinalização;1;2;;;;;1
14/09/2014;10:49:00;1418;sem vítima;246;BR-116/SC;Sul;Colisão Transversal;1;2;;;;;1
15/09/2014;19:12:00;1597;com vítima;174,3;BR-116/SC;Norte;Saida de Pista;1;0;1;;;;1
15/09/2014;17:32:00;1590;com vítima;218,4;BR-116/SC;Sul;Colisão Transversal;1;2;1;;;;1
16/09/2014;21:29:00;1722;com vítima;142,2;BR-116/PR;Norte;Tombamento;1;1;;;1;;2
16/09/2014;06:51:00;1627;sem vítima;184;BR-116/SC;Sul;Outros;1;1;;;;;1
16/09/2014;17:15:00;1701;sem vítima;189;BR-116/PR;Norte;Saida de Pista;1;1;;;;;1
17/09/2014;19:17:00;1830;sem vítima;69,2;BR-116/SC;Sul;Choque - Poste;1;1;;;;;1
17/09/2014;17:51:00;1821;sem vítima;117;BR-116/PR;Sul;Colisão Lateral;1;2;;;;;1
17/09/2014;23:39:00;1843;sem vítima;129,4;BR-116/PR;Sul;Colisão Traseira;1;2;;;;;1
18/09/2014;09:03:00;1878;sem vítima;122,4;BR-116/PR;Sul;Colisão Lateral;1;4;;;;;1
19/09/2014;02:45:00;1954;com vítima;155;BR-116/SC;Norte;Saida de Pista;1;0;;;;1;3
19/09/2014;00:14:00;1949;sem vítima;219;BR-116/SC;Norte;Saida de Pista;1;1;;;;;1
20/09/2014;04:25:00;2060;sem vítima;182,4;BR-116/PR;Norte;Choque - Objeto sobre a pista;1;1;;;;;1
20/09/2014;22:53:00;2143;sem vítima;220,4;BR-116/SC;Sul;Colisão Transversal;2;2;;;;;1
21/09/2014;04:52:00;2158;com vítima;51,6;BR-116/SC;Sul;Colisão Frontal;1;1;1;;1;1;3
22/09/2014;16:58:00;2337;sem vítima;77,9;BR-116/SC;Sul;Colisão Lateral;1;6;;;;;1
22/09/2014;22:45:00;2367;sem vítima;133;BR-116/SC;Sul;Saida de Pista;1;1;;;;;1
22/09/2014;15:41:00;2328;sem vítima;152;BR-116/SC;Norte;Choque - Outros;1;1;;;;;1
22/09/2014;07:40:00;2265;sem vítima;173;BR-116/SC;Norte;Colisão Lateral;1;4;;;;;1
22/09/2014;19:08:00;2353;sem vítima;222;BR-116/SC;Sul;Colisão Frontal;1;2;;;;;1
23/09/2014;20:56:00;2482;com vítima;2,6;BR-116/SC;Norte;Colisão Frontal;1;1;;;;1;3
24/09/2014;22:18:00;2608;sem vítima;117,6;BR-116/PR;Sul;Colisão Lateral;1;2;;;;;1
25/09/2014;17:04:00;2696;sem vítima;134;BR-116/PR;Norte;Choque - Cancela de Pedagio;1;1;;;;;1
25/09/2014;10:49:00;2653;sem vítima;193;BR-116/PR;Norte;Saida de Pista;1;1;;;;;1
26/09/2014;08:28:00;2754;sem vítima;7;BR-116/SC;Sul;Colisão Lateral;1;2;;;;;1
26/09/2014;22:14:00;2839;sem vítima;112,2;BR-116/SC;Norte;Colisão Lateral;1;2;;;;;1
26/09/2014;21:16:00;2835;com vítima;150,4;BR-116/PR;Norte;Colisão Frontal;1;1;;;;2;3
26/09/2014;20:25:00;2834;sem vítima;193,6;BR-116/SC;Norte;Outros;1;1;;;;;1
26/09/2014;14:18:00;2785;com vítima;201,8;BR-116/PR;Sul;Saida de Pista;1;0;1;;;;1
28/09/2014;18:34:00;2984;com vítima;52;BR-116/SC;Norte;Colisão Traseira;1;2;1;;;;1
28/09/2014;14:25:00;2962;sem vítima;194,5;BR-116/PR;Sul;Saida de Pista;1;1;;;;;1
29/09/2014;14:50:00;3072;sem vítima;233;BR-116/SC;Sul;Choque - Objeto sobre a pista;1;1;;;;;1
29/09/2014;20:01:00;3101;sem vítima;255;BR-116/SC;Sul;Colisão Lateral;2;2;;;;;1
30/09/2014;09:37:00;3140;sem vítima;52,1;BR-116/SC;Norte;Choque - Veiculo parado na pista;1;2;;;;;1
30/09/2014;14:13:00;3166;sem vítima;54;BR-116/SC;Norte;Colisão Lateral;1;2;;;;;1
30/09/2014;10:21:00;3142;com vítima;157,39;BR-116/SC;Sul;Colisão Frontal;1;0;1;;;1;3
30/09/2014;15:54:00;3177;sem vítima;194;BR-116/PR;Sul;Saida de Pista;1;1;;;;;1
01/10/2014;02:08:00;11;sem vítima;183;BR-116/PR;Sul;Choque - Objeto sobre a pista;1;1;;;;;1
02/10/2014;10:32:00;167;sem vítima;33,2;BR-116/SC;Norte;Colisão Traseira;1;2;;;;;1
02/10/2014;09:17:00;160;sem vítima;34;BR-116/SC;Sul;Colisão Traseira;2;2;;;;;1
02/10/2014;15:52:00;201;sem vítima;38,3;BR-116/SC;Norte;Outros;1;1;;;;;1
03/10/2014;17:42:00;328;com vítima;217,4;BR-116/SC;Sul;Colisão Transversal;1;1;1;;1;;2
04/10/2014;11:53:00;401;sem vítima;134;BR-116/PR;Sul;Choque - Veiculo parado na pista;1;2;;;;;1
05/10/2014;22:42:00;560;sem vítima;180,1;BR-116/SC;Sul;Colisão Traseira;1;2;;;;;1
05/10/2014;20:43:00;550;sem vítima;303;BR-116/SC;Sul;Colisão Lateral;1;4;;;;;1
07/10/2014;12:23:00;707;com vítima;116,9;BR-116/PR;Norte;Atropelamento - Usuário;1;1;1;;;;1
08/10/2014;05:10:00;778;sem vítima;58;BR-116/SC;Norte;Saida de Pista;1;1;;;;;1
08/10/2014;06:37:00;780;sem vítima;81;BR-116/SC;Norte;Choque - Cancela de Pedagio;1;1;;;;;1
08/10/2014;07:34:00;785;sem vítima;198,85;BR-116/PR;Norte;Tombamento;1;1;;;;;1
09/10/2014;06:29:00;897;sem vítima;42;BR-116/SC;Norte;Choque - Veiculo parado no acostamento;2;2;;;;;1
09/10/2014;09:48:00;912;com vítima;68,1;BR-116/SC;Norte;Colisão Lateral;2;1;;;1;;2
09/10/2014;20:00:00;971;sem vítima;121,5;BR-116/PR;Norte;Colisão Lateral;1;2;;;;;1
10/10/2014;13:06:00;1029;sem vítima;201,35;BR-116/PR;Sul;Saida de Pista;1;3;;;;;1
10/10/2014;06:59:00;997;com vítima;222;BR-116/SC;Norte;Colisão Traseira;1;1;1;;;;1
10/10/2014;19:09:00;1073;sem vítima;225;BR-116/SC;Sul;Atropelamento de Animal;1;1;;;;;1
11/10/2014;09:18:00;1143;sem vítima;152,4;BR-116/PR;Norte;Colisão Transversal;1;7;;;;;1
13/10/2014;17:03:00;1435;sem vítima;120,5;BR-116/SC;Norte;Colisão Lateral;1;4;;;;;1
14/10/2014;14:41:00;1519;sem vítima;199;BR-116/PR;Sul;Objeto lançado contra veículo;1;1;;;;;1
15/10/2014;17:13:00;1671;com vítima;129,4;BR-116/PR;Norte;Colisão Traseira;1;1;1;;;;1
15/10/2014;21:32:00;1691;sem vítima;139,9;BR-116/SC;Norte;Colisão Traseira;1;2;;;;;1
17/10/2014;16:40:00;1885;sem vítima;141,7;BR-116/PR;Sul;Saida de Pista;1;1;;;;;1
17/10/2014;22:27:00;1918;com vítima;193,1;BR-116/SC;Norte;Saida de Pista;1;0;;;1;;2
17/10/2014;07:43:00;1842;com vítima;196;BR-116/PR;Sul;Colisão Transversal;1;1;1;;;;1
18/10/2014;00:23:00;1926;com vítima;163,6;BR-116/PR;Sul;Atropelamento - Usuário;1;1;;;1;;2
18/10/2014;10:55:00;1967;sem vítima;234,7;BR-116/SC;Sul;Colisão Traseira;1;2;;;;;1
19/10/2014;08:15:00;2066;sem vítima;107;BR-116/SC;Sul;Saida de Pista;1;1;;;;;1
19/10/2014;21:01:00;2109;com vítima;182,8;BR-116/PR;Sul;Colisão Frontal;1;1;;;;4;3
20/10/2014;14:15:00;2169;com vítima;209,9;BR-116/PR;Norte;Colisão Frontal;1;1;;;;1;3
20/10/2014;06:36:00;2131;sem vítima;305;BR-116/SC;Sul;Choque - Talude;1;1;;;;;1
21/10/2014;11:44:00;2270;sem vítima;80;BR-116/SC;Sul;Objeto lançado contra veículo;1;1;;;;;1
21/10/2014;07:27:00;2236;sem vítima;193;BR-116/PR;Norte;Saida de Pista;1;1;;;;;1
22/10/2014;15:17:00;2392;sem vítima;192,9;BR-116/PR;Sul;Saida de Pista;1;1;;;;;1
22/10/2014;17:02:00;2409;sem vítima;230,2;BR-116/SC;Sul;Colisão Lateral;1;2;;;;;1
22/10/2014;13:45:00;2380;com vítima;283;BR-116/SC;Norte;Colisão Lateral;1;1;1;;;;1
23/10/2014;22:38:00;2568;sem vítima;24,8;BR-116/SC;Norte;Atropelamento de Animal;1;1;;;;;1
23/10/2014;17:22:00;2532;sem vítima;141;BR-116/SC;Sul;Outros;2;2;;;;;1
23/10/2014;17:41:00;2534;sem vítima;220,5;BR-116/SC;Sul;Choque - Veiculo parado na pista;1;9;;;;;1
24/10/2014;21:03:00;2674;com vítima;68;BR-116/SC;Norte;Colisão Frontal;1;2;1;;;;1
24/10/2014;07:12:00;2586;com vítima;115,1;BR-116/PR;Norte;Colisão Traseira;1;3;1;;;;1
24/10/2014;11:02:00;2619;sem vítima;198;BR-116/PR;Norte;Colisão Traseira;1;3;;;;;1
25/10/2014;14:02:00;2738;sem vítima;65,7;BR-116/SC;Sul;Objeto lançado contra veículo;2;2;;;;;1
26/10/2014;16:47:00;2844;com vítima;114,6;BR-116/SC;Sul;Colisão Frontal;2;1;1;;;;1
27/10/2014;02:29:00;2882;sem vítima;47,5;BR-116/SC;Sul;Saida de Pista;1;1;;;;;1
27/10/2014;11:02:00;2918;sem vítima;126,2;BR-116/PR;Sul;Colisão Traseira;2;2;;;;;1
28/10/2014;13:15:00;3038;com vítima;89,5;BR-116/SC;Norte;Colisão Traseira;2;1;;;1;;2