data;horario;n_da_ocorrencia;tipo_de_ocorrencia;km;trecho;sentido;tipo_de_acidente;caminhao;ilesos;levemente_feridos;moderadamente_feridos;gravemente_feridos;mortos;3
28/10/2014;17:02:00;3057;com vítima;129,7;BR-116/PR;Sul;Colisão Lateral;1;1;1;;;;1
28/10/2014;07:37:00;2996;sem vítima;170;BR-116/PR;Norte;Tombamento;1;2;;;;;1
28/10/2014;18:55:00;3067;com vítima;236;BR-116/SC;Sul;Colisão Lateral;1;2;1;;;;1
30/10/2014;17:50:00;3290;sem vítima;219,5;BR-116/SC;Sul;Choque - Objeto sobre a pista;1;3;;;;;1
31/10/2014;10:04:00;3351;sem vítima;2,45;BR-116/SC;Norte;Colisão Traseira;2;2;;;;;1
31/10/2014;18:32:00;3418;sem vítima;81;BR-116/SC;Sul;Choque - Cancela de Pedagio;1;1;;;;;1
01/11/2014;10:28:00;27;sem vítima;34;BR-116/SC;Sul;Colisão Lateral;1;2;;;;;1
01/11/2014;12:01:00;32;sem vítima;267,7;BR-116/SC;Norte;Colisão Transversal;2;2;;;;;1
02/11/2014;00:19:00;90;sem vítima;14;BR-116/SC;Norte;Choque - Objeto sobre a pista;1;2;;;;;1
02/11/2014;10:00:00;109;sem vítima;204;BR-116/PR;Norte;Colisão Traseira;1;2;;;;;1
04/11/2014;18:05:00;356;sem vítima;199,45;BR-116/PR;Norte;Saida de Pista;1;2;;;;;1
04/11/2014;22:52:00;373;sem vítima;208,05;BR-116/PR;Sul;Colisão Traseira;2;2;;;;;1
06/11/2014;08:42:00;503;sem vítima;141;BR-116/PR;Norte;Colisão Lateral;1;2;;;;;1
07/11/2014;15:24:00;642;sem vítima;122,4;BR-116/PR;Sul;Colisão Transversal;1;2;;;;;1
07/11/2014;19:46:00;665;com vítima;149,95;BR-116/PR;Sul;Colisão Transversal;1;1;2;;;;1
07/11/2014;13:51:00;633;com vítima;151,5;BR-116/PR;Sul;Colisão Traseira;1;3;1;;;;1
07/11/2014;08:07:00;606;sem vítima;203;BR-116/PR;Norte;Choque - Cancela de Pedagio;1;1;;;;;1
07/11/2014;14:45:00;639;sem vítima;204;BR-116/PR;Sul;Choque - Cancela de Pedagio;1;1;;;;;1
08/11/2014;21:06:00;781;sem vítima;97,4;BR-116/SC;Norte;Choque - Veiculo parado na pista;1;2;;;;;1
08/11/2014;20:19:00;779;sem vítima;97,6;BR-116/SC;Sul;Saida de Pista;1;1;;;;;1
08/11/2014;17:46:00;763;sem vítima;120,6;BR-116/PR;Norte;Colisão Traseira;1;2;;;;;1
08/11/2014;21:09:00;783;com vítima;140,6;BR-116/SC;Norte;Colisão Lateral;1;4;1;;;;1
08/11/2014;06:05:00;689;sem vítima;166;BR-116/SC;Norte;Choque - Objeto sobre a pista;1;1;;;;;1
08/11/2014;15:50:00;748;sem vítima;210,2;BR-116/PR;Sul;Colisão Lateral;1;4;;;;;1
08/11/2014;16:52:00;760;sem vítima;210,2;BR-116/PR;Sul;Choque - Veiculo parado no acostamento;1;2;;;;;1
09/11/2014;16:34:00;853;sem vítima;127;BR-116/PR;Norte;Colisão Lateral;1;2;;;;;1
10/11/2014;11:39:00;936;sem vítima;70;BR-116/SC;Norte;Choque - Objeto sobre a pista;1;2;;;;;1
11/11/2014;10:54:00;1050;sem vítima;203,3;BR-116/SC;Sul;Colisão Lateral;2;3;;;;;1
12/11/2014;16:34:00;1218;sem vítima;10,6;BR-116/SC;Sul;Choque - Defensa, barreira ou "submarino";1;1;;;;;1
12/11/2014;18:29:00;1230;sem vítima;126,7;BR-116/PR;Sul;Colisão Lateral;1;2;;;;;1
12/11/2014;19:49:00;1244;sem vítima;127;BR-116/SC;Norte;Colisão Lateral;2;2;;;;;1
12/11/2014;11:01:00;1178;sem vítima;168,5;BR-116/SC;Norte;Colisão Transversal;1;2;;;;;1
13/11/2014;16:26:00;1329;sem vítima;158,1;BR-116/PR;Sul;Colisão Lateral;3;5;;;;;1
14/11/2014;10:11:00;1397;sem vítima;194;BR-116/PR;Sul;Choque - Objeto sobre a pista;1;1;;;;;1
16/11/2014;15:50:00;1589;com vítima;106;BR-116/SC;Norte;Colisão Traseira;2;3;2;;1;;2
18/11/2014;23:57:00;1865;com vítima;74,6;BR-116/SC;Sul;Colisão Lateral;2;2;;;;1;3
18/11/2014;10:38:00;1797;sem vítima;209;BR-116/PR;Sul;Colisão Traseira;2;2;;;;;1
19/11/2014;23:16:00;1978;sem vítima;184,3;BR-116/SC;Norte;Colisão Transversal;2;3;;;;;1
20/11/2014;11:25:00;2018;com vítima;292,06;BR-116/SC;Sul;Colisão Traseira;2;3;1;;;;1
21/11/2014;09:43:00;2116;sem vítima;138,4;BR-116/PR;Norte;Colisão Traseira;2;2;;;;;1
22/11/2014;18:30:00;2263;sem vítima;113,5;BR-116/SC;Sul;Choque - Objeto sobre a pista;1;1;;;;;1
22/11/2014;17:45:00;2260;sem vítima;255;BR-116/SC;Sul;Objeto lançado contra veículo;1;1;;;;;1
23/11/2014;07:35:00;2293;sem vítima;107,75;BR-116/SC;Norte;Tombamento;1;1;;;;;1
23/11/2014;21:15:00;2359;sem vítima;127;BR-116/PR;Sul;Colisão Lateral;1;2;;;;;1
23/11/2014;14:16:00;2314;sem vítima;204;BR-116/PR;Sul;Choque - Veiculo parado na pista;1;2;;;;;1
24/11/2014;10:00:00;2401;sem vítima;32;BR-116/SC;Sul;Objeto lançado contra veículo;1;2;;;;;1
25/11/2014;14:03:00;2523;sem vítima;161,9;BR-116/SC;Norte;Colisão Lateral;1;2;;;;;1
28/11/2014;16:15:00;2894;sem vítima;115,4;BR-116/SC;Norte;Colisão Lateral;1;2;;;;;1
28/11/2014;14:08:00;2870;sem vítima;127;BR-116/PR;Norte;Colisão Traseira;1;2;;;;;1
30/11/2014;16:32:00;3119;sem vítima;81,1;BR-116/SC;Norte;Choque - Defensa, barreira ou "submarino";2;2;;;;;1
30/11/2014;21:19:00;3146;sem vítima;127,2;BR-116/PR;Norte;Colisão Transversal;1;2;;;;;1
01/12/2014;17:08:00;71;sem vítima;70,4;BR-116/SC;Norte;Saida de Pista;1;1;;;;;1
01/12/2014;14:34:00;53;sem vítima;126,1;BR-116/PR;Norte;Engavetamento;2;3;;;;;1
02/12/2014;10:23:00;135;sem vítima;34;BR-116/SC;Norte;Colisão Transversal;1;2;;;;;1
02/12/2014;18:42:00;184;sem vítima;119,5;BR-116/PR;Sul;Colisão Lateral;1;2;;;;;1
03/12/2014;17:08:00;283;com vítima;309;BR-116/SC;Sul;Tombamento;1;1;2;;;;1
03/12/2014;22:38:00;316;sem vítima;309,4;BR-116/SC;Sul;Choque - Veiculo parado no acostamento;1;2;;;;;1
04/12/2014;23:29:00;409;com vítima;58,5;BR-116/SC;Norte;Colisão Lateral;1;3;1;;;;1
04/12/2014;15:19:00;371;com vítima;119,1;BR-116/PR;Sul;Colisão Lateral;1;2;1;;;;1
05/12/2014;09:37:00;440;com vítima;194,5;BR-116/SC;Sul;Colisão Lateral;1;2;1;;;;1
05/12/2014;13:56:00;459;sem vítima;204;BR-116/PR;Sul;Choque - Cancela de Pedagio;1;1;;;;;1
05/12/2014;14:41:00;462;sem vítima;233;BR-116/SC;Norte;Choque - Defensa, barreira ou "submarino";1;1;;;;;1
06/12/2014;00:54:00;526;sem vítima;116,8;BR-116/SC;Norte;Colisão Lateral;2;3;;;;;1
07/12/2014;04:30:00;645;com vítima;180,9;BR-116/SC;Sul;Saida de Pista;1;0;1;;;;1
08/12/2014;15:25:00;811;sem vítima;134,3;BR-116/SC;Norte;Colisão Traseira;1;2;;;;;1
08/12/2014;19:50:00;847;com vítima;140,6;BR-116/SC;Norte;Tombamento;1;1;1;;;;1
09/12/2014;12:35:00;905;com vítima;129,1;BR-116/PR;Norte;Colisão Lateral;1;4;1;;;;1
09/12/2014;08:05:00;872;sem vítima;152;BR-116/SC;Sul;Choque - Cancela de Pedagio;1;1;;;;;1
09/12/2014;15:35:00;935;sem vítima;160;BR-116/SC;Norte;Colisão Lateral;1;18;;;;;1
09/12/2014;15:52:00;937;com vítima;224;BR-116/SC;Sul;Colisão Lateral;1;1;1;;;;1
10/12/2014;11:52:00;1014;sem vítima;117,4;BR-116/PR;Sul;Colisão Traseira;2;3;;;;;1
11/12/2014;09:06:00;1108;sem vítima;116;BR-116/PR;Norte;Colisão Lateral;1;2;;;;;1
11/12/2014;09:34:00;1110;sem vítima;116;BR-116/PR;Norte;Colisão Lateral;1;2;;;;;1
11/12/2014;17:18:00;1160;sem vítima;154,4;BR-116/PR;Sul;Saida de Pista;1;1;;;;;1
11/12/2014;15:49:00;1151;sem vítima;204;BR-116/PR;Norte;Choque - Cancela de Pedagio;1;1;;;;;1
12/12/2014;08:38:00;1207;com vítima;139,9;BR-116/SC;Sul;Colisão Transversal;1;1;1;;;;1
12/12/2014;04:43:00;1195;sem vítima;146,8;BR-116/SC;Norte;Outros;1;1;;;;;1
13/12/2014;07:49:00;1311;sem vítima;42;BR-116/SC;Norte;Choque - Veiculo parado no acostamento;1;2;;;;;1
14/12/2014;15:31:00;1440;sem vítima;193;BR-116/PR;Norte;Choque - Outros;1;1;;;;;1
15/12/2014;13:31:00;1543;com vítima;133;BR-116/PR;Norte;Colisão Lateral;1;2;1;;;;1
16/12/2014;18:00:00;1691;sem vítima;117,6;BR-116/PR;Sul;Colisão Lateral;1;2;;;;;1
16/12/2014;14:22:00;1663;sem vítima;119,2;BR-116/PR;Sul;Colisão Frontal;1;2;;;;;1
16/12/2014;13:20:00;1656;sem vítima;127,4;BR-116/PR;Norte;Colisão Lateral;1;2;;;;;1
16/12/2014;10:42:00;1644;sem vítima;134;BR-116/PR;Sul;Choque - Defensa, barreira ou "submarino";1;1;;;;;1
16/12/2014;09:16:00;1633;sem vítima;136,32;BR-116/SC;Norte;Outros;1;1;;;;;1
16/12/2014;13:58:00;1660;sem vítima;152,3;BR-116/SC;Norte;Outros;1;1;;;;;1
16/12/2014;22:10:00;1707;sem vítima;188,1;BR-116/PR;Norte;Saida de Pista;1;1;;;;;1
17/12/2014;07:30:00;1730;sem vítima;81;BR-116/SC;Norte;Choque - Cancela de Pedagio;1;1;;;;;1
17/12/2014;18:16:00;1820;sem vítima;117,3;BR-116/PR;Norte;Colisão Lateral;1;3;;;;;1
17/12/2014;17:58:00;1819;sem vítima;127;BR-116/PR;Norte;Colisão Lateral;1;2;;;;;1
17/12/2014;12:51:00;1767;sem vítima;134;BR-116/PR;Norte;Choque - Outros;1;1;;;;;1
18/12/2014;18:32:00;1929;com vítima;155;BR-116/PR;Norte;Saida de Pista;1;1;1;;;;1
18/12/2014;21:42:00;1950;sem vítima;184,5;BR-116/SC;Sul;Choque - Poste;1;1;;;;;1
18/12/2014;15:00:00;1904;sem vítima;213;BR-116/SC;Norte;Objeto lançado contra veículo;1;1;;;;;1
19/12/2014;23:40:00;2066;sem vítima;99,8;BR-116/SC;Norte;Colisão Transversal;1;5;;;;;1
19/12/2014;06:40:00;1969;sem vítima;121;BR-116/PR;Norte;Colisão Lateral;1;3;;;;;1
19/12/2014;23:09:00;2062;com vítima;185,98;BR-116/PR;Sul;Colisão Frontal;2;1;;;1;1;3
20/12/2014;08:14:00;2083;sem vítima;17;BR-116/SC;Norte;Choque - Poste;1;1;;;;;1
20/12/2014;10:47:00;2102;sem vítima;125,8;BR-116/PR;Norte;Choque - Veiculo parado na pista;1;4;;;;;1
21/12/2014;16:37:00;2227;sem vítima;31,05;BR-116/SC;Norte;Colisão Lateral;1;3;;;;;1
21/12/2014;17:09:00;2233;sem vítima;81;BR-116/SC;Norte;;1;1;;;;;1
21/12/2014;08:26:00;2181;sem vítima;117,9;BR-116/SC;Norte;Saida de Pista;3;3;;;;;1
21/12/2014;13:18:00;2201;sem vítima;134;BR-116/PR;Sul;Objeto lançado contra veículo;1;1;;;;;1
21/12/2014;06:40:00;2176;com vítima;150,9;BR-116/PR;Norte;Tombamento;1;0;1;;;;1
21/12/2014;13:57:00;2205;sem vítima;191,3;BR-116/PR;Sul;Colisão Traseira;1;5;;;;;1
22/12/2014;13:43:00;2326;sem vítima;17,7;BR-116/SC;Norte;Colisão Lateral;2;3;;;;;1
22/12/2014;23:38:00;2386;sem vítima;81;BR-116/SC;Sul;Choque - Arvore;1;1;;;;;1
22/12/2014;22:31:00;2382;sem vítima;143,15;BR-116/SC;Sul;Colisão Lateral;1;3;;;;;1
22/12/2014;10:51:00;2307;sem vítima;148,7;BR-116/PR;Norte;Saida de Pista;1;1;;;;;1
22/12/2014;17:28:00;2360;com vítima;151,47;BR-116/SC;Sul;Colisão Lateral;1;2;2;;;;1
22/12/2014;17:24:00;2357;sem vítima;176;BR-116/SC;Norte;Choque - Defensa, barreira ou "submarino";1;1;;;;;1
22/12/2014;19:48:00;2370;sem vítima;194,4;BR-116/PR;Sul;Saida de Pista;1;1;;;;;1
23/12/2014;22:07:00;2517;sem vítima;131,8;BR-116/PR;Sul;Colisão Lateral;1;4;;;;;1
23/12/2014;17:19:00;2497;sem vítima;134;BR-116/PR;Sul;Colisão Traseira;2;2;;;;;1
24/12/2014;04:20:00;2534;sem vítima;83,4;BR-116/SC;Sul;Colisão Traseira;2;3;;;;;1
25/12/2014;04:06:00;2634;sem vítima;144,08;BR-116/SC;Sul;Saida de Pista;1;3;;;;;1
26/12/2014;11:48:00;2733;sem vítima;12;BR-116/SC;Norte;Colisão Transversal;1;2;;;;;1
27/12/2014;18:02:00;2838;com vítima;84,5;BR-116/SC;Norte;Colisão Lateral;1;1;;;1;;2
28/12/2014;18:20:00;2923;com vítima;107;BR-116/SC;Sul;Colisão Lateral;1;4;2;;;;1
28/12/2014;10:10:00;2881;sem vítima;117,2;BR-116/PR;Norte;Colisão Lateral;1;2;;;;;1
28/12/2014;15:34:00;2905;com vítima;205,5;BR-116/SC;Sul;Colisão Frontal;1;1;;;1;;2
29/12/2014;10:20:00;2980;sem vítima;117;BR-116/PR;Norte;Colisão Lateral;1;3;;;;;1
29/12/2014;10:43:00;2982;com vítima;288;BR-116/SC;Sul;Saida de Pista;1;0;1;;1;;2
30/12/2014;01:15:00;3048;sem vítima;139,4;BR-116/SC;Sul;Choque - Objeto sobre a pista;2;2;;;;;1
31/12/2014;22:21:00;3218;sem vítima;141,6;BR-116/PR;Sul;Colisão Lateral;1;2;;;;;1
31/12/2014;06:16:00;3153;sem vítima;142,8;BR-116/SC;Norte;Colisão Traseira;1;5;;;;;1
07/01/2015;17:08:00;562;sem vítima;136,4;BR-116/SC;Norte;Choque - Veiculo parado na pista;1;3;;;;;1
10/01/2015;14:55:00;869;sem vítima;152,2;BR-116/PR;Sul;Colisão Traseira;1;2;;;;;1
11/01/2015;14:09:00;944;sem vítima;89,9;BR-116/SC;Norte;Saida de Pista;1;1;;;;;1
11/01/2015;00:20:00;907;com vítima;131,3;BR-116/PR;Sul;Colisão Transversal;1;1;3;;;;1
12/01/2015;06:49:00;1014;sem vítima;129;BR-116/PR;Norte;Colisão Transversal;1;6;;;;;1
12/01/2015;21:30:00;1096;com vítima;140,5;BR-116/SC;Sul;Colisão Lateral;1;1;;;1;;2
12/01/2015;13:04:00;1043;sem vítima;234,44;BR-116/SC;Sul;Colisão Lateral;2;7;;;;;1
13/01/2015;23:09:00;1213;sem vítima;175;BR-116/PR;Norte;Colisão Lateral;1;2;;;;;1
13/01/2015;18:42:00;1192;sem vítima;199;BR-116/PR;Norte;Colisão Lateral;1;2;;;;;1
13/01/2015;08:17:00;1121;com vítima;233;BR-116/SC;Sul;Choque - Defensa, barreira ou "submarino";1;0;1;;1;;2
13/01/2015;09:30:00;1126;sem vítima;256,6;BR-116/SC;Norte;Objeto lançado contra veículo;1;1;;;;;1
14/01/2015;17:15:00;1307;sem vítima;114;BR-116/SC;Norte;Colisão Lateral;1;4;;;;;1
15/01/2015;15:03:00;1402;sem vítima;130;BR-116/PR;Sul;Choque - Objeto não identificado;1;1;;;;;1
16/01/2015;10:40:00;1497;sem vítima;133,8;BR-116/PR;Norte;Tombamento;1;1;;;;;1
16/01/2015;15:29:00;1532;sem vítima;193,7;BR-116/PR;Sul;Colisão Traseira;3;3;;;;;1
19/01/2015;15:27:00;1834;sem vítima;233;BR-116/SC;Norte;Colisão Traseira;1;5;;;;;1
20/01/2015;14:39:00;1940;com vítima;1,7;BR-116/SC;Norte;Engavetamento;4;2;2;;;;1
20/01/2015;18:19:00;1964;sem vítima;128,8;BR-116/PR;Sul;Colisão Traseira;1;2;;;;;1
21/01/2015;05:47:00;2001;sem vítima;47;BR-116/SC;Sul;Choque - Suporte de Sinalização;1;1;;;;;1
21/01/2015;01:18:00;1989;sem vítima;116;BR-116/PR;Sul;Colisão Traseira;2;2;;;;;1
22/01/2015;13:43:00;2162;com vítima;48;BR-116/SC;Sul;Choque - Veiculo parado na pista;2;2;;;;1;3
22/01/2015;16:02:00;2176;sem vítima;48,5;BR-116/SC;Sul;Choque - Veiculo parado na pista;2;2;;;;;1
22/01/2015;03:00:00;2107;sem vítima;137,3;BR-116/SC;Sul;Choque - Arvore;1;2;;;;;1
22/01/2015;15:57:00;2175;sem vítima;153;BR-116/SC;Sul;Saida de Pista;1;1;;;;;1
23/01/2015;19:41:00;2308;sem vítima;130,2;BR-116/SC;Sul;Colisão Traseira;2;2;;;;;1
24/01/2015;06:26:00;2333;sem vítima;81;BR-116/SC;Norte;Colisão Traseira;1;2;;;;;1
24/01/2015;06:42:00;2334;sem vítima;120;BR-116/PR;Sul;Colisão Lateral;1;2;;;;;1
24/01/2015;18:30:00;2392;com vítima;245;BR-116/SC;Norte;Colisão Transversal;1;1;2;;;;1
24/01/2015;10:11:00;2353;com vítima;264,7;BR-116/SC;Norte;Choque - Defensa, barreira ou "submarino";1;0;3;;;;1
25/01/2015;20:34:00;2507;sem vítima;129;BR-116/PR;Norte;Colisão Traseira;1;2;;;;;1
25/01/2015;19:25:00;2498;com vítima;155,5;BR-116/PR;Sul;Engavetamento;1;3;1;;;;1
26/01/2015;09:24:00;2537;com vítima;232,2;BR-116/SC;Norte;Colisão Frontal;1;1;;;3;2;3
27/01/2015;10:09:00;2656;com vítima;115;BR-116/PR;Sul;Colisão Lateral;1;1;;;1;;2
27/01/2015;18:06:00;2715;com vítima;181,2;BR-116/SC;Norte;Saida de Pista;1;0;1;;;;1
28/01/2015;16:47:00;2823;sem vítima;149,4;BR-116/SC;Norte;Colisão Lateral;1;2;;;;;1
29/01/2015;19:05:00;2919;sem vítima;62,4;BR-116/SC;Sul;Colisão Frontal;1;2;;;;;1
29/01/2015;20:47:00;2929;sem vítima;172,3;BR-116/SC;Norte;Saida de Pista;1;1;;;;;1
30/01/2015;10:31:00;2983;sem vítima;18;BR-116/SC;Sul;Choque - Outros;1;1;;;;;1
30/01/2015;15:11:00;3015;sem vítima;60,4;BR-116/SC;Sul;Colisão Traseira;1;2;;;;;1
30/01/2015;07:51:00;2956;sem vítima;115,5;BR-116/PR;Norte;Colisão Lateral;2;2;;;;;1
31/01/2015;20:36:00;3122;com vítima;152,2;BR-116/PR;Sul;Colisão Frontal;1;1;1;;;;1
31/01/2015;02:28:00;3059;sem vítima;205;BR-116/PR;Norte;Colisão Transversal;1;2;;;;;1
31/01/2015;21:23:00;3123;com vítima;250,9;BR-116/SC;Sul;Colisão Frontal;1;3;1;;;1;3
01/02/2015;22:19:00;76;sem vítima;255,5;BR-116/SC;Norte;Atropelamento de Animal;1;2;;;;;1
02/02/2015;16:34:00;164;com vítima;116,5;BR-116/PR;Sul;Colisão Lateral;1;1;1;;;;1
02/02/2015;08:06:00;103;sem vítima;194;BR-116/PR;Sul;Saida de Pista;1;1;;;;;1
02/02/2015;17:17:00;167;sem vítima;204;BR-116/PR;Norte;Choque - Cancela de Pedagio;1;1;;;;;1
02/02/2015;21:43:00;193;sem vítima;246;BR-116/SC;Norte;Objeto lançado contra veículo;1;1;;;;;1
03/02/2015;23:07:00;302;sem vítima;23,6;BR-116/SC;Norte;Tombamento;2;2;;;;;1
03/02/2015;01:14:00;202;com vítima;115,1;BR-116/SC;Norte;Saida de Pista;1;0;1;;;;1
03/02/2015;16:15:00;263;sem vítima;117,5;BR-116/PR;Sul;Colisão Traseira;1;2;;;;;1
03/02/2015;14:27:00;240;sem vítima;167;BR-116/SC;Norte;Saida de Pista;1;1;;;;;1
03/02/2015;16:13:00;262;sem vítima;172;BR-116/PR;Norte;Colisão Lateral;2;3;;;;;1
03/02/2015;16:41:00;266;sem vítima;245,6;BR-116/SC;Norte;Colisão Transversal;1;3;;;;;1
04/02/2015;07:48:00;327;com vítima;140,9;BR-116/PR;Sul;Colisão Traseira;1;5;;;1;1;3
04/02/2015;01:58:00;310;sem vítima;172,5;BR-116/SC;Sul;Saida de Pista;1;1;;;;;1
05/02/2015;13:00:00;453;sem vítima;115;BR-116/SC;Norte;Choque - Veiculo parado no acostamento;2;2;;;;;1
05/02/2015;17:58:00;492;sem vítima;123;BR-116/SC;Sul;Colisão Lateral;2;2;;;;;1
05/02/2015;09:20:00;435;sem vítima;134;BR-116/PR;Norte;Choque - Cancela de Pedagio;1;1;;;;;1
05/02/2015;00:42:00;412;sem vítima;201;BR-116/SC;Norte;Saida de Pista;1;1;;;;;1
06/02/2015;09:29:00;537;sem vítima;117,4;BR-116/PR;Sul;Colisão Traseira;2;2;;;;;1
06/02/2015;21:00:00;677;com vítima;242;BR-116/SC;Sul;Colisão Lateral;1;1;1;;;;1
07/02/2015;13:30:00;652;com vítima;131;BR-116/PR;Sul;Colisão Traseira;1;3;1;;;;1
07/02/2015;14:14:00;655;sem vítima;206;BR-116/PR;Norte;Colisão Lateral;1;5;;;;;1
07/02/2015;15:49:00;665;sem vítima;224,9;BR-116/SC;Sul;Colisão Lateral;2;3;;;;;1
08/02/2015;06:27:00;710;sem vítima;126,3;BR-116/PR;Sul;Choque - Veiculo parado na pista;1;2;;;;;1
08/02/2015;19:09:00;777;com vítima;233,6;BR-116/SC;Norte;Colisão Frontal;1;1;3;;2;;2
09/02/2015;23:25:00;923;sem vítima;117,9;BR-116/PR;Sul;Colisão Lateral;1;2;;;;;1
09/02/2015;09:16:00;825;sem vítima;134,6;BR-116/PR;Sul;Colisão Traseira;1;2;;;;;1
09/02/2015;10:06:00;833;sem vítima;204;BR-116/PR;Norte;Choque - Cancela de Pedagio;1;1;;;;;1
10/02/2015;22:25:00;1037;com vítima;125,8;BR-116/PR;Sul;Colisão Transversal;1;1;2;;;;1
10/02/2015;15:32:00;996;sem vítima;204,1;BR-116/PR;Sul;Choque - Defensa, barreira ou "submarino";1;1;;;;;1
10/02/2015;16:43:00;1006;sem vítima;249;BR-116/SC;Norte;Saida de Pista;1;2;;;;;1
11/02/2015;21:49:00;1151;sem vítima;117;BR-116/PR;Norte;Colisão Lateral;1;6;;;;;1
11/02/2015;10:03:00;1073;com vítima;118,1;BR-116/PR;Sul;Queda de Moto;1;1;1;;;;1
11/02/2015;11:08:00;1083;sem vítima;246,6;BR-116/SC;Sul;Colisão Transversal;1;3;;;;;1
12/02/2015;11:37:00;1211;sem vítima;180;BR-116/SC;Sul;Colisão Transversal;1;2;;;;;1
12/02/2015;15:28:00;1238;sem vítima;205,9;BR-116/PR;Norte;Saida de Pista;1;1;;;;;1
13/02/2015;20:02:00;1411;sem vítima;118;BR-116/PR;Sul;Colisão Lateral;1;2;;;;;1
13/02/2015;19:18:00;1402;com vítima;155;BR-116/PR;Norte;Colisão Lateral;2;1;2;;;;1
14/02/2015;04:08:00;1439;sem vítima;135,5;BR-116/SC;Sul;Saida de Pista;1;1;;;;;1
14/02/2015;18:12:00;1515;com vítima;234;BR-116/SC;Sul;Colisão Lateral;1;2;1;;;;1
14/02/2015;21:14:00;1536;sem vítima;246;BR-116/SC;Norte;Colisão Lateral;1;2;;;;;1
15/02/2015;11:23:00;1595;sem vítima;134;BR-116/PR;Norte;Choque - Cancela de Pedagio;1;1;;;;;1
16/02/2015;19:31:00;1776;sem vítima;303,4;BR-116/SC;Norte;Colisão Traseira;2;3;;;;;1
18/02/2015;16:38:00;2003;sem vítima;190;BR-116/SC;Norte;Colisão Lateral;1;2;;;;;1
19/02/2015;08:38:00;2073;sem vítima;122;BR-116/PR;Sul;Colisão Lateral;2;4;;;;;1
19/02/2015;20:41:00;2172;sem vítima;164,9;BR-116/SC;Sul;Saida de Pista;1;2;;;;;1
20/02/2015;16:40:00;2256;sem vítima;117,7;BR-116/PR;Norte;Choque - Outros;1;1;;;;;1
20/02/2015;03:43:00;2182;com vítima;125,5;BR-116/PR;Norte;Colisão Lateral;1;10;6;;;;1
21/02/2015;21:50:00;2396;com vítima;52;BR-116/SC;Sul;Colisão Frontal;1;1;1;;;;1
23/02/2015;00:35:00;2499;sem vítima;243;BR-116/SC;Sul;Saida de Pista;1;1;;;;;1
25/02/2015;16:09:00;2807;sem vítima;204;BR-116/PR;Sul;Colisão Traseira;1;2;;;;;1
26/02/2015;16:29:00;2936;com vítima;7,05;BR-116/SC;Sul;Colisão Transversal;1;1;1;;;;1
26/02/2015;19:37:00;2958;sem vítima;98,4;BR-116/SC;Norte;Colisão Lateral;2;2;;;;;1
27/02/2015;18:31:00;3097;sem vítima;134;BR-116/PR;Norte;Choque - Defensa, barreira ou "submarino";1;1;;;;;1
28/02/2015;22:37:00;3233;com vítima;155;BR-116/PR;Sul;Colisão Lateral;2;2;1;;;;1
28/02/2015;15:58:00;3197;com vítima;266;BR-116/SC;Sul;Colisão Lateral;1;1;2;;;;1
01/03/2015;06:40:00;23;sem vítima;50,2;BR-116/SC;Sul;Saida de Pista;1;1;;;;;1
01/03/2015;05:02:00;16;com vítima;105,7;BR-116/SC;Norte;Saida de Pista;1;0;;;1;;2
01/03/2015;08:46:00;31;sem vítima;125,5;BR-116/PR;Norte;Colisão Traseira;1;2;;;;;1
01/03/2015;19:15:00;87;sem vítima;134;BR-116/PR;Norte;Colisão Lateral;1;3;;;;;1
01/03/2015;07:21:00;26;sem vítima;165;BR-116/SC;Norte;Choque - Objeto sobre a pista;1;1;;;;;1
03/03/2015;09:58:00;4123;sem vítima;132,4;BR-116/SC;Sul;Colisão Traseira;3;3;;;;;1
04/03/2015;13:27:00;377;sem vítima;134,8;BR-116/SC;Sul;Choque - Veiculo parado no acostamento;2;2;;;;;1
04/03/2015;10:24:00;352;sem vítima;138,5;BR-116/PR;Sul;Colisão Traseira;2;2;;;;;1
04/03/2015;10:41:00;357;sem vítima;138,5;BR-116/PR;Norte;Colisão Traseira;1;2;;;;;1
04/03/2015;09:07:00;339;sem vítima;145,6;BR-116/SC;Norte;Tombamento;2;2;;;;;1
04/03/2015;20:00:00;429;com vítima;172;BR-116/SC;Sul;Tombamento;1;0;1;;;;1
05/03/2015;17:11:00;591;sem vítima;126;BR-116/PR;Norte;Colisão Lateral;1;6;;;;;1
05/03/2015;18:22:00;603;sem vítima;129;BR-116/PR;Norte;Engavetamento;2;3;;;;;1
05/03/2015;18:16:00;600;sem vítima;141,5;BR-116/PR;Norte;Colisão Traseira;1;2;;;;;1
06/03/2015;20:20:00;757;sem vítima;4,5;BR-116/SC;Sul;Colisão Transversal;2;2;;;;;1
06/03/2015;15:16:00;730;sem vítima;118,8;BR-116/PR;Norte;Tombamento;1;3;;;;;1
06/03/2015;05:49:00;673;com vítima;182,9;BR-116/PR;Norte;Colisão Lateral;1;1;;;1;;2
06/03/2015;15:58:00;732;sem vítima;191,4;BR-116/PR;Sul;Saida de Pista;1;1;;;;;1
06/03/2015;21:08:00;767;com vítima;293,41;BR-116/SC;Sul;Colisão Frontal;1;1;;;1;3;3
06/03/2015;16:24:00;736;sem vítima;305,28;BR-116/SC;Norte;Colisão Lateral;1;2;;;;;1
07/03/2015;17:20:00;886;sem vítima;81;BR-116/SC;Sul;Colisão Traseira;1;2;;;;;1
07/03/2015;11:26:00;840;sem vítima;119;BR-116/PR;Sul;Choque - Outros;2;2;;;;;1
08/03/2015;06:47:00;943;sem vítima;184;BR-116/PR;Norte;Saida de Pista;1;1;;;;;1