data;horario;n_da_ocorrencia;tipo_de_ocorrencia;km;trecho;sentido;tipo_de_acidente;caminhao;ilesos;levemente_feridos;moderadamente_feridos;gravemente_feridos;mortos;3
08/03/2015;04:53:00;939;com vítima;193,7;BR-116/SC;Norte;Colisão Transversal;1;1;;;4;3;3
08/03/2015;18:38:00;1007;sem vítima;204;BR-116/PR;Norte;Colisão Traseira;2;2;;;;;1
09/03/2015;06:13:00;1069;com vítima;155,7;BR-116/PR;Sul;Colisão Lateral;1;1;;;1;;2
11/03/2015;12:24:00;1417;com vítima;115;BR-116/SC;Sul;Colisão Lateral;1;1;1;;;;1
11/03/2015;16:20:00;1459;sem vítima;124,7;BR-116/SC;Sul;Tombamento;1;1;;;;;1
11/03/2015;11:28:00;1409;sem vítima;125;BR-116/PR;Norte;Colisão Lateral;1;2;;;;;1
11/03/2015;07:35:00;1374;com vítima;135,1;BR-116/SC;Sul;Colisão Traseira;2;1;1;;;;1
12/03/2015;17:39:00;1622;sem vítima;117;BR-116/PR;Sul;Colisão Lateral;1;2;;;;;1
12/03/2015;11:30:00;1566;sem vítima;179;BR-116/SC;Sul;Colisão Lateral;1;2;;;;;1
13/03/2015;16:23:00;1796;sem vítima;115;BR-116/PR;Norte;Objeto lançado contra veículo;1;2;;;;;1
13/03/2015;07:11:00;1702;com vítima;142;BR-116/SC;Sul;Queda de Moto;1;1;1;;;;1
13/03/2015;12:50:00;1761;sem vítima;208,8;BR-116/SC;Sul;Choque - Suporte de Sinalização;1;1;;;;;1
13/03/2015;13:46:00;1770;com vítima;287;BR-116/SC;Norte;Colisão Traseira;1;4;1;;;;1
14/03/2015;11:04:00;1894;sem vítima;129;BR-116/PR;Sul;Colisão Traseira;1;2;;;;;1
14/03/2015;19:48:00;1953;com vítima;139,6;BR-116/SC;Norte;Colisão Transversal;1;1;1;;;;1
15/03/2015;09:53:00;2025;sem vítima;44,1;BR-116/SC;Norte;Tombamento;1;1;;;;;1
16/03/2015;13:37:00;2188;sem vítima;84;BR-116/SC;Sul;Colisão Traseira;2;2;;;;;1
16/03/2015;18:24:00;2226;com vítima;185,4;BR-116/SC;Norte;Colisão Frontal;1;2;;;1;;2
16/03/2015;05:51:00;2145;sem vítima;203;BR-116/PR;Sul;Choque - Cancela de Pedagio;1;1;;;;;1
17/03/2015;16:44:00;2374;com vítima;5,5;BR-116/SC;Norte;Colisão Transversal;1;1;1;;;;1
17/03/2015;11:46:00;2329;sem vítima;117,4;BR-116/SC;Norte;Colisão Lateral;1;2;;;;;1
17/03/2015;08:31:00;2298;sem vítima;134;BR-116/PR;Sul;Colisão Traseira;1;2;;;;;1
18/03/2015;18:44:00;2544;sem vítima;175,4;BR-116/SC;Sul;Choque - Veiculo parado no acostamento;1;2;;;;;1
18/03/2015;08:23:00;2450;sem vítima;204;BR-116/PR;Sul;Objeto lançado contra veículo;1;1;;;;;1
19/03/2015;11:46:00;2638;sem vítima;122;BR-116/SC;Sul;Choque - Veiculo parado no acostamento;1;2;;;;;1
19/03/2015;14:26:00;2646;sem vítima;223,2;BR-116/SC;Norte;Colisão Lateral;2;2;;;;;1
19/03/2015;11:14:00;2634;sem vítima;246;BR-116/SC;Sul;Objeto lançado contra veículo;1;2;;;;;1
20/03/2015;13:56:00;2781;sem vítima;79,3;BR-116/SC;Norte;Choque - Objeto sobre a pista;1;1;;;;;1
20/03/2015;10:01:00;2748;sem vítima;204;BR-116/PR;Sul;Colisão Transversal;1;2;;;;;1
20/03/2015;17:24:00;2803;com vítima;210,7;BR-116/PR;Norte;Colisão Transversal;1;1;2;;;;1
20/03/2015;20:41:00;2825;sem vítima;233;BR-116/SC;Sul;Choque - Defensa, barreira ou "submarino";1;1;;;;;1
21/03/2015;09:48:00;2885;sem vítima;124;BR-116/PR;Norte;Colisão Traseira;1;4;;;;;1
23/03/2015;14:42:00;3090;sem vítima;203,9;BR-116/SC;Sul;Saida de Pista;1;1;;;;;1
24/03/2015;15:39:00;3236;sem vítima;152,4;BR-116/SC;Sul;Colisão Lateral;1;2;;;;;1
25/03/2015;18:36:00;3370;sem vítima;166;BR-116/PR;Norte;Colisão Transversal;1;2;;;;;1
25/03/2015;11:44:00;3325;sem vítima;186;BR-116/PR;Norte;Choque - Objeto sobre a pista;1;1;;;;;1
25/03/2015;13:25:00;3333;sem vítima;198,3;BR-116/PR;Norte;Choque - Veiculo parado na pista;2;2;;;;;1
27/03/2015;01:46:00;3517;sem vítima;117,5;BR-116/PR;Norte;Tombamento;1;1;;;;;1
27/03/2015;06:31:00;3529;sem vítima;171,2;BR-116/PR;Norte;Saida de Pista;1;1;;;;;1
28/03/2015;21:23:00;3717;sem vítima;183,6;BR-116/PR;Sul;Saida de Pista;1;3;;;;;1
28/03/2015;15:12:00;3684;com vítima;236,5;BR-116/SC;Sul;Colisão Frontal;1;1;2;;;;1
28/03/2015;06:08:00;3646;sem vítima;257,64;BR-116/SC;Sul;Colisão Frontal;3;3;;;;;1
29/03/2015;11:55:00;3794;sem vítima;183,5;BR-116/PR;Sul;Choque - Veiculo parado no acostamento;2;2;;;;;1
29/03/2015;18:56:00;3832;sem vítima;187;BR-116/PR;Sul;Objeto lançado contra veículo;1;1;;;;;1
30/03/2015;21:05:00;3958;com vítima;8,8;BR-116/SC;Sul;Colisão Frontal;1;0;;;5;;2
30/03/2015;15:26:00;3929;com vítima;69;BR-116/SC;Norte;Colisão Traseira;1;2;1;;;;1
31/03/2015;08:02:00;3993;sem vítima;11,8;BR-116/SC;Norte;Colisão Lateral;1;2;;;;;1
31/03/2015;17:03:00;4050;sem vítima;128;BR-116/PR;Sul;Colisão Traseira;1;2;;;;;1
01/04/2015;06:02:00;19;com vítima;4,4;BR-116/SC;Norte;Saida de Pista;1;0;1;;;;1
01/04/2015;15:41:00;69;sem vítima;129;BR-116/PR;Sul;Colisão Lateral;1;4;;;;;1
01/04/2015;15:25:00;66;com vítima;186,08;BR-116/PR;Sul;Choque - Defensa, barreira ou "submarino";2;0;1;;;1;3
02/04/2015;14:05:00;172;sem vítima;128;BR-116/PR;Norte;Colisão Transversal;1;2;;;;;1
02/04/2015;17:39:00;212;com vítima;128;BR-116/PR;Norte;Colisão Traseira;1;4;1;;;;1
02/04/2015;19:39:00;229;com vítima;131,9;BR-116/PR;Norte;Colisão Transversal;1;1;1;;;;1
04/04/2015;18:47:00;475;sem vítima;118;BR-116/PR;Sul;Colisão Lateral;1;3;;;;;1
04/04/2015;17:29:00;469;sem vítima;152;BR-116/SC;Norte;Colisão Traseira;2;2;;;;;1
06/04/2015;05:27:00;678;sem vítima;81;BR-116/SC;Norte;Choque - Cancela de Pedagio;1;1;;;;;1
06/04/2015;15:28:00;761;sem vítima;220;BR-116/SC;Norte;Objeto lançado contra veículo;2;2;;;;;1
08/04/2015;16:45:00;1020;sem vítima;4,5;BR-116/SC;Sul;Colisão Traseira;1;2;;;;;1
08/04/2015;01:08:00;934;sem vítima;100,5;BR-116/SC;Sul;Saida de Pista;1;1;;;;;1
08/04/2015;11:10:00;976;sem vítima;247,9;BR-116/SC;Sul;Colisão Traseira;1;2;;;;;1
09/04/2015;18:22:00;1156;sem vítima;115;BR-116/PR;Sul;Colisão Transversal;1;2;;;;;1
09/04/2015;12:16:00;1114;com vítima;187,5;BR-116/SC;Sul;Colisão Traseira;1;3;2;;1;;2
09/04/2015;22:10:00;1177;com vítima;205,3;BR-116/PR;Norte;Colisão Lateral;1;3;1;;1;;2
09/04/2015;09:27:00;1093;sem vítima;213,1;BR-116/SC;Norte;Saida de Pista;1;2;;;;;1
09/04/2015;18:00:00;1151;sem vítima;265,3;BR-116/SC;Norte;Choque - Objeto sobre a pista;1;1;;;;;1
10/04/2015;12:09:00;1235;sem vítima;130;BR-116/PR;Sul;Objeto lançado contra veículo;1;5;;;;;1
11/04/2015;15:21:00;1372;sem vítima;1,9;BR-116/SC;Norte;Choque - Defensa, barreira ou "submarino";1;1;;;;;1
11/04/2015;18:06:00;1390;sem vítima;2;BR-116/SC;Norte;Colisão Lateral;1;3;;;;;1
11/04/2015;18:21:00;1394;sem vítima;141,6;BR-116/PR;Norte;Colisão Lateral;1;3;;;;;1
11/04/2015;12:13:00;1359;sem vítima;209;BR-116/PR;Norte;Colisão Lateral;1;6;;;;;1
11/04/2015;08:02:00;1334;com vítima;209,8;BR-116/SC;Sul;Colisão Transversal;1;1;;;1;;2
12/04/2015;14:52:00;1468;sem vítima;134;BR-116/PR;Norte;Choque - Cancela de Pedagio;1;1;;;;;1
13/04/2015;08:08:00;1547;com vítima;139;BR-116/SC;Norte;Colisão Transversal;1;1;;;1;;2
13/04/2015;13:08:00;1584;sem vítima;145;BR-116/PR;Sul;Choque - Outros;2;4;;;;;1
13/04/2015;16:14:00;1612;sem vítima;204;BR-116/PR;Norte;Choque - Cancela de Pedagio;1;1;;;;;1
13/04/2015;05:51:00;1541;sem vítima;256,9;BR-116/SC;Sul;Colisão Traseira;1;2;;;;;1
14/04/2015;18:08:00;1760;sem vítima;26,5;BR-116/SC;Sul;Outros;1;1;;;;;1
14/04/2015;14:23:00;1722;sem vítima;139;BR-116/SC;Norte;Colisão Transversal;1;3;;;;;1
15/04/2015;11:56:00;1822;sem vítima;12;BR-116/SC;Norte;Colisão Traseira;2;2;;;;;1
15/04/2015;19:21:00;1867;sem vítima;116;BR-116/PR;Sul;Colisão Traseira;1;2;;;;;1
15/04/2015;11:28:00;1818;sem vítima;119;BR-116/PR;Norte;Choque - Suporte de Sinalização;1;1;;;;;1
16/04/2015;17:54:00;1987;sem vítima;117,8;BR-116/PR;Norte;Choque - Suporte de Sinalização;1;1;;;;;1
16/04/2015;17:54:00;1986;sem vítima;119;BR-116/PR;Norte;Choque - Suporte de Sinalização;1;1;;;;;1
16/04/2015;15:01:00;1959;com vítima;126;BR-116/PR;Sul;Colisão Lateral;1;1;;;1;;2
16/04/2015;16:19:00;1975;sem vítima;139,5;BR-116/PR;Norte;Saida de Pista;1;1;;;;;1
16/04/2015;12:14:00;1942;sem vítima;152;BR-116/PR;Norte;Colisão Transversal;1;2;;;;;1
16/04/2015;10:57:00;1934;sem vítima;204,6;BR-116/SC;Sul;Colisão Traseira;1;2;;;;;1
16/04/2015;21:59:00;2004;sem vítima;246,9;BR-116/SC;Sul;Colisão Traseira;1;3;;;;;1
17/04/2015;11:53:00;2053;com vítima;11;BR-116/SC;Norte;Choque - Veiculo parado na pista;2;2;1;;;;1
18/04/2015;16:30:00;2197;com vítima;290,6;BR-116/SC;Sul;Colisão Lateral;1;2;4;;;;1
19/04/2015;11:03:00;2267;sem vítima;117;BR-116/PR;Sul;Colisão Lateral;1;2;;;;;1
20/04/2015;09:18:00;2340;sem vítima;107,7;BR-116/SC;Norte;Tombamento;1;1;;;;;1
20/04/2015;23:50:00;2389;com vítima;120,5;BR-116/PR;Sul;Colisão Traseira;1;2;;;2;;2
20/04/2015;07:42:00;2333;com vítima;144;BR-116/SC;Norte;Saida de Pista;1;0;1;;;;1
20/04/2015;10:00:00;2341;sem vítima;155;BR-116/PR;Norte;Objeto lançado contra veículo;1;2;;;;;1
21/04/2015;20:46:00;2482;com vítima;148;BR-116/PR;Sul;Colisão Transversal;1;1;1;;;;1
22/04/2015;06:28:00;2516;sem vítima;122,8;BR-116/PR;Norte;Colisão Traseira;1;2;;;;;1
23/04/2015;01:38:00;2611;sem vítima;42;BR-116/SC;Sul;Colisão Traseira;4;7;;;;;1
23/04/2015;11:58:00;2659;sem vítima;201,7;BR-116/SC;Norte;Saida de Pista;1;1;;;;;1
24/04/2015;20:29:00;2821;com vítima;152;BR-116/PR;Sul;Colisão Frontal;1;1;;;1;;2
25/04/2015;01:50:00;2836;sem vítima;4,5;BR-116/SC;Norte;Colisão Transversal;1;2;;;;;1
27/04/2015;09:25:00;3053;sem vítima;167;BR-116/PR;Norte;Choque - Veiculo parado no acostamento;1;2;;;;;1
27/04/2015;06:17:00;3039;sem vítima;193,1;BR-116/PR;Norte;Colisão Traseira;1;6;;;;;1
27/04/2015;22:49:00;3152;com vítima;223,5;BR-116/SC;Norte;Tombamento;1;0;1;;;;1
28/04/2015;08:11:00;3175;sem vítima;115,4;BR-116/PR;Norte;Colisão Traseira;1;2;;;;;1
28/04/2015;17:26:00;3233;sem vítima;119;BR-116/PR;Norte;Colisão Lateral;1;2;;;;;1
28/04/2015;14:47:00;3210;sem vítima;126;BR-116/PR;Norte;Colisão Lateral;1;5;;;;;1
28/04/2015;17:22:00;3232;com vítima;134,7;BR-116/SC;Sul;Colisão Traseira;2;1;1;;;;1
28/04/2015;06:14:00;3170;com vítima;308,7;BR-116/SC;Norte;Tombamento;1;0;1;;;;1
30/04/2015;05:41:00;3437;sem vítima;122;BR-116/PR;Norte;Colisão Traseira;1;2;;;;;1
30/04/2015;19:17:00;3553;com vítima;131,1;BR-116/PR;Sul;Colisão Transversal;1;3;1;;;;1
30/04/2015;19:04:00;3549;com vítima;140;BR-116/SC;Norte;Colisão Frontal;1;2;2;;;;1
01/05/2015;22:34:00;89;com vítima;131,1;BR-116/PR;Sul;Colisão Transversal;1;1;2;;;;1
02/05/2015;20:29:00;161;sem vítima;141;BR-116/PR;Norte;Colisão Transversal;1;2;;;;;1
02/05/2015;14:46:00;128;sem vítima;148,2;BR-116/PR;Sul;Colisão Transversal;1;2;;;;;1
02/05/2015;13:22:00;125;com vítima;275,1;BR-116/SC;Norte;Colisão Traseira;1;1;1;;;;1
03/05/2015;05:23:00;183;sem vítima;49,5;BR-116/SC;Norte;Colisão Lateral;2;3;;;;;1
03/05/2015;19:48:00;229;sem vítima;134;BR-116/PR;Norte;Colisão Lateral;1;2;;;;;1
03/05/2015;16:45:00;210;sem vítima;261,7;BR-116/SC;Sul;Colisão Lateral;1;3;;;;;1
04/05/2015;11:29:00;292;sem vítima;150,2;BR-116/PR;Sul;Colisão Lateral;2;2;;;;;1
05/05/2015;10:02:00;393;sem vítima;128;BR-116/PR;Sul;Colisão Lateral;1;2;;;;;1
05/05/2015;10:34:00;399;sem vítima;197;BR-116/SC;Sul;Objeto lançado contra veículo;1;1;;;;;1
05/05/2015;12:10:00;410;sem vítima;245,6;BR-116/SC;Norte;Colisão Transversal;1;2;;;;;1
06/05/2015;22:44:00;613;com vítima;64,4;BR-116/SC;Norte;Colisão Lateral;1;1;1;;;;1
06/05/2015;10:54:00;545;sem vítima;115;BR-116/PR;Sul;Colisão Transversal;1;2;;;;;1
06/05/2015;22:33:00;612;com vítima;133;BR-116/SC;Norte;Colisão Frontal;1;1;1;;1;;2
06/05/2015;10:50:00;541;sem vítima;204;BR-116/PR;Sul;Colisão Lateral;1;2;;;;;1
08/05/2015;18:42:00;837;sem vítima;138;BR-116/SC;Norte;Colisão Lateral;2;3;;;;;1
08/05/2015;02:28:00;742;com vítima;180,1;BR-116/SC;Norte;Colisão Frontal;1;1;1;;;;1
09/05/2015;10:14:00;891;sem vítima;134;BR-116/PR;Sul;Colisão Lateral;1;2;;;;;1
10/05/2015;11:34:00;1027;com vítima;144,7;BR-116/SC;Norte;Colisão Frontal;1;1;;;1;;2
11/05/2015;06:44:00;1119;sem vítima;142,1;BR-116/PR;Norte;Colisão Lateral;1;2;;;;;1
12/05/2015;09:22:00;1252;com vítima;155,2;BR-116/SC;Sul;Saida de Pista;1;0;1;;1;;2
13/05/2015;17:57:00;1430;com vítima;107,8;BR-116/SC;Sul;Colisão Lateral;2;1;;;1;;2
13/05/2015;09:03:00;1360;sem vítima;137;BR-116/PR;Norte;Objeto lançado contra veículo;1;1;;;;;1
13/05/2015;11:56:00;1378;sem vítima;262,86;BR-116/SC;Sul;Colisão Lateral;2;2;;;;;1
14/05/2015;10:27:00;1502;sem vítima;135,8;BR-116/PR;Sul;Colisão Transversal;1;2;;;;;1
14/05/2015;11:19:00;1510;sem vítima;204;BR-116/PR;Sul;Choque - Cancela de Pedagio;1;1;;;;;1
14/05/2015;17:00:00;1543;sem vítima;244,7;BR-116/SC;Sul;Saida de Pista;1;1;;;;;1
15/05/2015;09:34:00;1614;sem vítima;245;BR-116/SC;Sul;Colisão Traseira;1;3;;;;;1
16/05/2015;08:13:00;1736;sem vítima;117,5;BR-116/PR;Sul;Colisão Traseira;1;2;;;;;1
17/05/2015;00:23:00;1841;com vítima;107,8;BR-116/SC;Norte;Saida de Pista;1;0;;;;1;3
18/05/2015;15:39:00;2020;com vítima;36,4;BR-116/SC;Norte;Colisão Frontal;1;1;;;1;;2
18/05/2015;09:19:00;1972;sem vítima;155,1;BR-116/SC;Sul;Saida de Pista;1;1;;;;;1
19/05/2015;14:45:00;2104;sem vítima;4,5;BR-116/SC;Norte;Colisão Transversal;1;2;;;;;1
19/05/2015;17:02:00;2128;com vítima;32,3;BR-116/SC;Sul;Colisão Traseira;1;1;2;;;;1
19/05/2015;10:32:00;2096;com vítima;118;BR-116/PR;Sul;Colisão Lateral;2;1;1;;;;1
19/05/2015;11:11:00;2097;sem vítima;203;BR-116/PR;Sul;Choque - Cancela de Pedagio;1;1;;;;;1
20/05/2015;22:11:00;2269;com vítima;176,3;BR-116/SC;Sul;Saida de Pista;1;0;1;;;;1
20/05/2015;06:50:00;2174;sem vítima;212,1;BR-116/SC;Sul;Colisão Traseira;2;2;;;;;1
21/05/2015;05:17:00;2283;com vítima;115,3;BR-116/PR;Sul;Colisão Traseira;1;1;1;;;;1
21/05/2015;08:15:00;2291;com vítima;128;BR-116/PR;Norte;Atropelamento - Usuário;1;1;1;;;;1
21/05/2015;11:07:00;2306;sem vítima;134;BR-116/PR;Sul;Colisão Traseira;1;2;;;;;1
21/05/2015;05:51:00;2284;com vítima;204,3;BR-116/SC;Norte;Choque - Defensa, barreira ou "submarino";1;2;1;;;;1
22/05/2015;18:04:00;2472;sem vítima;117;BR-116/PR;Sul;Colisão Traseira;1;4;;;;;1
22/05/2015;17:29:00;2469;sem vítima;152;BR-116/PR;Norte;Colisão Transversal;1;5;;;;;1
24/05/2015;17:59:00;2698;sem vítima;182,7;BR-116/SC;Norte;Colisão Transversal;1;3;;;;;1
25/05/2015;06:26:00;2749;sem vítima;138,4;BR-116/PR;Sul;Saida de Pista;1;1;;;;;1
25/05/2015;15:05:00;2809;sem vítima;266;BR-116/SC;Norte;Colisão Lateral;1;2;;;;;1
26/05/2015;00:56:00;2856;sem vítima;47,5;BR-116/SC;Norte;Saida de Pista;1;1;;;;;1
26/05/2015;16:58:00;2946;sem vítima;93,3;BR-116/SC;Sul;Objeto lançado contra veículo;1;3;;;;;1
26/05/2015;10:36:00;2890;sem vítima;103,7;BR-116/SC;Norte;Objeto lançado contra veículo;1;2;;;;;1
26/05/2015;17:46:00;2950;sem vítima;133;BR-116/PR;Norte;Colisão Lateral;2;2;;;;;1
26/05/2015;20:40:00;2966;sem vítima;210;BR-116/SC;Sul;Saida de Pista;1;1;;;;;1
27/05/2015;14:24:00;3036;sem vítima;7,2;BR-116/SC;Sul;Objeto lançado contra veículo;1;1;;;;;1
27/05/2015;12:33:00;3029;sem vítima;203,9;BR-116/PR;Norte;Colisão Lateral;2;2;;;;;1
28/05/2015;16:30:00;3168;sem vítima;81;BR-116/SC;Norte;Choque - Cancela de Pedagio;1;1;;;;;1
28/05/2015;16:04:00;3163;com vítima;129;BR-116/PR;Norte;Colisão Transversal;1;2;2;;;;1
29/05/2015;15:13:00;3263;sem vítima;81;BR-116/SC;Sul;Colisão Traseira;1;2;;;;;1
29/05/2015;08:47:00;3217;sem vítima;189;BR-116/SC;Sul;Objeto lançado contra veículo;1;1;;;;;1
30/05/2015;11:23:00;3362;com vítima;57,3;BR-116/SC;Norte;Colisão Lateral;2;3;4;;1;;2
30/05/2015;10:28:00;3354;sem vítima;81;BR-116/SC;Sul;Colisão Traseira;1;2;;;;;1
30/05/2015;10:58:00;3358;sem vítima;152;BR-116/PR;Norte;Colisão Transversal;1;2;;;;;1
01/06/2015;17:53:00;92;sem vítima;134;BR-116/PR;Sul;Choque - Cancela de Pedagio;1;1;;;;;1
01/06/2015;08:57:00;30;sem vítima;265;BR-116/SC;Sul;Choque - Talude;1;1;;;;;1
02/06/2015;12:07:00;165;com vítima;126;BR-116/PR;Norte;Colisão Lateral;1;1;1;;;;1
03/06/2015;03:50:00;244;sem vítima;179,1;BR-116/PR;Norte;Tombamento;1;1;;;;;1
04/06/2015;07:49:00;383;com vítima;126;BR-116/PR;Sul;Engavetamento;1;5;2;;;;1
05/06/2015;15:28:00;537;sem vítima;118,9;BR-116/PR;Sul;Colisão Transversal;1;2;;;;;1
06/06/2015;09:34:00;622;sem vítima;12,4;BR-116/SC;Sul;Colisão Transversal;1;2;;;;;1
07/06/2015;11:45:00;739;sem vítima;81;BR-116/SC;Norte;Objeto lançado contra veículo;1;1;;;;;1
09/06/2015;21:55:00;1053;sem vítima;117,6;BR-116/PR;Norte;Colisão Lateral;1;2;;;;;1
09/06/2015;07:31:00;962;sem vítima;119;BR-116/PR;Norte;Colisão Traseira;1;2;;;;;1
10/06/2015;08:40:00;1102;sem vítima;81;BR-116/SC;Sul;Choque - Cancela de Pedagio;1;1;;;;;1
10/06/2015;07:46:00;1093;sem vítima;204;BR-116/PR;Norte;Choque - Cancela de Pedagio;1;1;;;;;1
11/06/2015;18:08:00;1310;com vítima;49;BR-116/SC;Sul;Colisão Lateral;1;1;;;1;;2
11/06/2015;13:47:00;1280;sem vítima;140;BR-116/SC;Sul;Objeto lançado contra veículo;1;2;;;;;1
11/06/2015;21:38:00;1322;sem vítima;180;BR-116/PR;Sul;Saida de Pista;1;1;;;;;1
11/06/2015;15:30:00;1295;sem vítima;232;BR-116/SC;Norte;Choque - Cancela de Pedagio;1;1;;;;;1
12/06/2015;14:36:00;1388;sem vítima;181,4;BR-116/SC;Norte;Tombamento;1;1;;;;;1
14/06/2015;00:08:00;1509;sem vítima;107,7;BR-116/SC;Norte;Saida de Pista;1;1;;;;;1
16/06/2015;08:54:00;1754;com vítima;7;BR-116/SC;Sul;Colisão Transversal;1;1;1;;;;1
16/06/2015;15:32:00;1803;sem vítima;12,1;BR-116/SC;Sul;Colisão Traseira;1;2;;;;;1
16/06/2015;07:40:00;1742;sem vítima;134;BR-116/PR;Norte;Choque - Defensa, barreira ou "submarino";1;1;;;;;1
16/06/2015;20:46:00;1848;com vítima;245;BR-116/SC;Norte;Colisão Frontal;1;1;1;;;;1
17/06/2015;21:13:00;1973;sem vítima;129;BR-116/PR;Norte;Colisão Traseira;2;2;;;;;1
17/06/2015;13:11:00;1922;sem vítima;243,76;BR-116/SC;Norte;Tombamento;1;1;;;;;1
18/06/2015;16:19:00;2063;sem vítima;12,3;BR-116/SC;Norte;Colisão Lateral;1;2;;;;;1
18/06/2015;10:07:00;2018;sem vítima;133,5;BR-116/PR;Sul;Objeto lançado contra veículo;1;1;;;;;1
18/06/2015;18:41:00;2073;sem vítima;199;BR-116/PR;Norte;Colisão Lateral;1;2;;;;;1
18/06/2015;12:42:00;2031;sem vítima;233;BR-116/SC;Norte;Colisão Traseira;2;2;;;;;1
20/06/2015;14:32:00;2276;com vítima;107,2;BR-116/SC;Norte;Colisão Traseira;2;0;2;;;;1
20/06/2015;19:26:00;2303;sem vítima;118;BR-116/PR;Sul;Colisão Lateral;1;2;;;;;1
20/06/2015;02:48:00;2233;sem vítima;137;BR-116/SC;Sul;Saida de Pista;1;1;;;;;1
21/06/2015;06:13:00;2336;sem vítima;116,3;BR-116/SC;Sul;Saida de Pista;1;1;;;;;1
22/06/2015;20:25:00;2497;sem vítima;139,75;BR-116/PR;Norte;Tombamento;1;1;;;;;1
22/06/2015;20:30:00;2498;sem vítima;152;BR-116/SC;Norte;Colisão Traseira;2;2;;;;;1
24/06/2015;07:26:00;2648;com vítima;145;BR-116/SC;Norte;Saida de Pista;1;0;1;;;;1
24/06/2015;15:55:00;2714;sem vítima;152;BR-116/SC;Norte;Choque - Cancela de Pedagio;1;1;;;;;1
25/06/2015;10:21:00;2805;sem vítima;117,5;BR-116/PR;Sul;Colisão Lateral;1;2;;;;;1
26/06/2015;14:57:00;2970;sem vítima;17,2;BR-116/SC;Norte;Choque - Objeto sobre a pista;1;1;;;;;1
26/06/2015;11:32:00;2949;com vítima;125,3;BR-116/PR;Norte;Saida de Pista;1;0;1;;;;1
26/06/2015;20:35:00;3005;com vítima;148,1;BR-116/PR;Sul;Saida de Pista;1;1;1;;;;1
27/06/2015;19:07:00;3107;com vítima;63,7;BR-116/SC;Norte;Colisão Lateral;1;1;1;;1;1;3
28/06/2015;10:39:00;3165;sem vítima;152;BR-116/SC;Sul;Choque - Cancela de Pedagio;1;3;;;;;1
28/06/2015;14:40:00;3177;com vítima;211,2;BR-116/SC;Sul;Tombamento;1;0;1;;;;1
30/06/2015;10:46:00;3408;sem vítima;117,6;BR-116/PR;Norte;Colisão Lateral;1;2;;;;;1
30/06/2015;11:16:00;3411;com vítima;145,6;BR-116/SC;Sul;Choque - Objeto sobre a pista;1;4;2;;;;1
30/06/2015;11:45:00;3417;sem vítima;145,6;BR-116/SC;Norte;Colisão Traseira;1;3;;;;;1
30/06/2015;16:09:00;3438;sem vítima;152;BR-116/SC;Norte;Choque - Cancela de Pedagio;1;1;;;;;1
30/06/2015;17:08:00;3445;sem vítima;191,2;BR-116/PR;Norte;Colisão Traseira;1;3;;;;;1
01/07/2015;17:29:00;93;sem vítima;94,5;BR-116/SC;Sul;Colisão Traseira;1;4;;;;;1
01/07/2015;08:07:00;29;sem vítima;115,25;BR-116/PR;Norte;Colisão Lateral;1;2;;;;;1
01/07/2015;07:07:00;23;sem vítima;117,5;BR-116/PR;Norte;Colisão Lateral;1;2;;;;;1
01/07/2015;17:24:00;92;sem vítima;152;BR-116/SC;Norte;Colisão Traseira;2;2;;;;;1
02/07/2015;09:54:00;171;sem vítima;117,5;BR-116/PR;Norte;Saida de Pista;1;1;;;;;1
03/07/2015;09:10:00;288;sem vítima;121,8;BR-116/SC;Norte;Choque - Objeto sobre a pista;1;1;;;;;1
03/07/2015;14:53:00;330;com vítima;129,2;BR-116/PR;Sul;Colisão Lateral;1;2;1;;;;1
03/07/2015;09:54:00;293;sem vítima;136;BR-116/PR;Norte;Choque - Objeto sobre a pista;1;1;;;;;1
03/07/2015;13:39:00;321;sem vítima;233;BR-116/SC;Norte;Choque - Defensa, barreira ou "submarino";1;1;;;;;1
03/07/2015;00:39:00;258;sem vítima;285;BR-116/SC;Norte;Saida de Pista;1;1;;;;;1
04/07/2015;19:33:00;466;sem vítima;121;BR-116/SC;Norte;Objeto lançado contra veículo;1;1;;;;;1
04/07/2015;20:22:00;470;sem vítima;168;BR-116/SC;Sul;Colisão Lateral;1;2;;;;;1
04/07/2015;13:45:00;430;com vítima;184,3;BR-116/SC;Sul;Tombamento;1;0;1;;;;1
06/07/2015;23:12:00;698;sem vítima;135;BR-116/SC;Sul;Choque - Objeto sobre a pista;1;2;;;;;1
07/07/2015;17:30:00;791;com vítima;82,6;BR-116/SC;Norte;Colisão Transversal;1;1;1;;;;1
07/07/2015;10:59:00;734;sem vítima;117,98;BR-116/PR;Sul;Colisão Lateral;1;2;;;;;1
07/07/2015;00:38:00;706;sem vítima;171,8;BR-116/SC;Norte;Saida de Pista;1;1;;;;;1
07/07/2015;16:23:00;781;sem vítima;185;BR-116/SC;Norte;Colisão Lateral;2;2;;;;;1
07/07/2015;15:42:00;770;sem vítima;188;BR-116/PR;Sul;Objeto lançado contra veículo;1;1;;;;;1
08/07/2015;11:00:00;850;sem vítima;117;BR-116/PR;Sul;Colisão Traseira;2;2;;;;;1
08/07/2015;10:17:00;845;com vítima;162,974;BR-116/PR;Norte;Colisão Frontal;1;1;;;;1;3
10/07/2015;18:18:00;1138;sem vítima;117;BR-116/PR;Sul;Colisão Traseira;2;2;;;;;1
10/07/2015;09:20:00;1082;sem vítima;196;BR-116/PR;Sul;Objeto lançado contra veículo;1;1;;;;;1