data;horario;n_da_ocorrencia;tipo_de_ocorrencia;km;trecho;sentido;tipo_de_acidente;caminhao;ilesos;levemente_feridos;moderadamente_feridos;gravemente_feridos;mortos;3
10/07/2015;03:00:00;1052;sem vítima;247,8;BR-116/SC;Sul;Colisão Lateral;1;3;;;;;1
10/07/2015;15:32:00;1118;sem vítima;287,7;BR-116/SC;Sul;Choque - Veiculo parado na pista;1;2;;;;;1
11/07/2015;09:08:00;1198;com vítima;159;BR-116/SC;Sul;Tombamento;1;0;1;;1;;2
12/07/2015;16:07:00;1353;sem vítima;12,3;BR-116/SC;Sul;Colisão Transversal;1;2;;;;;1
12/07/2015;18:41:00;1373;sem vítima;152;BR-116/SC;Norte;Choque - Cancela de Pedagio;1;1;;;;;1
12/07/2015;01:46:00;1297;sem vítima;168,2;BR-116/SC;Sul;Saida de Pista;1;1;;;;;1
12/07/2015;21:35:00;1389;sem vítima;244,52;BR-116/SC;Sul;Saida de Pista;1;1;;;;;1
13/07/2015;16:44:00;1494;sem vítima;115;BR-116/PR;Norte;Colisão Lateral;1;2;;;;;1
13/07/2015;16:32:00;1491;sem vítima;129,3;BR-116/PR;Norte;Colisão Traseira;2;2;;;;;1
14/07/2015;19:45:00;1605;sem vítima;81;BR-116/SC;Sul;Choque - Cancela de Pedagio;1;1;;;;;1
15/07/2015;14:47:00;1672;sem vítima;168,8;BR-116/PR;Norte;Tombamento;1;1;;;;;1
16/07/2015;12:53:00;1785;com vítima;129,4;BR-116/SC;Sul;Saida de Pista;1;0;1;;;;1
16/07/2015;11:33:00;1776;sem vítima;187;BR-116/PR;Sul;Choque - Objeto sobre a pista;1;1;;;;;1
17/07/2015;16:42:00;1966;com vítima;48;BR-116/SC;Norte;Saida de Pista;1;0;1;;;;1
17/07/2015;07:21:00;1884;sem vítima;219,1;BR-116/SC;Sul;Choque - Objeto sobre a pista;1;2;;;;;1
17/07/2015;21:33:00;2002;sem vítima;228;BR-116/SC;Norte;Colisão Traseira;1;2;;;;;1
18/07/2015;13:07:00;2108;sem vítima;98;BR-116/SC;Norte;Choque - Objeto sobre a pista;1;1;;;;;1
18/07/2015;08:45:00;2074;sem vítima;122;BR-116/PR;Norte;Saida de Pista;1;2;;;;;1
18/07/2015;09:32:00;2079;sem vítima;123;BR-116/PR;Norte;Colisão Lateral;1;2;;;;;1
18/07/2015;16:20:00;2127;sem vítima;191,2;BR-116/SC;Norte;Choque - Defensa, barreira ou "submarino";1;1;;;;;1
19/07/2015;19:22:00;2282;sem vítima;166,85;BR-116/PR;Norte;Colisão Transversal;1;2;;;;;1
20/07/2015;22:56:00;2426;sem vítima;32,4;BR-116/SC;Norte;Choque - Objeto sobre a pista;1;1;;;;;1
20/07/2015;23:16:00;2427;com vítima;84,9;BR-116/SC;Norte;Colisão Traseira;2;2;1;;;;1
21/07/2015;10:38:00;2462;sem vítima;211;BR-116/PR;Norte;Choque - Objeto sobre a pista;1;1;;;;;1
22/07/2015;23:38:00;2653;sem vítima;152;BR-116/SC;Norte;Choque - Cancela de Pedagio;1;1;;;;;1
23/07/2015;10:51:00;2715;sem vítima;7,7;BR-116/SC;Sul;Colisão Traseira;2;2;;;;;1
23/07/2015;16:02:00;2759;sem vítima;96;BR-116/SC;Norte;Choque - Objeto sobre a pista;1;1;;;;;1
23/07/2015;16:27:00;2763;sem vítima;204;BR-116/PR;Sul;Choque - Cancela de Pedagio;1;2;;;;;1
23/07/2015;20:34:00;2783;com vítima;213,7;BR-116/SC;Norte;Saida de Pista;1;0;2;;;;1
24/07/2015;18:25:00;2898;sem vítima;38,8;BR-116/SC;Norte;Objeto lançado contra veículo;1;6;;;;;1
24/07/2015;17:42:00;2890;sem vítima;42;BR-116/SC;Sul;Choque - Veiculo parado no acostamento;1;2;;;;;1
24/07/2015;19:09:00;2901;com vítima;85;BR-116/SC;Norte;Colisão Frontal;1;1;;;1;;2
24/07/2015;11:36:00;2837;sem vítima;175,6;BR-116/SC;Sul;Colisão Lateral;2;3;;;;;1
24/07/2015;21:21:00;2910;com vítima;246,7;BR-116/SC;Sul;Colisão Traseira;1;1;1;;;;1
25/07/2015;09:10:00;2951;com vítima;12,4;BR-116/SC;Sul;Colisão Transversal;1;1;1;;;;1
25/07/2015;05:53:00;2943;sem vítima;106,3;BR-116/SC;Sul;Choque - Talude;1;2;;;;;1
25/07/2015;20:38:00;3014;sem vítima;204;BR-116/SC;Norte;Saida de Pista;1;1;;;;;1
26/07/2015;15:23:00;3087;sem vítima;81;BR-116/SC;Sul;Colisão Traseira;2;2;;;;;1
26/07/2015;20:21:00;3120;com vítima;83,2;BR-116/SC;Norte;Colisão Traseira;1;1;1;;;;1
28/07/2015;08:05:00;3293;sem vítima;134;BR-116/PR;Sul;Colisão Traseira;2;2;;;;;1
28/07/2015;19:52:00;3378;com vítima;260;BR-116/SC;Norte;Colisão Lateral;1;2;1;;;;1
29/07/2015;20:51:00;3500;sem vítima;54;BR-116/SC;Norte;Objeto lançado contra veículo;1;1;;;;;1
29/07/2015;13:09:00;3454;com vítima;118;BR-116/PR;Norte;Colisão Traseira;1;1;1;;;;1
29/07/2015;18:14:00;3484;sem vítima;228;BR-116/SC;Sul;Choque - Objeto sobre a pista;1;1;;;;;1
30/07/2015;15:28:00;3603;sem vítima;135;BR-116/PR;Norte;Objeto lançado contra veículo;1;1;;;;;1
01/08/2015;15:38:00;55;sem vítima;107,7;BR-116/SC;Sul;Colisão Lateral;1;6;;;;;1
01/08/2015;16:34:00;62;sem vítima;128;BR-116/PR;Norte;Colisão Lateral;1;2;;;;;1
01/08/2015;15:23:00;52;sem vítima;297;BR-116/SC;Norte;Colisão Lateral;2;3;;;;;1
02/08/2015;04:10:00;107;sem vítima;132,7;BR-116/SC;Sul;Colisão Traseira;2;2;;;;;1
03/08/2015;17:59:00;334;sem vítima;55;BR-116/SC;Norte;Objeto lançado contra veículo;1;1;;;;;1
03/08/2015;06:51:00;247;sem vítima;115,2;BR-116/PR;Norte;Colisão Lateral;1;13;;;;;1
03/08/2015;16:34:00;323;sem vítima;134;BR-116/PR;Norte;Choque - Cancela de Pedagio;1;1;;;;;1
03/08/2015;14:36:00;303;sem vítima;184;BR-116/PR;Sul;Objeto lançado contra veículo;1;1;;;;;1
03/08/2015;19:10:00;346;sem vítima;218;BR-116/SC;Sul;Colisão Traseira;1;4;;;;;1
04/08/2015;03:48:00;376;sem vítima;138,5;BR-116/PR;Norte;Tombamento;1;1;;;;;1
06/08/2015;01:33:00;647;sem vítima;82;BR-116/SC;Norte;Colisão Lateral;1;2;;;;;1
06/08/2015;19:43:00;758;sem vítima;304,44;BR-116/SC;Sul;Colisão Traseira;2;2;;;;;1
07/08/2015;10:27:00;814;sem vítima;120,9;BR-116/SC;Sul;Colisão Traseira;1;3;;;;;1
07/08/2015;14:21:00;826;sem vítima;126;BR-116/PR;Norte;Choque - Veiculo parado na pista;1;2;;;;;1
08/08/2015;13:46:00;943;com vítima;158;BR-116/SC;Sul;Colisão Lateral;3;3;1;;1;;2
08/08/2015;05:16:00;903;sem vítima;233;BR-116/SC;Sul;Choque - Defensa, barreira ou "submarino";1;2;;;;;1
09/08/2015;21:15:00;1092;sem vítima;141;BR-116/PR;Norte;Colisão Traseira;1;4;;;;;1
10/08/2015;11:04:00;1165;sem vítima;117,2;BR-116/PR;Sul;Colisão Lateral;1;3;;;;;1
10/08/2015;00:40:00;1110;sem vítima;277,3;BR-116/SC;Sul;Saida de Pista;1;1;;;;;1
11/08/2015;21:55:00;1374;com vítima;15,8;BR-116/SC;Norte;Colisão Traseira;2;1;1;;;;1
11/08/2015;09:37:00;1280;sem vítima;57,5;BR-116/SC;Norte;Choque - Objeto sobre a pista;1;1;;;;;1
12/08/2015;16:08:00;1475;com vítima;117;BR-116/PR;Sul;Saida de Pista;1;0;1;;;;1
12/08/2015;17:07:00;1490;com vítima;117;BR-116/PR;Sul;Colisão Lateral;1;1;1;;;;1
12/08/2015;00:13:00;1384;sem vítima;132,9;BR-116/SC;Norte;Outros;1;1;;;;;1
12/08/2015;09:15:00;1423;com vítima;150,8;BR-116/PR;Norte;Colisão Frontal;1;1;1;;;;1
13/08/2015;06:46:00;1542;sem vítima;183,8;BR-116/PR;Sul;Tombamento;1;1;;;;;1
13/08/2015;15:43:00;1603;sem vítima;205,5;BR-116/PR;Sul;Objeto lançado contra veículo;1;2;;;;;1
14/08/2015;10:16:00;1684;sem vítima;152;BR-116/SC;Sul;Choque - Cancela de Pedagio;1;1;;;;;1
15/08/2015;13:33:00;1811;sem vítima;118;BR-116/PR;Sul;Colisão Lateral;1;2;;;;;1
15/08/2015;17:49:00;1836;sem vítima;203,6;BR-116/PR;Norte;Choque - Cancela de Pedagio;1;1;;;;;1
16/08/2015;22:18:00;1970;sem vítima;84,5;BR-116/SC;Norte;Choque - Objeto sobre a pista;1;1;;;;;1
17/08/2015;18:40:00;2060;sem vítima;247;BR-116/SC;Norte;Tombamento;1;1;;;;;1
18/08/2015;19:46:00;2156;sem vítima;106,2;BR-116/SC;Norte;Saida de Pista;1;1;;;;;1
19/08/2015;05:41:00;2188;sem vítima;99;BR-116/SC;Sul;Choque - Suporte de Sinalização;1;1;;;;;1
20/08/2015;17:56:00;2406;sem vítima;118;BR-116/SC;Norte;Saida de Pista;1;1;;;;;1
21/08/2015;07:20:00;2445;com vítima;118;BR-116/PR;Sul;Colisão Traseira;1;1;2;;;;1
21/08/2015;18:52:00;2510;sem vítima;131,9;BR-116/SC;Sul;Atropelamento de Animal;1;2;;;;;1
22/08/2015;16:37:00;2601;sem vítima;68,1;BR-116/SC;Sul;Choque - Defensa, barreira ou "submarino";1;1;;;;;1
22/08/2015;13:12:00;2585;com vítima;117,3;BR-116/PR;Norte;Colisão Lateral;1;2;1;;;;1
22/08/2015;23:22:00;2627;sem vítima;152;BR-116/SC;Norte;Choque - Cancela de Pedagio;1;1;;;;;1
22/08/2015;12:04:00;2580;sem vítima;265,3;BR-116/SC;Norte;Choque - Objeto sobre a pista;1;1;;;;;1
24/08/2015;15:40:00;2793;sem vítima;150;BR-116/PR;Norte;Objeto lançado contra veículo;1;1;;;;;1
26/08/2015;19:15:00;3039;sem vítima;77;BR-116/SC;Sul;Colisão Lateral;1;3;;;;;1
27/08/2015;08:47:00;3092;sem vítima;4,5;BR-116/SC;Sul;Colisão Traseira;1;2;;;;;1
27/08/2015;06:53:00;3082;sem vítima;12,3;BR-116/SC;Norte;Tombamento;1;1;;;;;1
27/08/2015;13:26:00;3128;sem vítima;151;BR-116/SC;Norte;Objeto lançado contra veículo;1;1;;;;;1
28/08/2015;11:44:00;3257;sem vítima;121,8;BR-116/PR;Sul;Colisão Traseira;3;6;;;;;1
29/08/2015;11:54:00;3351;sem vítima;142;BR-116/SC;Norte;Objeto lançado contra veículo;1;2;;;;;1
30/08/2015;16:09:00;3470;sem vítima;134;BR-116/PR;Norte;Choque - Cancela de Pedagio;1;2;;;;;1
30/08/2015;05:39:00;3428;sem vítima;194;BR-116/SC;Sul;Colisão Lateral;1;3;;;;;1
31/08/2015;23:07:00;3627;sem vítima;115;BR-116/PR;Sul;Colisão Lateral;1;2;;;;;1
31/08/2015;11:29:00;3564;sem vítima;117;BR-116/PR;Sul;Colisão Traseira;1;2;;;;;1
01/09/2015;14:42:00;55;sem vítima;115;BR-116/PR;Norte;Choque - Poste;1;1;;;;;1
01/09/2015;09:16:00;30;sem vítima;134,8;BR-116/SC;Sul;Colisão Traseira;2;2;;;;;1
01/09/2015;21:07:00;97;com vítima;135,58;BR-116/PR;Sul;Colisão Transversal;1;1;;;;1;3
01/09/2015;09:24:00;31;sem vítima;299,7;BR-116/SC;Sul;Colisão Lateral;1;2;;;;;1
02/09/2015;18:30:00;209;sem vítima;204;BR-116/PR;Norte;Choque - Cancela de Pedagio;1;1;;;;;1
03/09/2015;19:25:00;307;com vítima;84;BR-116/SC;Sul;Colisão Frontal;1;1;1;;;;1
03/09/2015;18:20:00;304;com vítima;119;BR-116/PR;Sul;Colisão Transversal;1;1;1;;;;1
04/09/2015;07:18:00;358;com vítima;251;BR-116/SC;Norte;Colisão Transversal;1;2;2;;;;1
05/09/2015;20:06:00;569;sem vítima;108,7;BR-116/SC;Norte;Saida de Pista;1;1;;;;;1
05/09/2015;19:19:00;560;sem vítima;135;BR-116/SC;Sul;Choque - Suporte de Sinalização;1;1;;;;;1
05/09/2015;05:01:00;494;sem vítima;139,5;BR-116/SC;Sul;Colisão Transversal;1;2;;;;;1
06/09/2015;13:57:00;627;com vítima;238,9;BR-116/SC;Sul;Tombamento;1;0;1;;;;1
07/09/2015;08:01:00;712;sem vítima;245;BR-116/SC;Sul;Colisão Traseira;1;2;;;;;1
08/09/2015;00:31:00;802;sem vítima;77,7;BR-116/SC;Norte;Choque - Arvore;1;1;;;;;1
08/09/2015;17:55:00;892;sem vítima;128;BR-116/PR;Norte;Colisão Lateral;1;2;;;;;1
08/09/2015;11:39:00;863;sem vítima;207,4;BR-116/SC;Norte;Tombamento;1;2;;;;;1
09/09/2015;07:15:00;930;com vítima;251;BR-116/SC;Sul;Colisão Transversal;1;2;9;;3;;2
10/09/2015;12:34:00;1067;sem vítima;107,4;BR-116/SC;Sul;Colisão Traseira;1;2;;;;;1
11/09/2015;09:35:00;1176;sem vítima;81;BR-116/SC;Sul;Choque - Cancela de Pedagio;1;1;;;;;1
11/09/2015;08:31:00;1165;sem vítima;126;BR-116/PR;Norte;Colisão Transversal;1;2;;;;;1
12/09/2015;20:24:00;1375;sem vítima;147;BR-116/SC;Sul;Atropelamento de Animal;1;1;;;;;1
12/09/2015;11:57:00;1330;sem vítima;264;BR-116/SC;Norte;Objeto lançado contra veículo;1;1;;;;;1
13/09/2015;17:29:00;1476;com vítima;140;BR-116/PR;Norte;Colisão Transversal;1;1;1;;1;;2
13/09/2015;17:50:00;1479;sem vítima;154;BR-116/PR;Sul;Colisão Transversal;1;2;;;;;1
13/09/2015;12:18:00;1446;sem vítima;233;BR-116/SC;Sul;Choque - Cancela de Pedagio;1;1;;;;;1
15/09/2015;21:20:00;1753;sem vítima;133,7;BR-116/SC;Sul;Saida de Pista;1;1;;;;;1
16/09/2015;14:57:00;1840;sem vítima;174,9;BR-116/SC;Norte;Colisão Traseira;2;2;;;;;1
16/09/2015;21:33:00;1891;sem vítima;193,1;BR-116/SC;Norte;Tombamento;1;1;;;;;1
16/09/2015;14:12:00;1830;sem vítima;203,6;BR-116/PR;Norte;Choque - Cancela de Pedagio;1;1;;;;;1
17/09/2015;22:03:00;2001;com vítima;105,4;BR-116/SC;Norte;Colisão Traseira;3;2;1;;;;1
17/09/2015;19:31:00;1991;com vítima;116;BR-116/PR;Norte;Colisão Lateral;1;1;1;;;;1
17/09/2015;17:05:00;1977;sem vítima;191;BR-116/PR;Norte;Colisão Lateral;1;3;;;;;1
18/09/2015;19:00:00;2111;sem vítima;4,5;BR-116/SC;Norte;Colisão Lateral;1;2;;;;;1
20/09/2015;16:58:00;2298;com vítima;47,4;BR-116/SC;Norte;Choque - Defensa, barreira ou "submarino";1;2;4;;2;2;3
20/09/2015;20:36:00;2313;com vítima;71,6;BR-116/SC;Sul;Colisão Lateral;1;2;4;;;;1
20/09/2015;14:44:00;2280;com vítima;130,45;BR-116/PR;Norte;Choque - Veiculo parado na pista;1;4;4;;;;1
20/09/2015;14:04:00;2274;sem vítima;156,25;BR-116/SC;Norte;Colisão Lateral;1;2;;;;;1
20/09/2015;17:11:00;2301;sem vítima;162;BR-116/PR;Norte;Colisão Lateral;1;2;;;;;1
21/09/2015;13:03:00;2386;sem vítima;117,5;BR-116/PR;Sul;Engavetamento;4;5;;;;;1
21/09/2015;20:00:00;2440;sem vítima;172,6;BR-116/SC;Norte;Objeto lançado contra veículo;1;1;;;;;1
22/09/2015;21:14:00;2569;sem vítima;157;BR-116/SC;Sul;Objeto lançado contra veículo;1;1;;;;;1
22/09/2015;11:23:00;2508;sem vítima;204;BR-116/PR;Norte;Choque - Cancela de Pedagio;1;1;;;;;1
22/09/2015;20:45:00;2566;sem vítima;218,7;BR-116/SC;Norte;Objeto lançado contra veículo;2;2;;;;;1
22/09/2015;20:17:00;2565;sem vítima;222,5;BR-116/SC;Norte;Saida de Pista;1;1;;;;;1
23/09/2015;09:39:00;2616;sem vítima;23,6;BR-116/SC;Norte;Colisão Transversal;1;2;;;;;1
24/09/2015;16:44:00;2795;com vítima;119,6;BR-116/SC;Sul;Colisão Traseira;1;1;2;;;;1
24/09/2015;13:15:00;2768;sem vítima;134;BR-116/PR;Sul;Colisão Traseira;1;2;;;;;1
24/09/2015;10:30:00;2754;sem vítima;256,72;BR-116/SC;Sul;Outros;1;1;;;;;1
25/09/2015;13:56:00;2884;com vítima;181,4;BR-116/SC;Norte;Tombamento;1;0;2;;;;1
26/09/2015;12:35:00;2966;sem vítima;113,5;BR-116/SC;Norte;Colisão Lateral;1;2;;;;;1
26/09/2015;14:39:00;2980;sem vítima;119,5;BR-116/PR;Sul;Choque - Outros;1;1;;;;;1
26/09/2015;23:38:00;3030;sem vítima;178;BR-116/PR;Sul;Objeto lançado contra veículo;1;1;;;;;1
26/09/2015;20:01:00;3017;sem vítima;258,3;BR-116/SC;Sul;Colisão Frontal;1;3;;;;;1
27/09/2015;07:42:00;3057;sem vítima;123,8;BR-116/SC;Norte;Choque - Talude;1;1;;;;;1
27/09/2015;10:48:00;3072;sem vítima;149,8;BR-116/PR;Sul;Choque - Arvore;1;1;;;;;1
27/09/2015;10:50:00;3073;sem vítima;149,8;BR-116/PR;Norte;Choque - Arvore;1;1;;;;;1
27/09/2015;05:29:00;3050;sem vítima;157;BR-116/SC;Norte;Tombamento;1;1;;;;;1
27/09/2015;10:15:00;3068;sem vítima;197,8;BR-116/PR;Sul;Saida de Pista;1;1;;;;;1
27/09/2015;16:24:00;3097;sem vítima;203,6;BR-116/PR;Norte;Choque - Cancela de Pedagio;1;1;;;;;1
29/09/2015;15:04:00;3365;com vítima;142,2;BR-116/SC;Sul;Colisão Traseira;1;2;1;;;;1
29/09/2015;19:11:00;3404;sem vítima;203,6;BR-116/PR;Norte;Choque - Cancela de Pedagio;1;1;;;;;1
29/09/2015;14:39:00;3360;com vítima;265,8;BR-116/SC;Norte;Colisão Traseira;1;1;1;;;;1
30/09/2015;14:24:00;3485;sem vítima;140;BR-116/PR;Sul;Objeto lançado contra veículo;1;1;;;;;1
30/09/2015;13:52:00;3481;sem vítima;193;BR-116/PR;Sul;Objeto lançado contra veículo;1;1;;;;;1
01/10/2015;22:26:00;102;sem vítima;69;BR-116/SC;Norte;Objeto lançado contra veículo;1;1;;;;;1
02/10/2015;13:27:00;152;sem vítima;70;BR-116/SC;Norte;Objeto lançado contra veículo;1;1;;;;;1
02/10/2015;15:11:00;163;sem vítima;193;BR-116/PR;Norte;Choque - Defensa, barreira ou "submarino";1;1;;;;;1
03/10/2015;02:36:00;221;sem vítima;106,5;BR-116/SC;Norte;Saida de Pista;1;1;;;;;1
03/10/2015;19:26:00;301;com vítima;144,5;BR-116/PR;Norte;Choque - Veiculo parado na pista;1;1;1;;;;1
04/10/2015;00:55:00;317;sem vítima;191,6;BR-116/PR;Sul;Colisão Lateral;1;2;;;;;1
04/10/2015;13:42:00;358;sem vítima;204,75;BR-116/SC;Sul;Colisão Lateral;1;2;;;;;1
05/10/2015;15:12:00;467;sem vítima;141,4;BR-116/PR;Sul;Tombamento;1;1;;;;;1
06/10/2015;10:31:00;582;sem vítima;99;BR-116/SC;Norte;Objeto lançado contra veículo;1;1;;;;;1
06/10/2015;16:26:00;636;com vítima;9;BR-116/SC;Sul;Colisão Lateral;2;2;2;;;;1
07/10/2015;11:58:00;729;sem vítima;233;BR-116/SC;Norte;Colisão Traseira;2;2;;;;;1
07/10/2015;15:23:00;752;sem vítima;95,6;BR-116/SC;Norte;Colisão Transversal;2;2;;;;;1
07/10/2015;15:24:00;753;sem vítima;130;BR-116/PR;Sul;Objeto lançado contra veículo;1;1;;;;;1
08/10/2015;14:18:00;884;sem vítima;231;BR-116/SC;Norte;Colisão Lateral;1;3;;;;;1
08/10/2015;16:04:00;893;com vítima;12;BR-116/SC;Sul;Colisão Transversal;1;2;1;;;;1
09/10/2015;05:45:00;956;com vítima;126,2;BR-116/PR;Sul;Colisão Traseira;1;1;1;;;;1
09/10/2015;07:11:00;960;sem vítima;181,2;BR-116/SC;Norte;Saida de Pista;1;1;;;;;1
09/10/2015;10:12:00;973;sem vítima;122;BR-116/PR;Sul;Choque - Objeto sobre a pista;1;1;;;;;1
09/10/2015;18:18:00;1007;sem vítima;12;BR-116/SC;Sul;Colisão Transversal;1;2;;;;;1
11/10/2015;00:28:00;1169;com vítima;165,1;BR-116/PR;Sul;Colisão Frontal;1;1;;;1;2;3
11/10/2015;10:04:00;1212;sem vítima;247,58;BR-116/SC;Sul;Choque - Objeto sobre a pista;1;2;;;;;1
12/10/2015;06:30:00;1283;sem vítima;247,9;BR-116/SC;Sul;Colisão Lateral;1;2;;;;;1
14/10/2015;11:13:00;1589;sem vítima;81;BR-116/SC;Sul;Choque - Cancela de Pedagio;1;1;;;;;1
15/10/2015;07:54:00;1707;sem vítima;308,93;BR-116/SC;Sul;Saida de Pista;1;1;;;;;1
15/10/2015;16:42:00;1759;sem vítima;81;BR-116/SC;Sul;Choque - Cancela de Pedagio;1;1;;;;;1
15/10/2015;16:53:00;1761;com vítima;210,4;BR-116/SC;Norte;Tombamento;1;1;2;;;;1
15/10/2015;19:26:00;1770;sem vítima;121;BR-116/PR;Sul;Colisão Lateral;1;2;;;;;1
16/10/2015;15:23:00;1877;sem vítima;58;BR-116/SC;Norte;Objeto lançado contra veículo;1;1;;;;;1
16/10/2015;20:46:00;1903;sem vítima;137,7;BR-116/PR;Norte;Choque - Suporte de Sinalização;1;1;;;;;1
17/10/2015;14:18:00;1975;sem vítima;188;BR-116/PR;Sul;Outros;1;2;;;;;1
18/10/2015;14:29:00;2060;sem vítima;17;BR-116/SC;Norte;Colisão Lateral;2;2;;;;;1
18/10/2015;15:13:00;2063;sem vítima;233;BR-116/SC;Norte;Choque - Cancela de Pedagio;1;1;;;;;1
19/10/2015;12:11:00;2137;com vítima;125;BR-116/PR;Norte;Colisão Traseira;1;2;1;;;;1
19/10/2015;15:47:00;2166;com vítima;129;BR-116/PR;Sul;Colisão Transversal;1;1;1;;;;1
20/10/2015;02:03:00;2212;sem vítima;117;BR-116/PR;Sul;Objeto lançado contra veículo;1;1;;;;;1
21/10/2015;17:27:00;2428;com vítima;107,7;BR-116/SC;Sul;Tombamento;1;1;1;;;;1
21/10/2015;16:29:00;2432;sem vítima;290;BR-116/SC;Norte;Colisão Lateral;1;1;;;;;1
22/10/2015;03:10:00;2481;sem vítima;127;BR-116/PR;Sul;Objeto lançado contra veículo;1;1;;;;;1
22/10/2015;03:36:00;2484;sem vítima;182;BR-116/SC;Norte;Atropelamento de Animal;1;1;;;;;1
22/10/2015;03:59:00;2485;sem vítima;125;BR-116/PR;Norte;Colisão Traseira;1;2;;;;;1
22/10/2015;17:00:00;2567;sem vítima;82;BR-116/SC;Sul;Colisão Traseira;1;2;;;;;1
22/10/2015;19:08:00;2579;com vítima;125,9;BR-116/PR;Sul;Colisão Lateral;1;1;1;;;;1
23/10/2015;07:56:00;2626;com vítima;245,5;BR-116/SC;Norte;Colisão Transversal;2;1;1;;;;1
23/10/2015;11:11:00;2647;sem vítima;152;BR-116/SC;Norte;Objeto lançado contra veículo;1;1;;;;;1
23/10/2015;11:37:00;2650;sem vítima;108,2;BR-116/SC;Norte;Objeto lançado contra veículo;1;1;;;;;1
23/10/2015;21:11:00;2709;sem vítima;132,3;BR-116/SC;Norte;Outros;1;1;;;;;1
24/10/2015;08:20:00;2756;com vítima;59,8;BR-116/SC;Sul;Colisão Transversal;1;1;;;;2;3
24/10/2015;15:44:00;2783;sem vítima;276;BR-116/SC;Norte;Objeto lançado contra veículo;1;1;;;;;1
24/10/2015;19:47:00;2812;sem vítima;137,8;BR-116/PR;Norte;Tombamento;1;1;;;;;1
25/10/2015;15:55:00;2897;sem vítima;203,6;BR-116/PR;Norte;Choque - Cancela de Pedagio;1;2;;;;;1
26/10/2015;13:14:00;3006;sem vítima;254,5;BR-116/SC;Sul;Colisão Lateral;1;3;;;;;1
26/10/2015;13:24:00;3007;sem vítima;57;BR-116/SC;Sul;Objeto lançado contra veículo;1;1;;;;;1
27/10/2015;13:22:00;3120;sem vítima;32,5;BR-116/SC;Sul;Choque - Objeto sobre a pista;1;1;;;;;1
27/10/2015;17:23:00;3152;com vítima;166,1;BR-116/PR;Norte;Colisão Transversal;1;1;;;1;;2
27/10/2015;18:29:00;3158;sem vítima;285;BR-116/SC;Norte;Outros;1;2;;;;;1
27/10/2015;23:40:00;3174;sem vítima;203,9;BR-116/PR;Norte;Outros;1;1;;;;;1
28/10/2015;16:31:00;3254;sem vítima;117,5;BR-116/PR;Sul;Colisão Lateral;1;3;;;;;1
28/10/2015;17:33:00;3260;sem vítima;118;BR-116/PR;Sul;Colisão Lateral;1;3;;;;;1
29/10/2015;09:37:00;3319;com vítima;206,1;BR-116/SC;Norte;Atropelamento - Morador;1;1;1;;;;1
29/10/2015;17:06:00;3371;sem vítima;180,1;BR-116/SC;Norte;Colisão Transversal;1;2;;;;;1
30/10/2015;04:17:00;3422;sem vítima;6;BR-116/SC;Sul;Choque - Outros;1;4;;;;;1
30/10/2015;06:11:00;3429;com vítima;136,95;BR-116/SC;Sul;Colisão Transversal;1;1;2;;;2;3
30/10/2015;08:03:00;3436;sem vítima;122,5;BR-116/PR;Sul;Colisão Traseira;1;5;;;;;1
30/10/2015;08:09:00;3437;sem vítima;204;BR-116/PR;Sul;Choque - Cancela de Pedagio;1;1;;;;;1
30/10/2015;14:22:00;3480;sem vítima;234,45;BR-116/SC;Sul;Saida de Pista;1;1;;;;;1
30/10/2015;16:48:00;3509;sem vítima;126,3;BR-116/PR;Norte;Colisão Lateral;1;3;;;;;1
30/10/2015;23:27:00;3546;sem vítima;233;BR-116/SC;Sul;Choque - Defensa, barreira ou "submarino";1;1;;;;;1
31/10/2015;02:56:00;3564;sem vítima;124,1;BR-116/SC;Sul;Saida de Pista;1;1;;;;;1
01/11/2015;05:02:00;25;com vítima;13,4;BR-116/SC;Sul;Colisão Frontal;1;2;;;;1;3
02/11/2015;02:57:00;117;com vítima;98,8;BR-116/SC;Sul;Colisão Lateral;1;3;1;;;;1
02/11/2015;19:29:00;186;sem vítima;80;BR-116/SC;Sul;Objeto lançado contra veículo;1;1;;;;;1
02/11/2015;21:08:00;189;sem vítima;162,2;BR-116/SC;Sul;Atropelamento de Animal;1;1;;;;;1
05/11/2015;07:43:00;433;sem vítima;108;BR-116/SC;Norte;Choque - Objeto sobre a pista;1;1;;;;;1
06/11/2015;10:50:00;567;sem vítima;194,5;BR-116/SC;Sul;Choque - Objeto sobre a pista;1;1;;;;;1
07/11/2015;07:46:00;670;sem vítima;134;BR-116/PR;Sul;Choque - Outros;1;1;;;;;1
07/11/2015;17:23:00;714;sem vítima;172;BR-116/SC;Norte;Objeto lançado contra veículo;1;1;;;;;1
08/11/2015;17:17:00;825;sem vítima;134;BR-116/PR;Sul;Choque - Cancela de Pedagio;1;1;;;;;1
10/11/2015;06:29:00;1041;sem vítima;179;BR-116/PR;Norte;Objeto lançado contra veículo;1;1;;;;;1
11/11/2015;08:55:00;1167;sem vítima;134;BR-116/PR;Sul;Choque - Cancela de Pedagio;1;1;;;;;1
11/11/2015;14:14:00;1193;com vítima;11,6;BR-116/SC;Norte;Colisão Traseira;1;1;;;1;;2
13/11/2015;00:12:00;1377;sem vítima;204;BR-116/PR;Sul;Choque - Cancela de Pedagio;1;1;;;;;1
13/11/2015;12:35:00;1425;sem vítima;12;BR-116/SC;Norte;Colisão Transversal;1;2;;;;;1