data;horario;n_da_ocorrencia;tipo_de_ocorrencia;km;trecho;sentido;tipo_de_acidente;caminhao;ilesos;levemente_feridos;moderadamente_feridos;gravemente_feridos;mortos;3
13/11/2015;20:27:00;1476;sem vítima;82;BR-116/SC;Sul;Choque - Cancela de Pedagio;1;1;;;;;1
13/11/2015;21:06:00;1479;sem vítima;118;BR-116/PR;Sul;Colisão Lateral;1;2;;;;;1
14/11/2015;00:24:00;1494;sem vítima;247,8;BR-116/SC;Norte;Colisão Lateral;1;2;;;;;1
15/11/2015;09:33:00;1635;sem vítima;131;BR-116/PR;Sul;Colisão Lateral;1;2;;;;;1
16/11/2015;17:10:00;1806;sem vítima;233;BR-116/SC;Sul;Choque - Cancela de Pedagio;1;1;;;;;1
17/11/2015;17:46:00;1909;sem vítima;117;BR-116/PR;Sul;Colisão Lateral;1;2;;;;;1
18/11/2015;09:46:00;1967;sem vítima;153;BR-116/SC;Norte;Colisão Traseira;1;2;;;;;1
18/11/2015;13:13:00;1980;com vítima;119,8;BR-116/PR;Norte;Colisão Traseira;1;1;1;;;;1
19/11/2015;20:37:00;2162;sem vítima;240;BR-116/SC;Sul;Tombamento;1;1;;;;;1
20/11/2015;21:20:00;2289;com vítima;220,5;BR-116/SC;Norte;Colisão Transversal;1;1;1;;;;1
22/11/2015;09:21:00;2431;sem vítima;195;BR-116/SC;Sul;Colisão Traseira;1;4;;;;;1
22/11/2015;12:43:00;2445;sem vítima;81;BR-116/SC;Sul;Choque - Cancela de Pedagio;1;1;;;;;1
22/11/2015;14:54:00;2453;com vítima;245,5;BR-116/SC;Norte;Colisão Traseira;1;3;1;;;;1
22/11/2015;16:09:00;2462;sem vítima;152;BR-116/SC;Sul;Choque - Cancela de Pedagio;1;1;;;;;1
23/11/2015;06:40:00;2527;sem vítima;171,3;BR-116/SC;Norte;Saida de Pista;1;1;;;;;1
24/11/2015;07:02:00;2658;com vítima;228;BR-116/SC;Sul;Colisão Transversal;1;1;;;1;1;3
24/11/2015;11:41:00;2690;sem vítima;229;BR-116/SC;Sul;Objeto lançado contra veículo;1;1;;;;;1
24/11/2015;16:07:00;2745;sem vítima;93,2;BR-116/SC;Norte;Objeto lançado contra veículo;1;1;;;;;1
25/11/2015;10:57:00;2880;sem vítima;233;BR-116/SC;Norte;Choque - Defensa, barreira ou "submarino";1;1;;;;;1
25/11/2015;22:27:00;2930;sem vítima;177,4;BR-116/PR;Norte;Tombamento;1;1;;;;;1
26/11/2015;10:02:00;3000;sem vítima;142,6;BR-116/PR;Sul;Colisão Lateral;1;2;;;;;1
26/11/2015;10:18:00;3005;sem vítima;159,95;BR-116/SC;Norte;Choque - Objeto sobre a pista;3;6;;;;;1
26/11/2015;19:02:00;3078;sem vítima;152;BR-116/SC;Sul;Choque - Cancela de Pedagio;1;1;;;;;1
26/11/2015;20:37:00;3086;sem vítima;124;BR-116/SC;Sul;Colisão Lateral;2;2;;;;;1
27/11/2015;07:06:00;3119;com vítima;176,3;BR-116/SC;Sul;Colisão Lateral;2;1;;;1;;2
27/11/2015;07:10:00;3120;sem vítima;12,3;BR-116/SC;Norte;Tombamento;1;1;;;;;1
27/11/2015;20:58:00;3221;sem vítima;143;BR-116/SC;Norte;Colisão Lateral;1;2;;;;;1
28/11/2015;06:37:00;3244;sem vítima;94,5;BR-116/SC;Norte;Colisão Lateral;1;2;;;;;1
28/11/2015;07:39:00;3256;com vítima;12,9;BR-116/SC;Sul;Colisão Frontal;1;4;4;;1;;2
29/11/2015;10:33:00;3357;com vítima;14,9;BR-116/SC;Sul;Saida de Pista;1;0;1;;;;1
29/11/2015;23:51:00;3420;com vítima;132;BR-116/PR;Sul;Saida de Pista;1;0;1;;1;;2
30/11/2015;08:11:00;3450;sem vítima;143;BR-116/SC;Norte;Outros;1;1;;;;;1
01/12/2015;10:52:00;44;sem vítima;184,3;BR-116/SC;Sul;Choque - Suporte de Sinalização;1;1;;;;;1
01/12/2015;12:05:00;54;sem vítima;7;BR-116/SC;Sul;Colisão Transversal;1;2;;;;;1
02/12/2015;13:14:00;165;sem vítima;92;BR-116/SC;Sul;Objeto lançado contra veículo;1;1;;;;;1
02/12/2015;21:36:00;211;sem vítima;152,2;BR-116/PR;Norte;Colisão Transversal;1;2;;;;;1
04/12/2015;15:36:00;490;sem vítima;204,4;BR-116/SC;Norte;Saida de Pista;1;1;;;;;1
05/12/2015;12:57:00;590;sem vítima;122;BR-116/PR;Sul;Colisão Lateral;1;2;;;;;1
07/12/2015;20:38:00;892;sem vítima;168,8;BR-116/PR;Sul;Colisão Transversal;2;2;;;;;1
09/12/2015;11:00:00;1142;sem vítima;81;BR-116/SC;Norte;Colisão Traseira;2;3;;;;;1
09/12/2015;16:46:00;1197;sem vítima;201;BR-116/SC;Norte;Choque - Defensa, barreira ou "submarino";1;1;;;;;1
09/12/2015;17:13:00;1204;sem vítima;120,9;BR-116/SC;Norte;Saida de Pista;1;1;;;;;1
09/12/2015;22:52:00;1226;sem vítima;185,1;BR-116/SC;Norte;Saida de Pista;1;1;;;;;1
10/12/2015;02:19:00;1240;com vítima;63;BR-116/SC;Norte;Colisão Frontal;1;1;;;;1;3
10/12/2015;08:51:00;1270;com vítima;5,5;BR-116/SC;Norte;Colisão Transversal;1;1;1;;;;1
13/12/2015;19:57:00;1739;com vítima;226,5;BR-116/SC;Norte;Colisão Transversal;1;0;1;;1;1;3
14/12/2015;16:17:00;1841;sem vítima;125;BR-116/PR;Norte;;1;2;;;;;1
14/12/2015;16:20:00;1843;com vítima;199,3;BR-116/PR;Sul;Colisão Frontal;1;2;1;;;;1
14/12/2015;17:41:00;1854;sem vítima;190;BR-116/SC;Sul;Objeto lançado contra veículo;1;1;;;;;1
15/12/2015;02:33:00;1877;sem vítima;127,3;BR-116/PR;Norte;Colisão Traseira;1;2;;;;;1
15/12/2015;07:29:00;1884;sem vítima;268,5;BR-116/SC;Norte;Colisão Transversal;1;3;;;;;1
15/12/2015;07:29:00;1885;sem vítima;120;BR-116/PR;Norte;Colisão Traseira;2;3;;;;;1
16/12/2015;14:32:00;2069;sem vítima;30;BR-116/SC;Norte;Colisão Lateral;1;2;;;;;1
16/12/2015;14:58:00;2076;sem vítima;32,5;BR-116/SC;Sul;Choque - Veiculo parado no acostamento;1;2;;;;;1
16/12/2015;21:48:00;2120;com vítima;193;BR-116/PR;Sul;Colisão Transversal;1;1;;;1;;2
17/12/2015;15:55:00;2223;com vítima;123,4;BR-116/PR;Sul;Colisão Traseira;1;1;1;;;;1
17/12/2015;18:14:00;2246;sem vítima;234,2;BR-116/SC;Norte;Colisão Lateral;1;2;;;;;1
17/12/2015;22:40:00;2261;sem vítima;134,7;BR-116/SC;Norte;Saida de Pista;1;1;;;;;1
18/12/2015;00:54:00;2274;sem vítima;106,8;BR-116/SC;Norte;Saida de Pista;1;1;;;;;1
18/12/2015;02:17:00;2279;sem vítima;105;BR-116/SC;Norte;Saida de Pista;1;1;;;;;1
18/12/2015;10:55:00;2325;sem vítima;127,8;BR-116/PR;Sul;Colisão Lateral;1;3;;;;;1
18/12/2015;21:46:00;2413;com vítima;39;BR-116/SC;Sul;Colisão Frontal;1;1;;;;1;3
18/12/2015;22:49:00;2419;sem vítima;142;BR-116/PR;Norte;Choque - Objeto sobre a pista;1;1;;;;;1
18/12/2015;23:17:00;2421;sem vítima;295,8;BR-116/SC;Sul;Colisão Lateral;1;2;;;;;1
19/12/2015;07:17:00;2452;sem vítima;152;BR-116/SC;Sul;Colisão Traseira;2;3;;;;;1
20/12/2015;22:15:00;2630;sem vítima;224,3;BR-116/SC;Sul;Choque - Veiculo parado na pista;1;2;;;;;1
21/12/2015;09:29:00;2698;sem vítima;154,3;BR-116/PR;Sul;Colisão Frontal;1;2;;;;;1
21/12/2015;14:16:00;2726;com vítima;78,5;BR-116/SC;Norte;Colisão Lateral;1;1;1;;;;1
23/12/2015;07:58:00;2941;com vítima;117;BR-116/PR;Sul;Colisão Traseira;1;1;1;;;;1
23/12/2015;16:34:00;3011;com vítima;132,9;BR-116/SC;Sul;Colisão Traseira;1;2;1;;;;1
24/12/2015;15:19:00;3138;sem vítima;245,5;BR-116/SC;Norte;Colisão Traseira;2;2;;;;;1
26/12/2015;17:45:00;3364;com vítima;172,7;BR-116/SC;Sul;Tombamento;1;0;;;;1;3
28/12/2015;06:45:00;3515;com vítima;166,8;BR-116/PR;Norte;Colisão Traseira;1;2;1;;;;1
29/12/2015;04:57:00;3629;sem vítima;132,9;BR-116/SC;Norte;Colisão Lateral;1;2;;;;;1
30/12/2015;10:16:00;3756;sem vítima;178;BR-116/PR;Sul;Objeto lançado contra veículo;1;3;;;;;1
30/12/2015;16:55:00;3803;sem vítima;210,7;BR-116/PR;Sul;Colisão Transversal;1;4;;;;;1
30/12/2015;21:10:00;3828;com vítima;262,67;BR-116/SC;Norte;Colisão Frontal;1;1;;;2;2;3
02/01/2016;22:35:00;203;sem vítima;250,7;BR-116/SC;Norte;Choque - Objeto sobre a pista;1;1;;;;;1
04/01/2016;16:47:00;407;com vítima;12,3;BR-116/SC;Norte;Colisão Transversal;1;2;1;;1;;2
05/01/2016;21:43:00;557;sem vítima;122,1;BR-116/PR;Sul;Colisão Traseira;1;2;;;;;1
06/01/2016;09:20:00;608;com vítima;249,05;BR-116/SC;Norte;Colisão Lateral;2;3;;;1;;2
06/01/2016;10:17:00;613;sem vítima;140,8;BR-116/PR;Norte;Colisão Traseira;2;2;;;;;1
06/01/2016;15:16:00;641;sem vítima;72,8;BR-116/SC;Sul;Saida de Pista;1;1;;;;;1
08/01/2016;03:48:00;829;com vítima;128,6;BR-116/PR;Norte;Colisão Traseira;2;3;1;;;;1
08/01/2016;12:20:00;875;sem vítima;151;BR-116/PR;Norte;Objeto lançado contra veículo;1;1;;;;;1
08/01/2016;14:29:00;884;sem vítima;229,2;BR-116/SC;Norte;Saida de Pista;1;1;;;;;1
08/01/2016;17:40:00;908;sem vítima;107,95;BR-116/SC;Norte;Saida de Pista;1;1;;;;;1
09/01/2016;10:54:00;965;sem vítima;140;BR-116/SC;Sul;Objeto lançado contra veículo;1;1;;;;;1
10/01/2016;11:07:00;1078;sem vítima;170,8;BR-116/SC;Norte;Saida de Pista;1;1;;;;;1
10/01/2016;15:44:00;1094;sem vítima;188;BR-116/PR;Sul;Objeto lançado contra veículo;1;2;;;;;1
10/01/2016;17:34:00;1110;com vítima;209;BR-116/PR;Sul;Colisão Lateral;1;2;1;;;;1
11/01/2016;17:33:00;1279;sem vítima;119;BR-116/PR;Norte;Colisão Lateral;1;2;;;;;1
13/01/2016;11:20:00;1517;sem vítima;245;BR-116/SC;Sul;Colisão Transversal;1;6;;;;;1
13/01/2016;13:51:00;1530;sem vítima;152;BR-116/SC;Sul;Colisão Traseira;1;2;;;;;1
13/01/2016;15:46:00;1558;sem vítima;117,6;BR-116/PR;Sul;Colisão Lateral;1;2;;;;;1
13/01/2016;15:50:00;1559;sem vítima;118,1;BR-116/PR;Sul;Objeto lançado contra veículo;1;1;;;;;1
13/01/2016;19:25:00;1585;sem vítima;184,3;BR-116/SC;Norte;Tombamento;1;1;;;;;1
13/01/2016;22:04:00;1598;sem vítima;260;BR-116/SC;Norte;Saida de Pista;1;2;;;;;1
13/01/2016;23:26:00;1601;sem vítima;122;BR-116/PR;Norte;Colisão Traseira;1;3;;;;;1
15/01/2016;08:16:00;1754;com vítima;116,1;BR-116/PR;Norte;Colisão Lateral;1;4;;;1;;2
15/01/2016;10:48:00;1768;sem vítima;126;BR-116/PR;Norte;Colisão Traseira;2;2;;;;;1
16/01/2016;06:21:00;1868;sem vítima;119;BR-116/PR;Sul;Choque - Veiculo parado na pista;1;2;;;;;1
17/01/2016;09:15:00;1973;sem vítima;155,2;BR-116/PR;Sul;Saida de Pista;1;1;;;;;1
18/01/2016;07:34:00;2062;sem vítima;134;BR-116/PR;Norte;Colisão Traseira;1;2;;;;;1
18/01/2016;13:52:00;2103;sem vítima;287;BR-116/SC;Sul;Colisão Lateral;1;5;;;;;1
20/01/2016;11:22:00;2317;com vítima;238,5;BR-116/SC;Sul;Tombamento;1;1;1;;;;1
21/01/2016;17:33:00;2485;sem vítima;107;BR-116/SC;Norte;Choque - Talude;1;1;;;;;1
22/01/2016;00:19:00;2518;sem vítima;252;BR-116/SC;Sul;Colisão Frontal;2;2;;;;;1
22/01/2016;15:32:00;2591;com vítima;234;BR-116/SC;Norte;Colisão Lateral;2;2;1;;;;1
22/01/2016;17:10:00;2605;sem vítima;152;BR-116/SC;Norte;Choque - Defensa, barreira ou "submarino";1;1;;;;;1
23/01/2016;06:02:00;2636;com vítima;248,95;BR-116/SC;Norte;Colisão Traseira;2;1;;;2;1;3
23/01/2016;12:19:00;2658;sem vítima;142,6;BR-116/PR;Norte;Colisão Traseira;1;2;;;;;1
24/01/2016;09:24:00;2734;sem vítima;124,6;BR-116/SC;Sul;Tombamento;1;1;;;;;1
24/01/2016;19:05:00;2774;com vítima;91;BR-116/SC;Norte;Colisão Lateral;1;2;1;;;;1
26/01/2016;15:51:00;3052;sem vítima;89;BR-116/SC;Norte;Choque - Objeto sobre a pista;1;1;;;;;1
27/01/2016;14:30:00;3181;sem vítima;17,2;BR-116/SC;Norte;Colisão Lateral;1;2;;;;;1
27/01/2016;19:41:00;3214;sem vítima;141;BR-116/PR;Norte;Objeto lançado contra veículo;1;1;;;;;1
29/01/2016;23:42:00;3470;sem vítima;163,6;BR-116/PR;Sul;Colisão Transversal;1;2;;;;;1
30/01/2016;20:04:00;3549;sem vítima;203,6;BR-116/PR;Norte;Choque - Defensa, barreira ou "submarino";1;1;;;;;1
31/01/2016;19:03:00;3615;sem vítima;195;BR-116/SC;Norte;Colisão Lateral;1;5;;;;;1
01/02/2016;15:26:00;56;sem vítima;134;BR-116/PR;Norte;Colisão Lateral;2;3;;;;;1
01/02/2016;19:11:00;79;sem vítima;151,7;BR-116/PR;Sul;Colisão Lateral;3;3;;;;;1
03/02/2016;19:41:00;335;sem vítima;148;BR-116/PR;Norte;Objeto lançado contra veículo;1;1;;;;;1
04/02/2016;06:51:00;358;sem vítima;196,9;BR-116/PR;Norte;Saida de Pista;1;1;;;;;1
04/02/2016;14:40:00;415;sem vítima;135,35;BR-116/SC;Norte;Colisão Traseira;1;4;;;;;1
04/02/2016;18:35:00;439;com vítima;310,45;BR-116/SC;Sul;Choque - Defensa, barreira ou "submarino";1;0;1;;;;1
05/02/2016;17:16:00;538;sem vítima;65,3;BR-116/SC;Sul;Colisão Lateral;2;3;;;;;1
06/02/2016;09:57:00;611;com vítima;245;BR-116/SC;Sul;Colisão Transversal;1;2;4;;;;1
06/02/2016;10:57:00;617;sem vítima;152,38;BR-116/PR;Sul;Colisão Transversal;1;2;;;;;1
06/02/2016;13:54:00;630;com vítima;52;BR-116/SC;Sul;Colisão Traseira;1;1;1;;;;1
06/02/2016;17:34:00;650;com vítima;266,78;BR-116/SC;Sul;Colisão Lateral;1;1;1;;;;1
07/02/2016;16:46:00;738;com vítima;193,1;BR-116/SC;Norte;Tombamento;1;0;2;;;;1
08/02/2016;06:31:00;787;com vítima;71,2;BR-116/SC;Sul;Colisão Lateral;1;2;1;;;;1
08/02/2016;23:20:00;873;sem vítima;223;BR-116/SC;Norte;Choque - Objeto sobre a pista;1;1;;;;;1
09/02/2016;17:02:00;958;sem vítima;238;BR-116/SC;Norte;Colisão Lateral;1;1;;;;;1
09/02/2016;19:47:00;982;com vítima;245,5;BR-116/SC;Sul;Colisão Transversal;1;2;2;;;;1
10/02/2016;18:01:00;1091;com vítima;155,5;BR-116/PR;Norte;Colisão Lateral;2;3;2;;;;1
11/02/2016;09:21:00;1143;sem vítima;117;BR-116/PR;Sul;Colisão Traseira;3;3;;;;;1
12/02/2016;12:57:00;1294;sem vítima;28;BR-116/SC;Sul;Choque - Objeto sobre a pista;1;1;;;;;1
13/02/2016;22:42:00;1459;sem vítima;94,9;BR-116/SC;Norte;Saida de Pista;1;1;;;;;1
15/02/2016;14:49:00;1614;sem vítima;107,8;BR-116/SC;Sul;Choque - Defensa, barreira ou "submarino";1;1;;;;;1
16/02/2016;18:15:00;1785;sem vítima;115,2;BR-116/PR;Norte;Colisão Lateral;1;2;;;;;1
18/02/2016;01:57:00;1945;sem vítima;101,3;BR-116/SC;Norte;Colisão Frontal;2;2;;;;;1
18/02/2016;15:57:00;2013;sem vítima;121,6;BR-116/PR;Sul;Choque - Veiculo parado no acostamento;1;2;;;;;1
18/02/2016;21:37:00;2045;sem vítima;167;BR-116/PR;Norte;Choque - Defensa, barreira ou "submarino";1;1;;;;;1
19/02/2016;09:24:00;2094;sem vítima;4;BR-116/SC;Norte;Colisão Traseira;2;2;;;;;1
20/02/2016;11:51:00;2244;sem vítima;117;BR-116/PR;Sul;Colisão Transversal;1;3;;;;;1
22/02/2016;17:42:00;2495;com vítima;267,7;BR-116/SC;Norte;Tombamento;1;0;1;;;;1
23/02/2016;13:45:00;2567;sem vítima;115,4;BR-116/PR;Norte;Colisão Lateral;2;2;;;;;1
23/02/2016;15:14:00;2579;sem vítima;46,2;BR-116/SC;Sul;Saida de Pista;1;1;;;;;1
23/02/2016;17:03:00;2589;sem vítima;171,1;BR-116/PR;Norte;Tombamento;1;1;;;;;1
24/02/2016;00:45:00;2625;sem vítima;136;BR-116/SC;Sul;Colisão Lateral;1;2;;;;;1
24/02/2016;05:45:00;2639;sem vítima;42,3;BR-116/SC;Norte;Tombamento;1;2;;;;;1
24/02/2016;08:25:00;2646;sem vítima;117;BR-116/PR;Sul;Colisão Lateral;1;2;;;;;1
24/02/2016;08:38:00;2648;com vítima;118,8;BR-116/PR;Sul;Colisão Lateral;1;1;1;;;;1
25/02/2016;12:18:00;2793;sem vítima;234,3;BR-116/SC;Norte;Saida de Pista;1;3;;;;;1
26/02/2016;10:13:00;2912;sem vítima;134;BR-116/PR;Sul;Colisão Traseira;1;3;;;;;1
26/02/2016;13:58:00;2940;sem vítima;52;BR-116/SC;Sul;Outros;1;1;;;;;1
26/02/2016;15:08:00;2944;com vítima;198;BR-116/PR;Sul;Colisão Frontal;2;2;1;;;;1
27/02/2016;13:45:00;3028;sem vítima;245,5;BR-116/SC;Sul;Colisão Transversal;1;2;;;;;1
28/02/2016;14:50:00;3124;sem vítima;117,4;BR-116/PR;Sul;Colisão Lateral;1;4;;;;;1
02/03/2016;08:54:00;149;com vítima;163,5;BR-116/PR;Sul;Colisão Transversal;1;1;1;;;;1
02/03/2016;21:30:00;216;sem vítima;210;BR-116/SC;Norte;Saida de Pista;1;1;;;;;1
03/03/2016;11:44:00;271;sem vítima;76;BR-116/SC;Sul;Choque - Objeto sobre a pista;1;5;;;;;1
03/03/2016;11:46:00;272;sem vítima;131,5;BR-116/PR;Norte;Colisão Traseira;1;5;;;;;1
03/03/2016;17:24:00;306;sem vítima;171,1;BR-116/PR;Norte;Saida de Pista;1;1;;;;;1
03/03/2016;17:54:00;310;sem vítima;179;BR-116/PR;Sul;Colisão Traseira;1;2;;;;;1
04/03/2016;11:57:00;386;sem vítima;131;BR-116/PR;Norte;Colisão Traseira;1;2;;;;;1
04/03/2016;21:39:00;454;sem vítima;126;BR-116/PR;Norte;Colisão Transversal;1;4;;;;;1
05/03/2016;18:11:00;531;sem vítima;152,2;BR-116/SC;Norte;Choque - Defensa, barreira ou "submarino";1;1;;;;;1
06/03/2016;08:59:00;582;sem vítima;152,4;BR-116/PR;Norte;Colisão Transversal;1;4;;;;;1
06/03/2016;10:28:00;588;sem vítima;239;BR-116/SC;Sul;Tombamento;1;1;;;;;1
07/03/2016;05:01:00;675;sem vítima;118,8;BR-116/PR;Sul;Tombamento;1;1;;;;;1
07/03/2016;06:17:00;677;com vítima;128;BR-116/PR;Norte;Choque - Defensa, barreira ou "submarino";1;2;1;;;;1
07/03/2016;14:36:00;738;com vítima;149,95;BR-116/PR;Sul;Colisão Lateral;1;1;1;;;;1
08/03/2016;11:01:00;844;com vítima;125,7;BR-116/PR;Norte;Colisão Traseira;1;1;1;;;;1
09/03/2016;10:09:00;950;sem vítima;136,8;BR-116/SC;Sul;Colisão Lateral;1;2;;;;;1
09/03/2016;17:50:00;998;sem vítima;154,9;BR-116/SC;Norte;Saida de Pista;1;1;;;;;1
10/03/2016;01:42:00;1040;sem vítima;166,5;BR-116/PR;Norte;Tombamento;1;3;;;;;1
10/03/2016;16:06:00;1109;sem vítima;117;BR-116/PR;Sul;Colisão Transversal;1;2;;;;;1
11/03/2016;02:30:00;1176;sem vítima;174,9;BR-116/SC;Sul;Capotamento;1;2;;;;;1
11/03/2016;15:25:00;1232;com vítima;42,1;BR-116/SC;Norte;Colisão Frontal;1;3;;;;1;3
11/03/2016;17:41:00;1246;com vítima;115;BR-116/PR;Norte;Engavetamento;1;5;2;;;;1
12/03/2016;07:56:00;1302;sem vítima;233;BR-116/SC;Norte;Choque - Defensa, barreira ou "submarino";1;1;;;;;1
12/03/2016;09:01:00;1308;sem vítima;81;BR-116/SC;Sul;Colisão Traseira;1;5;;;;;1
12/03/2016;11:55:00;1321;sem vítima;309;BR-116/SC;Sul;Tombamento;1;1;;;;;1
12/03/2016;18:32:00;1356;com vítima;68,8;BR-116/SC;Norte;Colisão Lateral;2;3;1;;;;1
12/03/2016;19:57:00;1363;com vítima;99;BR-116/SC;Sul;Colisão Transversal;1;1;2;;1;;2
14/03/2016;06:19:00;1477;com vítima;232,1;BR-116/SC;Norte;Colisão Frontal;1;1;1;;;;1
16/03/2016;17:05:00;1789;sem vítima;92,5;BR-116/SC;Norte;Colisão Lateral;1;2;;;;;1
16/03/2016;17:52:00;1795;com vítima;252,44;BR-116/SC;Norte;Colisão Traseira;2;1;1;;;;1
16/03/2016;21:38:00;1813;sem vítima;82,3;BR-116/SC;Norte;Tombamento;1;1;;;;;1
17/03/2016;10:10:00;1857;com vítima;162,2;BR-116/SC;Norte;Colisão Lateral;1;1;1;;;;1
17/03/2016;12:48:00;1871;sem vítima;117;BR-116/PR;Sul;Colisão Lateral;1;2;;;;;1
17/03/2016;13:45:00;1878;com vítima;126,6;BR-116/SC;Sul;Saida de Pista;1;0;1;;;;1
17/03/2016;15:01:00;1886;com vítima;12,3;BR-116/SC;Sul;Colisão Transversal;1;1;1;;1;;2
17/03/2016;19:04:00;1912;sem vítima;195;BR-116/SC;Sul;Choque - Poste;1;1;;;;;1
18/03/2016;14:18:00;2009;sem vítima;117,4;BR-116/PR;Sul;Colisão Lateral;1;2;;;;;1
18/03/2016;15:20:00;2022;sem vítima;117;BR-116/PR;Sul;Colisão Lateral;1;2;;;;;1
18/03/2016;15:27:00;2024;sem vítima;82;BR-116/SC;Norte;Colisão Lateral;2;2;;;;;1
18/03/2016;19:10:00;2040;sem vítima;124;BR-116/PR;Sul;Choque - Veiculo parado na pista;1;2;;;;;1
22/03/2016;15:48:00;2418;com vítima;155,4;BR-116/PR;Norte;Tombamento;1;0;1;;;;1
22/03/2016;16:33:00;2424;sem vítima;106,5;BR-116/SC;Norte;Colisão Traseira;2;2;;;;;1
22/03/2016;16:53:00;2426;com vítima;179,9;BR-116/PR;Norte;Tombamento;1;0;1;;;;1
24/03/2016;08:57:00;2604;com vítima;8,3;BR-116/SC;Sul;Colisão Lateral;1;1;2;;;;1
25/03/2016;16:20:00;2746;sem vítima;178,1;BR-116/PR;Norte;Saida de Pista;1;2;;;;;1
26/03/2016;06:52:00;2788;com vítima;147,5;BR-116/PR;Norte;Incêndio;1;0;1;;;;1
28/03/2016;19:17:00;3111;com vítima;125,8;BR-116/PR;Norte;Colisão Lateral;1;4;1;;;;1
28/03/2016;20:34:00;3115;com vítima;123;BR-116/PR;Norte;Colisão Lateral;1;1;1;;;;1
30/03/2016;20:39:00;3354;com vítima;120;BR-116/PR;Sul;Colisão Lateral;1;2;1;;;;1
31/03/2016;19:17:00;3460;sem vítima;133,5;BR-116/SC;Sul;Objeto lançado contra veículo;1;1;;;;;1
01/04/2016;14:48:00;70;sem vítima;119;BR-116/PR;Norte;Colisão Lateral;1;2;;;;;1
01/04/2016;18:12:00;89;sem vítima;288,8;BR-116/SC;Sul;Objeto lançado contra veículo;1;3;;;;;1
02/04/2016;18:55:00;204;sem vítima;36;BR-116/SC;Sul;Colisão Lateral;1;3;;;;;1
03/04/2016;04:46:00;246;com vítima;174,7;BR-116/SC;Norte;Colisão Frontal;1;1;2;;;;1
03/04/2016;18:31:00;300;sem vítima;33,7;BR-116/SC;Norte;Choque - Defensa, barreira ou "submarino";1;3;;;;;1
04/04/2016;04:36:00;328;sem vítima;117;BR-116/PR;Norte;Tombamento;1;1;;;;;1
04/04/2016;06:50:00;331;com vítima;121,3;BR-116/PR;Norte;Queda de Moto;1;3;1;;;;1
04/04/2016;14:54:00;363;sem vítima;173,1;BR-116/SC;Sul;Saida de Pista;1;1;;;;;1
05/04/2016;16:02:00;489;com vítima;49;BR-116/SC;Sul;Colisão Traseira;1;4;1;;;;1
05/04/2016;16:32:00;494;sem vítima;197;BR-116/PR;Sul;Colisão Lateral;1;2;;;;;1
05/04/2016;19:10:00;505;sem vítima;138,2;BR-116/SC;Sul;Colisão Lateral;1;3;;;;;1
06/04/2016;04:52:00;539;sem vítima;74,4;BR-116/SC;Sul;Saida de Pista;1;1;;;;;1
06/04/2016;14:16:00;585;sem vítima;141;BR-116/PR;Sul;Colisão Traseira;2;3;;;;;1
07/04/2016;12:06:00;703;sem vítima;7;BR-116/SC;Sul;Colisão Transversal;1;2;;;;;1
08/04/2016;03:34:00;792;sem vítima;144,5;BR-116/PR;Norte;Saida de Pista;1;2;;;;;1
08/04/2016;05:52:00;794;sem vítima;117;BR-116/PR;Sul;Colisão Lateral;1;2;;;;;1
08/04/2016;11:10:00;823;com vítima;217,8;BR-116/SC;Norte;Colisão Frontal;1;1;;;;1;3
09/04/2016;00:53:00;888;sem vítima;130;BR-116/SC;Norte;Colisão Traseira;1;2;;;;;1
09/04/2016;19:14:00;967;sem vítima;304,5;BR-116/SC;Norte;Tombamento;2;2;;;;;1
09/04/2016;19:31:00;968;com vítima;245;BR-116/SC;Sul;Colisão Transversal;1;1;1;;;;1
10/04/2016;19:07:00;1059;sem vítima;71;BR-116/SC;Norte;Colisão Frontal;1;3;;;;;1
11/04/2016;09:04:00;1104;sem vítima;74,5;BR-116/SC;Norte;Colisão Lateral;1;3;;;;;1
11/04/2016;11:21:00;1122;com vítima;265,88;BR-116/SC;Sul;Colisão Transversal;1;1;1;;;;1
11/04/2016;18:55:00;1174;sem vítima;269;BR-116/SC;Norte;Tombamento;1;1;;;;;1
12/04/2016;10:23:00;1214;sem vítima;108,6;BR-116/SC;Norte;Colisão Lateral;1;2;;;;;1
13/04/2016;14:11:00;1337;com vítima;247,8;BR-116/SC;Sul;Colisão Lateral;1;1;2;;;;1
13/04/2016;20:55:00;1377;sem vítima;169,8;BR-116/PR;Sul;Outros;1;1;;;;;1
14/04/2016;02:55:00;1398;sem vítima;102,2;BR-116/SC;Norte;Saida de Pista;1;1;;;;;1
14/04/2016;13:26:00;1438;com vítima;129,6;BR-116/PR;Sul;Colisão Transversal;2;4;1;;;;1
15/04/2016;11:34:00;1544;sem vítima;304,9;BR-116/SC;Sul;Colisão Traseira;1;2;;;;;1
15/04/2016;12:38:00;1548;com vítima;170,8;BR-116/PR;Norte;Colisão Traseira;1;3;1;;;;1
15/04/2016;20:14:00;1590;sem vítima;108;BR-116/SC;Norte;Saida de Pista;1;1;;;;;1
16/04/2016;13:53:00;1659;sem vítima;119;BR-116/PR;Norte;Colisão Traseira;1;2;;;;;1
16/04/2016;14:32:00;1661;com vítima;128,4;BR-116/PR;Norte;Outros;1;1;1;;;;1
16/04/2016;21:25:00;1699;sem vítima;152;BR-116/SC;Norte;Colisão Traseira;1;3;;;;;1
18/04/2016;11:01:00;1822;sem vítima;248;BR-116/SC;Norte;Saida de Pista;1;1;;;;;1
20/04/2016;01:28:00;1971;sem vítima;242,5;BR-116/SC;Sul;Colisão Traseira;1;2;;;;;1