data;horario;n_da_ocorrencia;tipo_de_ocorrencia;km;trecho;sentido;tipo_de_acidente;caminhao;ilesos;levemente_feridos;moderadamente_feridos;gravemente_feridos;mortos;3
18/10/2016;22:38:00;1741;sem vítima;110,12;BR-116/SC;Sul;Choque - Veiculo parado na pista;2;2;;;;;1
20/10/2016;07:39:00;1874;sem vítima;118;BR-116/PR;Norte;Colisão Lateral;1;2;;;;;1
20/10/2016;10:08:00;1904;com vítima;181,4;BR-116/SC;Norte;Tombamento;1;0;1;;;;1
20/10/2016;19:49:00;2005;sem vítima;301;BR-116/SC;Sul;Choque - Veiculo parado no acostamento;2;2;;;;;1
22/10/2016;13:52:00;2202;sem vítima;23,3;BR-116/SC;Sul;Colisão Traseira;1;3;;;;;1
24/10/2016;21:31:00;2442;com vítima;205,3;BR-116/SC;Norte;Saida de Pista;1;0;1;;;;1
25/10/2016;16:44:00;2525;sem vítima;193,8;BR-116/PR;Sul;Saida de Pista;1;2;;;;;1
27/10/2016;10:19:00;2688;sem vítima;141,4;BR-116/PR;Norte;Colisão Lateral;1;2;;;;;1
28/10/2016;07:56:00;2792;sem vítima;116;BR-116/PR;Sul;Colisão Traseira;1;3;;;;;1
28/10/2016;22:07:00;2893;com vítima;85,7;BR-116/SC;Norte;Colisão Transversal;1;2;1;;;;1
29/10/2016;12:10:00;2926;com vítima;122,6;BR-116/PR;Sul;Colisão Traseira;1;1;1;;;;1
29/10/2016;12:40:00;2927;com vítima;120;BR-116/PR;Sul;Engavetamento;1;3;1;;;;1
31/10/2016;09:47:00;3075;sem vítima;21;BR-116/SC;Norte;Colisão Traseira;1;2;;;;;1
31/10/2016;14:53:00;3125;sem vítima;172,7;BR-116/SC;Sul;Colisão Traseira;1;2;;;;;1
01/11/2016;04:44:00;7;sem vítima;163,4;BR-116/SC;Sul;Atropelamento de Animal;1;1;;;;;1
02/11/2016;15:37:00;189;sem vítima;126;BR-116/PR;Norte;Colisão Lateral;1;2;;;;;1
04/11/2016;13:38:00;400;sem vítima;172,3;BR-116/SC;Norte;Colisão Lateral;1;2;;;;;1
04/11/2016;14:08:00;403;sem vítima;131;BR-116/PR;Norte;Colisão Lateral;1;2;;;;;1
04/11/2016;17:50:00;430;com vítima;211;BR-116/SC;Norte;Tombamento;1;0;1;;;;1
04/11/2016;18:00:00;432;sem vítima;125,2;BR-116/PR;Norte;Colisão Lateral;1;2;;;;;1
05/11/2016;19:00:00;535;sem vítima;165;BR-116/SC;Sul;Tombamento;1;1;;;;;1
05/11/2016;22:47:00;550;com vítima;105,7;BR-116/SC;Norte;Saida de Pista;1;0;1;;;;1
07/11/2016;15:47:00;716;sem vítima;117,1;BR-116/PR;Sul;Colisão Lateral;1;2;;;;;1
08/11/2016;09:22:00;799;sem vítima;155;BR-116/SC;Norte;Tombamento;1;1;;;;;1
09/11/2016;12:11:00;943;sem vítima;117,3;BR-116/PR;Sul;Colisão Lateral;1;3;;;;;1
09/11/2016;12:21:00;944;sem vítima;117,2;BR-116/PR;Sul;Colisão Lateral;1;2;;;;;1
10/11/2016;00:41:00;1022;com vítima;47,3;BR-116/SC;Sul;Colisão Frontal;2;1;1;;;;1
11/11/2016;00:07:00;1173;sem vítima;73,8;BR-116/SC;Sul;Colisão Transversal;1;3;;;;;1
12/11/2016;12:07:00;1332;sem vítima;69;BR-116/SC;Norte;Colisão Lateral;1;2;;;;;1
14/11/2016;07:58:00;1453;sem vítima;234,95;BR-116/SC;Norte;Tombamento;1;1;;;;;1
15/11/2016;12:36:00;1576;sem vítima;67;BR-116/SC;Norte;Colisão Lateral;1;2;;;;;1
17/11/2016;13:49:00;1787;sem vítima;221,4;BR-116/SC;Norte;Colisão Transversal;1;3;;;;;1
18/11/2016;07:15:00;1863;sem vítima;31,5;BR-116/SC;Sul;Colisão Lateral;1;2;;;;;1
18/11/2016;13:36:00;1928;com vítima;163,8;BR-116/SC;Norte;Objeto lançado contra veículo;1;3;1;;;;1
18/11/2016;15:21:00;1946;sem vítima;204;BR-116/PR;Sul;Colisão Traseira;1;2;;;;;1
19/11/2016;03:57:00;2015;sem vítima;117;BR-116/PR;Norte;Saida de Pista;1;1;;;;;1
20/11/2016;17:24:00;2195;com vítima;151,9;BR-116/PR;Norte;Colisão Traseira;1;1;;;;1;3
21/11/2016;05:32:00;2243;com vítima;263,88;BR-116/SC;Sul;Colisão Frontal;1;1;1;;;;1
21/11/2016;14:13:00;2324;sem vítima;34,15;BR-116/SC;Norte;Engavetamento;1;3;;;;;1
22/11/2016;15:39:00;2484;com vítima;112,2;BR-116/SC;Sul;Objeto lançado contra veículo;3;3;1;;;;1
22/11/2016;18:31:00;2515;com vítima;159;BR-116/SC;Sul;Saida de Pista;1;0;2;;;;1
23/11/2016;14:51:00;2620;sem vítima;126;BR-116/PR;Sul;Colisão Traseira;2;2;;;;;1
24/11/2016;11:10:00;2748;sem vítima;117,7;BR-116/PR;Sul;Colisão Traseira;1;2;;;;;1
24/11/2016;15:49:00;2793;sem vítima;124;BR-116/SC;Sul;Colisão Traseira;2;3;;;;;1
25/11/2016;10:58:00;2907;sem vítima;120;BR-116/PR;Sul;Colisão Lateral;1;2;;;;;1
25/11/2016;17:24:00;2964;sem vítima;134;BR-116/PR;Norte;Colisão Traseira;1;2;;;;;1
26/11/2016;08:02:00;3018;sem vítima;104,7;BR-116/SC;Sul;Colisão Lateral;3;3;;;;;1
26/11/2016;11:23:00;3047;sem vítima;134;BR-116/PR;Sul;Choque - Cancela de Pedagio;1;1;;;;;1
27/11/2016;06:24:00;3124;sem vítima;147,1;BR-116/PR;Norte;Colisão Traseira;1;2;;;;;1
28/11/2016;14:45:00;3289;sem vítima;138,5;BR-116/SC;Sul;Colisão Transversal;2;2;;;;;1
28/11/2016;19:54:00;3328;sem vítima;52;BR-116/SC;Sul;Colisão Transversal;1;2;;;;;1
29/11/2016;15:01:00;3403;sem vítima;204,95;BR-116/SC;Norte;Tombamento;1;1;;;;;1
01/12/2016;15:07:00;88;com vítima;294,7;BR-116/SC;Sul;Colisão Traseira;2;1;1;;;;1
02/12/2016;09:12:00;184;com vítima;218;BR-116/SC;Sul;Colisão Frontal;1;0;2;;;1;3
02/12/2016;09:25:00;187;sem vítima;122;BR-116/PR;Norte;Colisão Traseira;1;2;;;;;1
02/12/2016;19:08:00;265;com vítima;285,2;BR-116/SC;Norte;Colisão Traseira;1;2;1;;;;1
04/12/2016;08:02:00;366;sem vítima;117;BR-116/PR;Sul;Choque - Veiculo parado na pista;1;3;;;;;1
05/12/2016;08:43:00;457;com vítima;181,5;BR-116/SC;Norte;Colisão Traseira;1;1;1;;;;1
06/12/2016;17:24:00;660;sem vítima;152;BR-116/PR;Norte;Colisão Transversal;1;2;;;;;1
06/12/2016;17:49:00;662;com vítima;19,1;BR-116/SC;Sul;Choque - Veiculo parado na pista;2;1;1;;;;1
07/12/2016;18:12:00;804;sem vítima;4,5;BR-116/SC;Sul;Colisão Lateral;1;2;;;;;1
07/12/2016;19:07:00;811;sem vítima;151,1;BR-116/PR;Sul;Choque - Defensa, barreira ou "submarino";1;1;;;;;1
08/12/2016;07:01:00;841;com vítima;308,75;BR-116/SC;Norte;Tombamento;1;0;1;;;;1
10/12/2016;00:12:00;1101;sem vítima;81,2;BR-116/SC;Sul;Outros;1;1;;;;;1
10/12/2016;20:07:00;1157;sem vítima;118,1;BR-116/PR;Sul;Colisão Lateral;1;6;;;;;1
11/12/2016;04:57:00;1177;sem vítima;225,85;BR-116/SC;Sul;Colisão Frontal;1;2;;;;;1
11/12/2016;05:31:00;1178;sem vítima;141;BR-116/PR;Norte;Saida de Pista;1;1;;;;;1
11/12/2016;16:35:00;1220;sem vítima;168,3;BR-116/SC;Sul;Tombamento;1;1;;;;;1
11/12/2016;19:49:00;1245;sem vítima;129,2;BR-116/PR;Norte;Colisão Lateral;1;2;;;;;1
12/12/2016;06:57:00;1279;com vítima;128,05;BR-116/PR;Norte;Colisão Traseira;1;1;1;;;;1
12/12/2016;17:12:00;1386;sem vítima;146,95;BR-116/PR;Norte;Colisão Lateral;2;2;;;;;1
13/12/2016;06:09:00;1436;sem vítima;142,1;BR-116/SC;Sul;Colisão Traseira;1;3;;;;;1
13/12/2016;12:24:00;1492;com vítima;126;BR-116/PR;Norte;Colisão Traseira;1;1;1;;;;1
15/12/2016;15:28:00;1797;com vítima;210,8;BR-116/PR;Norte;Colisão Transversal;1;1;1;;;;1
17/12/2016;12:21:00;1998;com vítima;211,2;BR-116/SC;Norte;Colisão Lateral;1;4;1;;;;1
19/12/2016;14:00:00;2216;sem vítima;173,8;BR-116/SC;Sul;Colisão Lateral;1;3;;;;;1
20/12/2016;01:00:00;2266;com vítima;125,8;BR-116/PR;Norte;Colisão Transversal;1;1;1;;1;;2
20/12/2016;03:54:00;2273;com vítima;19,3;BR-116/SC;Norte;Tombamento;1;0;1;;;;1
20/12/2016;10:34:00;2294;sem vítima;207,4;BR-116/SC;Sul;Tombamento;1;1;;;;;1
20/12/2016;15:00:00;2315;sem vítima;131,8;BR-116/PR;Sul;Saida de Pista;1;1;;;;;1
20/12/2016;16:45:00;2329;sem vítima;59,8;BR-116/SC;Norte;Colisão Traseira;1;4;;;;;1
20/12/2016;16:59:00;2330;com vítima;140,6;BR-116/SC;Sul;Tombamento;1;0;1;;;;1
20/12/2016;19:19:00;2339;sem vítima;115,5;BR-116/PR;Norte;Colisão Traseira;2;2;;;;;1
21/12/2016;07:02:00;2375;sem vítima;122,5;BR-116/PR;Norte;Colisão Lateral;1;2;;;;;1
21/12/2016;09:53:00;2396;sem vítima;121;BR-116/PR;Norte;Colisão Lateral;1;2;;;;;1
22/12/2016;15:17:00;2540;sem vítima;189;BR-116/PR;Norte;Saida de Pista;1;2;;;;;1
23/12/2016;11:53:00;2641;sem vítima;115;BR-116/PR;Norte;Colisão Traseira;1;5;;;;;1
23/12/2016;14:32:00;2662;sem vítima;152,2;BR-116/SC;Norte;Choque - Veiculo parado na pista;1;6;;;;;1
26/12/2016;12:22:00;2959;sem vítima;193;BR-116/PR;Norte;Colisão Traseira;2;2;;;;;1
26/12/2016;12:41:00;2963;sem vítima;134;BR-116/PR;Norte;Colisão Traseira;2;2;;;;;1
26/12/2016;17:07:00;3001;sem vítima;215,5;BR-116/SC;Norte;Colisão Traseira;1;2;;;;;1
27/12/2016;00:08:00;3031;sem vítima;31,3;BR-116/SC;Norte;Colisão Lateral;2;2;;;;;1
27/12/2016;16:14:00;3115;com vítima;50,7;BR-116/SC;Sul;Tombamento;1;0;1;;;;1
30/12/2016;16:21:00;3473;sem vítima;118;BR-116/PR;Sul;Colisão Lateral;2;2;;;;;1
31/12/2016;22:48:00;3547;com vítima;107,7;BR-116/SC;Norte;Tombamento;1;0;1;;;;1
02/01/2017;16:46:00;140;sem vítima;234,55;BR-116/SC;Norte;Saida de Pista;1;4;;;;;1
04/01/2017;14:15:00;344;sem vítima;151;BR-116/PR;Norte;Tombamento;1;1;;;;;1
05/01/2017;16:57:00;493;sem vítima;139,55;BR-116/SC;Sul;Choque - Veiculo parado na pista;1;2;;;;;1
06/01/2017;15:30:00;615;com vítima;201,6;BR-116/SC;Norte;Colisão Lateral;1;3;2;;;;1
06/01/2017;22:46:00;643;sem vítima;226;BR-116/SC;Sul;Choque - Objeto sobre a pista;1;1;;;;;1
09/01/2017;11:43:00;889;sem vítima;119;BR-116/PR;Sul;Colisão Transversal;1;2;;;;;1
10/01/2017;11:20:00;1008;com vítima;147,1;BR-116/PR;Sul;Engavetamento;2;6;1;;;;1
10/01/2017;13:52:00;1017;sem vítima;135;BR-116/PR;Norte;Colisão Lateral;1;2;;;;;1
11/01/2017;02:55:00;1103;sem vítima;134;BR-116/PR;Sul;Choque - Defensa, barreira ou "submarino";1;1;;;;;1
11/01/2017;16:24:00;1181;sem vítima;47,6;BR-116/SC;Norte;Colisão Traseira;2;3;;;;;1
12/01/2017;08:27:00;1236;sem vítima;233,16;BR-116/SC;Norte;Colisão Traseira;1;2;;;;;1
12/01/2017;12:57:00;1282;sem vítima;4,5;BR-116/SC;Sul;Colisão Transversal;1;2;;;;;1
12/01/2017;13:38:00;1285;sem vítima;33,5;BR-116/SC;Sul;Colisão Traseira;1;8;;;;;1
12/01/2017;17:47:00;1328;sem vítima;52,8;BR-116/SC;Norte;Colisão Lateral;1;5;;;;;1
13/01/2017;14:24:00;1426;com vítima;115;BR-116/PR;Norte;Colisão Traseira;1;2;1;;;;1
14/01/2017;19:47:00;1565;sem vítima;76,05;BR-116/SC;Norte;Colisão Lateral;1;2;;;;;1
15/01/2017;08:54:00;1597;com vítima;134,8;BR-116/PR;Sul;Colisão Transversal;1;1;;;;1;3
15/01/2017;20:03:00;1664;sem vítima;130;BR-116/PR;Norte;Choque - Poste;1;1;;;;;1
16/01/2017;11:37:00;1748;sem vítima;187;BR-116/SC;Sul;Colisão Traseira;1;3;;;;;1
18/01/2017;12:59:00;2012;com vítima;99;BR-116/SC;Sul;Choque - Veiculo parado na pista;1;2;2;;;;1
19/01/2017;20:00:00;2173;com vítima;175,6;BR-116/SC;Sul;Saida de Pista;1;0;2;;;;1
20/01/2017;17:13:00;2306;com vítima;155,2;BR-116/SC;Sul;Tombamento;1;1;1;;;;1
21/01/2017;01:15:00;2346;com vítima;1,2;BR-116/SC;Sul;Colisão Transversal;1;1;1;;;;1
21/01/2017;02:13:00;2349;sem vítima;95;BR-116/SC;Norte;Colisão Lateral;1;2;;;;;1
24/01/2017;06:15:00;2640;sem vítima;56,5;BR-116/SC;Norte;Saida de Pista;1;1;;;;;1
24/01/2017;17:54:00;2720;sem vítima;117;BR-116/PR;Sul;Colisão Traseira;1;2;;;;;1
25/01/2017;18:47:00;2821;sem vítima;194,5;BR-116/PR;Sul;Capotamento;1;1;;;;;1
26/01/2017;10:25:00;2886;sem vítima;12;BR-116/SC;Norte;Colisão Transversal;2;5;;;;;1
30/01/2017;09:53:00;3310;sem vítima;163,8;BR-116/SC;Sul;Colisão Transversal;1;2;;;;;1
31/01/2017;03:30:00;3386;sem vítima;303,3;BR-116/SC;Sul;Colisão Traseira;2;2;;;;;1
31/01/2017;09:56:00;3416;com vítima;245;BR-116/SC;Sul;Colisão Transversal;1;1;4;;;;1
01/02/2017;13:30:00;63;sem vítima;203,5;BR-116/PR;Norte;Saida de Pista;1;1;;;;;1
01/02/2017;20:05:00;105;sem vítima;152;BR-116/SC;Sul;Choque - Suporte de Sinalização;1;1;;;;;1
02/02/2017;02:31:00;140;sem vítima;42,2;BR-116/SC;Sul;Colisão Lateral;1;2;;;;;1
04/02/2017;22:58:00;476;sem vítima;125,6;BR-116/SC;Norte;Colisão Lateral;1;2;;;;;1
05/02/2017;03:45:00;495;sem vítima;205,4;BR-116/PR;Norte;Colisão Transversal;1;2;;;;;1
06/02/2017;10:44:00;654;sem vítima;133;BR-116/SC;Norte;Tombamento;1;1;;;;;1
06/02/2017;15:31:00;689;sem vítima;309,7;BR-116/SC;Sul;Saida de Pista;1;3;;;;;1
07/02/2017;08:30:00;760;sem vítima;119;BR-116/PR;Sul;Colisão Transversal;1;3;;;;;1
07/02/2017;19:05:00;823;sem vítima;3,5;BR-116/SC;Norte;Choque - Veiculo parado na pista;2;2;;;;;1
08/02/2017;07:52:00;855;com vítima;110,4;BR-116/SC;Sul;Colisão Frontal;2;1;;;;1;3
08/02/2017;12:09:00;891;com vítima;247;BR-116/SC;Sul;Atropelamento - Sem Informação;1;0;1;;;;1
09/02/2017;17:09:00;1025;sem vítima;184;BR-116/SC;Sul;Colisão Traseira;2;2;;;;;1
10/02/2017;12:24:00;1115;sem vítima;181;BR-116/PR;Sul;Colisão Lateral;2;2;;;;;1
11/02/2017;00:53:00;1179;com vítima;121;BR-116/PR;Norte;Colisão Lateral;1;2;;1;;;2
11/02/2017;04:57:00;1184;com vítima;27,5;BR-116/SC;Sul;Colisão Frontal;2;1;;;;1;3
12/02/2017;21:39:00;1337;com vítima;199,2;BR-116/PR;Norte;Colisão Frontal;1;1;;;;1;3
14/02/2017;13:02:00;1528;sem vítima;24,7;BR-116/SC;Norte;Colisão Transversal;1;2;;;;;1
14/02/2017;18:10:00;1580;com vítima;204,2;BR-116/SC;Sul;Saida de Pista;1;0;1;;;;1
15/02/2017;15:50:00;1675;sem vítima;245,6;BR-116/SC;Sul;Colisão Traseira;2;2;;;;;1
15/02/2017;23:24:00;1709;com vítima;9,4;BR-116/SC;Sul;Colisão Frontal;1;1;1;;;;1
16/02/2017;01:56:00;1721;sem vítima;138,5;BR-116/PR;Norte;Tombamento;1;1;;;;;1
18/02/2017;10:57:00;2008;com vítima;183,97;BR-116/PR;Sul;Colisão Lateral;1;1;1;;;;1
21/02/2017;13:53:00;2405;com vítima;4,5;BR-116/SC;Sul;Colisão Transversal;1;1;1;;;;1
22/02/2017;09:28:00;2509;sem vítima;117,4;BR-116/PR;Sul;Colisão Traseira;1;3;;;;;1
22/02/2017;15:01:00;2567;sem vítima;171,75;BR-116/SC;Norte;Colisão Lateral;1;4;;;;;1
22/02/2017;15:42:00;2574;sem vítima;32,4;BR-116/SC;Sul;Choque - Veiculo parado na pista;1;2;;;;;1
22/02/2017;17:43:00;2595;sem vítima;247;BR-116/SC;Norte;Choque - Veiculo parado no acostamento;1;4;;;;;1
23/02/2017;02:22:00;2633;sem vítima;204;BR-116/SC;Sul;Choque - Objeto sobre a pista;1;1;;;;;1
23/02/2017;03:50:00;2637;sem vítima;128,6;BR-116/SC;Sul;Atropelamento de Animal;1;1;;;;;1
23/02/2017;18:06:00;2747;sem vítima;275,7;BR-116/SC;Norte;Saida de Pista;1;1;;;;;1
23/02/2017;18:31:00;2751;sem vítima;4,5;BR-116/SC;Sul;Colisão Transversal;1;2;;;;;1
24/02/2017;13:15:00;2832;com vítima;4,7;BR-116/SC;Sul;Colisão Transversal;1;1;1;;;;1
24/02/2017;19:11:00;2864;sem vítima;229,2;BR-116/SC;Sul;Colisão Traseira;1;7;;;;;1
28/02/2017;06:35:00;3130;sem vítima;129;BR-116/SC;Sul;Colisão Lateral;2;3;;;;;1
01/03/2017;21:34:00;86;sem vítima;130;BR-116/PR;Norte;Atropelamento de Animal;1;1;;;;;1
02/03/2017;23:12:00;199;sem vítima;193,8;BR-116/SC;Norte;Colisão Transversal;1;2;;;;;1
03/03/2017;18:01:00;290;sem vítima;109;BR-116/SC;Norte;Saida de Pista;1;1;;;;;1
04/03/2017;10:23:00;327;sem vítima;245;BR-116/SC;Norte;Colisão Transversal;1;2;;;;;1
04/03/2017;12:52:00;340;sem vítima;195;BR-116/SC;Sul;Colisão Lateral;1;2;;;;;1
05/03/2017;01:31:00;388;sem vítima;165;BR-116/SC;Sul;Tombamento;1;1;;;;;1
06/03/2017;13:20:00;511;sem vítima;109;BR-116/SC;Norte;Colisão Traseira;1;2;;;;;1
06/03/2017;17:22:00;548;com vítima;126,7;BR-116/PR;Sul;Atropelamento - Usuário;1;1;;;1;;2
06/03/2017;18:42:00;558;sem vítima;115;BR-116/PR;Norte;Colisão Traseira;1;2;;;;;1
07/03/2017;21:02:00;683;sem vítima;117,15;BR-116/PR;Sul;Colisão Lateral;2;2;;;;;1
07/03/2017;21:04:00;684;sem vítima;118;BR-116/PR;Sul;Colisão Traseira;1;2;;;;;1
08/03/2017;15:11:00;770;sem vítima;120,9;BR-116/PR;Norte;Colisão Traseira;1;2;;;;;1
08/03/2017;17:19:00;789;sem vítima;140,7;BR-116/SC;Sul;Colisão Transversal;2;2;;;;;1
09/03/2017;09:30:00;853;com vítima;122,3;BR-116/PR;Sul;Atropelamento - Andarilho;1;1;;;;1;3
09/03/2017;16:19:00;905;com vítima;195,9;BR-116/PR;Norte;Colisão Frontal;1;2;;;;1;3
09/03/2017;16:30:00;906;sem vítima;119;BR-116/PR;Sul;Colisão Traseira;1;3;;;;;1
10/03/2017;21:13:00;1040;sem vítima;138,9;BR-116/PR;Sul;Colisão Lateral;2;2;;;;;1
10/03/2017;22:27:00;1044;com vítima;56,8;BR-116/SC;Sul;Colisão Lateral;1;1;1;;;;1
13/03/2017;09:09:00;1261;sem vítima;205;BR-116/SC;Sul;Colisão Lateral;2;2;;;;;1
14/03/2017;16:51:00;1470;sem vítima;170,6;BR-116/PR;Norte;Choque - Defensa, barreira ou "submarino";1;1;;;;;1
15/03/2017;03:41:00;1505;com vítima;121,9;BR-116/PR;Norte;Colisão Traseira;2;1;;;2;;2
16/03/2017;07:28:00;1642;sem vítima;190,7;BR-116/SC;Sul;Saida de Pista;1;1;;;;;1
16/03/2017;15:27:00;1702;sem vítima;71;BR-116/SC;Norte;Colisão Traseira;1;4;;;;;1
17/03/2017;10:18:00;1790;sem vítima;11;BR-116/SC;Sul;Colisão Transversal;1;5;;;;;1
17/03/2017;19:48:00;1889;sem vítima;152;BR-116/SC;Sul;Colisão Traseira;1;2;;;;;1
18/03/2017;20:44:00;1995;sem vítima;253,5;BR-116/SC;Sul;Choque - Veiculo parado no acostamento;2;6;;;;;1
19/03/2017;07:36:00;2028;sem vítima;42,3;BR-116/SC;Sul;Colisão Lateral;1;2;;;;;1
21/03/2017;10:32:00;2280;sem vítima;120;BR-116/SC;Sul;Colisão Traseira;1;2;;;;;1
21/03/2017;11:18:00;2288;sem vítima;121,1;BR-116/PR;Sul;Colisão Lateral;1;5;;;;;1
22/03/2017;08:31:00;2402;sem vítima;172;BR-116/SC;Norte;Tombamento;1;1;;;;;1
22/03/2017;13:02:00;2446;sem vítima;213,7;BR-116/SC;Norte;Colisão Traseira;2;2;;;;;1
23/03/2017;21:37:00;2646;sem vítima;62;BR-116/SC;Norte;Objeto lançado contra veículo;1;2;;;;;1
24/03/2017;10:57:00;2708;sem vítima;118,7;BR-116/PR;Sul;Colisão Lateral;1;2;;;;;1
25/03/2017;15:30:00;2853;com vítima;190,8;BR-116/SC;Norte;Colisão Transversal;1;1;1;;;;1
27/03/2017;07:19:00;2989;sem vítima;144,9;BR-116/SC;Sul;Colisão Traseira;1;8;;;;;1
29/03/2017;12:50:00;3223;sem vítima;102;BR-116/SC;Norte;Colisão Lateral;1;2;;;;;1
29/03/2017;16:21:00;3250;com vítima;151,7;BR-116/PR;Sul;Colisão Frontal;1;0;2;;1;;2
30/03/2017;11:10:00;3323;sem vítima;29,7;BR-116/SC;Norte;Colisão Traseira;2;2;;;;;1
03/04/2017;07:49:00;186;sem vítima;117,6;BR-116/PR;Norte;Colisão Transversal;1;4;;;;;1
04/04/2017;23:21:00;438;com vítima;183,86;BR-116/PR;Norte;Colisão Frontal;1;1;4;;21;1;3
06/04/2017;19:18:00;642;sem vítima;125;BR-116/PR;Norte;Colisão Lateral;1;2;;;;;1
09/04/2017;03:18:00;870;sem vítima;305,2;BR-116/SC;Sul;Tombamento;1;1;;;;;1
09/04/2017;06:44:00;881;com vítima;214,8;BR-116/SC;Sul;Saida de Pista;1;0;1;;;;1
10/04/2017;17:15:00;1062;com vítima;218,9;BR-116/SC;Norte;Engavetamento;1;4;1;;;;1
10/04/2017;21:13:00;1078;com vítima;218;BR-116/SC;Sul;Colisão Lateral;1;3;2;;;;1
12/04/2017;09:56:00;1259;sem vítima;172;BR-116/PR;Sul;Colisão Lateral;1;2;;;;;1
13/04/2017;10:07:00;1402;sem vítima;201,5;BR-116/SC;Norte;Colisão Traseira;2;3;;;;;1
13/04/2017;18:47:00;1462;sem vítima;184;BR-116/SC;Norte;Objeto lançado contra veículo;1;2;;;;;1
13/04/2017;21:59:00;1479;sem vítima;108;BR-116/SC;Sul;Colisão Traseira;1;5;;;;;1
16/04/2017;23:42:00;1776;sem vítima;139;BR-116/PR;Norte;Engavetamento;1;3;;;;;1
17/04/2017;14:27:00;1862;sem vítima;188,9;BR-116/PR;Norte;Saida de Pista;1;1;;;;;1
21/04/2017;07:07:00;2265;sem vítima;115;BR-116/SC;Norte;Colisão Traseira;2;2;;;;;1
21/04/2017;11:53:00;2294;sem vítima;123,6;BR-116/SC;Sul;Colisão Lateral;1;2;;;;;1
21/04/2017;18:46:00;2323;sem vítima;81,6;BR-116/SC;Norte;Colisão Traseira;1;2;;;;;1
22/04/2017;17:01:00;2374;sem vítima;217;BR-116/SC;Norte;Colisão Transversal;1;5;;;;;1
22/04/2017;23:54:00;2398;sem vítima;222,6;BR-116/SC;Norte;Atropelamento de Animal;1;1;;;;;1
26/04/2017;17:31:00;2872;sem vítima;233;BR-116/SC;Norte;Colisão Traseira;2;2;;;;;1
27/04/2017;05:21:00;2904;sem vítima;10,5;BR-116/SC;Norte;Saida de Pista;1;1;;;;;1
27/04/2017;17:13:00;2986;com vítima;216;BR-116/SC;Sul;Colisão Transversal;1;1;;;1;;2
28/04/2017;04:28:00;3012;sem vítima;165,3;BR-116/PR;Norte;Atropelamento de Animal;1;1;;;;;1
29/04/2017;07:35:00;3143;com vítima;7;BR-116/SC;Sul;Colisão Traseira;2;1;1;;;;1
29/04/2017;07:35:00;3167;sem vítima;7;BR-116/SC;Sul;Colisão Frontal;1;2;;;;;1
29/04/2017;20:14:00;3193;com vítima;238,9;BR-116/SC;Norte;Tombamento;1;0;2;;;;1
29/04/2017;21:25:00;3196;sem vítima;192,3;BR-116/SC;Norte;Colisão Lateral;1;2;;;;;1
01/05/2017;11:20:00;22;sem vítima;308,7;BR-116/SC;Norte;Tombamento;1;1;;;;;1
02/05/2017;15:16:00;146;sem vítima;178,75;BR-116/PR;Norte;Tombamento;1;1;;;;;1
04/05/2017;00:11:00;289;sem vítima;227,1;BR-116/SC;Sul;Saida de Pista;1;1;;;;;1
04/05/2017;14:05:00;354;sem vítima;131,9;BR-116/PR;Sul;Saida de Pista;1;2;;;;;1
04/05/2017;15:17:00;363;com vítima;26,2;BR-116/SC;Sul;Colisão Transversal;1;1;;;;2;3
04/05/2017;16:35:00;372;sem vítima;26,5;BR-116/SC;Norte;Saida de Pista;1;1;;;;;1
06/05/2017;13:40:00;560;com vítima;176,6;BR-116/SC;Sul;Colisão Lateral;1;2;1;;;;1
09/05/2017;10:53:00;836;com vítima;303,3;BR-116/SC;Sul;Colisão Frontal;1;1;;;1;;2
12/05/2017;16:19:00;1217;sem vítima;140;BR-116/SC;Norte;Objeto lançado contra veículo;2;2;;;;;1
12/05/2017;16:54:00;1219;sem vítima;105,6;BR-116/SC;Norte;Saida de Pista;1;1;;;;;1
13/05/2017;11:58:00;1272;sem vítima;118,5;BR-116/PR;Sul;Colisão Lateral;1;2;;;;;1
17/05/2017;23:41:00;1760;sem vítima;202,9;BR-116/SC;Norte;Colisão Lateral;1;2;;;;;1
18/05/2017;18:20:00;1833;sem vítima;1,2;BR-116/SC;Sul;Colisão Transversal;1;2;;;;;1
18/05/2017;20:42:00;1845;sem vítima;75,5;BR-116/SC;Norte;Choque - Arvore;1;1;;;;;1
19/05/2017;13:10:00;1908;sem vítima;42;BR-116/SC;Norte;Colisão Lateral;1;2;;;;;1
19/05/2017;13:52:00;1912;sem vítima;4,5;BR-116/SC;Sul;Colisão Lateral;1;2;;;;;1
21/05/2017;15:00:00;2081;sem vítima;205,9;BR-116/SC;Norte;Choque - Outros;1;1;;;;;1
22/05/2017;10:06:00;2158;sem vítima;119,2;BR-116/PR;Sul;Colisão Lateral;1;2;;;;;1
22/05/2017;11:42:00;2180;sem vítima;257;BR-116/SC;Norte;Engavetamento;2;4;;;;;1
22/05/2017;17:38:00;2214;com vítima;2,5;BR-116/SC;Norte;Choque - Veiculo parado na pista;1;2;2;;;;1
23/05/2017;12:03:00;2266;com vítima;131;BR-116/PR;Norte;Colisão Transversal;1;1;1;;;;1
24/05/2017;01:22:00;2316;sem vítima;247,4;BR-116/SC;Norte;Colisão Transversal;2;2;;;;;1
24/05/2017;06:11:00;2325;sem vítima;203;BR-116/SC;Sul;Saida de Pista;1;1;;;;;1
24/05/2017;07:29:00;2330;com vítima;141,8;BR-116/SC;Norte;Colisão Frontal;1;1;;;;1;3
25/05/2017;15:10:00;2512;sem vítima;1,7;BR-116/SC;Sul;Colisão Traseira;1;4;;;;;1
26/05/2017;06:26:00;2568;sem vítima;133,7;BR-116/PR;Norte;Choque - Veiculo parado no acostamento;2;2;;;;;1