data;horario;n_da_ocorrencia;tipo_de_ocorrencia;km;trecho;sentido;tipo_de_acidente;caminhao;ilesos;levemente_feridos;moderadamente_feridos;gravemente_feridos;mortos;3
26/05/2017;16:55:00;2686;sem vítima;119;BR-116/PR;Sul;Colisão Traseira;1;2;;;;;1
26/05/2017;18:49:00;2703;com vítima;47,8;BR-116/SC;Norte;Choque - Veiculo parado na pista;1;4;1;;;;1
27/05/2017;08:23:00;2738;sem vítima;117,5;BR-116/PR;Norte;Colisão Traseira;1;2;;;;;1
27/05/2017;12:57:00;2761;sem vítima;117,5;BR-116/SC;Norte;Tombamento;1;1;;;;;1
28/05/2017;19:54:00;2887;sem vítima;120,46;BR-116/PR;Norte;Colisão Traseira;1;3;;;;;1
28/05/2017;22:49:00;2903;sem vítima;5,5;BR-116/SC;Sul;Saida de Pista;1;1;;;;;1
29/05/2017;23:34:00;3029;sem vítima;39,5;BR-116/SC;Sul;Saida de Pista;1;1;;;;;1
30/05/2017;09:36:00;3052;sem vítima;69;BR-116/SC;Sul;Colisão Lateral;1;2;;;;;1
31/05/2017;11:49:00;3183;sem vítima;7;BR-116/SC;Sul;Colisão Frontal;1;2;;;;;1
31/05/2017;12:21:00;3187;sem vítima;217;BR-116/SC;Norte;Colisão Transversal;1;2;;;;;1
31/05/2017;14:32:00;3192;sem vítima;245;BR-116/SC;Sul;Colisão Transversal;1;2;;;;;1
31/05/2017;19:24:00;3207;sem vítima;204;BR-116/SC;Sul;Colisão Lateral;2;3;;;;;1
02/06/2017;13:10:00;156;com vítima;123,1;BR-116/PR;Norte;Colisão Lateral;1;1;1;;;;1
03/06/2017;18:16:00;297;com vítima;267,5;BR-116/SC;Sul;Colisão Transversal;1;1;3;;1;;2
04/06/2017;21:31:00;404;sem vítima;109;BR-116/SC;Norte;Choque - Talude;1;1;;;;;1
05/06/2017;18:25:00;484;sem vítima;82,2;BR-116/SC;Norte;Colisão Traseira;2;2;;;;;1
05/06/2017;20:02:00;493;sem vítima;121,7;BR-116/PR;Sul;Colisão Lateral;1;3;;;;;1
06/06/2017;00:38:00;501;sem vítima;134,98;BR-116/PR;Sul;Saida de Pista;1;1;;;;;1
06/06/2017;18:48:00;590;sem vítima;115,3;BR-116/PR;Norte;Colisão Lateral;1;3;;;;;1
06/06/2017;19:41:00;593;sem vítima;4,5;BR-116/SC;Sul;Colisão Lateral;1;2;;;;;1
09/06/2017;17:55:00;924;sem vítima;152;BR-116/PR;Sul;Colisão Lateral;1;3;;;;;1
10/06/2017;17:37:00;1019;sem vítima;205,9;BR-116/PR;Sul;Colisão Lateral;1;3;;;;;1
10/06/2017;21:41:00;1034;sem vítima;226,9;BR-116/SC;Sul;Saida de Pista;1;1;;;;;1
11/06/2017;01:05:00;1042;sem vítima;130,78;BR-116/PR;Norte;Colisão Traseira;2;2;;;;;1
11/06/2017;17:17:00;1106;com vítima;206,9;BR-116/PR;Norte;Colisão Lateral;1;5;1;;;;1
13/06/2017;05:18:00;1280;sem vítima;149,7;BR-116/SC;Sul;Saida de Pista;1;1;;;;;1
14/06/2017;14:34:00;1489;com vítima;119,5;BR-116/PR;Sul;Queda de Moto;1;1;1;;;;1
14/06/2017;19:23:00;1522;sem vítima;117,65;BR-116/PR;Sul;Colisão Lateral;1;3;;;;;1
15/06/2017;05:54:00;1556;sem vítima;6,2;BR-116/SC;Norte;Colisão Traseira;1;2;;;;;1
15/06/2017;18:29:00;1611;sem vítima;155,1;BR-116/SC;Sul;Choque - Defensa, barreira ou "submarino";1;1;;;;;1
15/06/2017;19:37:00;1619;sem vítima;102;BR-116/SC;Sul;Colisão Traseira;1;6;;;;;1
16/06/2017;08:58:00;1644;sem vítima;117,5;BR-116/SC;Norte;Tombamento;1;1;;;;;1
16/06/2017;19:50:00;1702;sem vítima;221;BR-116/SC;Norte;Colisão Traseira;2;2;;;;;1
17/06/2017;04:52:00;1739;com vítima;235,8;BR-116/SC;Norte;Colisão Lateral;1;2;;;1;;2
17/06/2017;15:32:00;1787;sem vítima;71,9;BR-116/SC;Norte;Colisão Lateral;1;33;;;;;1
17/06/2017;21:38:00;1828;sem vítima;133;BR-116/SC;Norte;Colisão Traseira;1;2;;;;;1
17/06/2017;22:07:00;1833;sem vítima;143;BR-116/SC;Sul;Colisão Traseira;1;2;;;;;1
19/06/2017;17:40:00;2007;sem vítima;79;BR-116/SC;Sul;Colisão Lateral;1;1;;;;;1
19/06/2017;17:49:00;2010;sem vítima;203,4;BR-116/PR;Norte;Colisão Traseira;2;2;;;;;1
20/06/2017;00:53:00;2042;sem vítima;36;BR-116/SC;Sul;Saida de Pista;1;1;;;;;1
20/06/2017;14:31:00;2102;sem vítima;134;BR-116/PR;Sul;Colisão Traseira;1;2;;;;;1
20/06/2017;18:16:00;2133;com vítima;94,3;BR-116/SC;Norte;Colisão Lateral;1;1;;;1;1;3
21/06/2017;09:54:00;2179;sem vítima;207,5;BR-116/SC;Norte;Colisão Lateral;1;3;;;;;1
22/06/2017;17:52:00;2381;com vítima;126;BR-116/PR;Sul;Engavetamento;1;1;2;;;;1
23/06/2017;12:50:00;2463;sem vítima;119,1;BR-116/PR;Norte;Colisão Lateral;1;2;;;;;1
24/06/2017;01:43:00;2523;sem vítima;97;BR-116/SC;Norte;Choque - Objeto sobre a pista;2;2;;;;;1
24/06/2017;14:20:00;2557;com vítima;122,3;BR-116/PR;Norte;Colisão Traseira;1;1;;;1;;2
24/06/2017;16:11:00;2571;sem vítima;53,3;BR-116/SC;Norte;Tombamento;1;1;;;;;1
25/06/2017;15:18:00;2633;com vítima;209;BR-116/PR;Norte;Colisão Transversal;1;1;1;;;;1
29/06/2017;13:19:00;3147;sem vítima;134,4;BR-116/PR;Sul;Colisão Traseira;1;18;;;;;1
29/06/2017;18:25:00;3197;com vítima;296,9;BR-116/SC;Norte;Colisão Frontal;5;3;2;;;;1
02/07/2017;00:55:00;99;sem vítima;127,8;BR-116/PR;Sul;Colisão Traseira;1;2;;;;;1
02/07/2017;19:56:00;159;com vítima;55,5;BR-116/SC;Norte;Saida de Pista;1;0;1;;;;1
03/07/2017;05:02:00;175;sem vítima;117;BR-116/PR;Norte;Colisão Traseira;1;2;;;;;1
03/07/2017;12:16:00;223;com vítima;47,2;BR-116/SC;Sul;Choque - Veiculo parado na pista;1;1;1;;;;1
03/07/2017;11:45:00;226;sem vítima;294,3;BR-116/SC;Sul;Colisão Traseira;2;2;;;;;1
05/07/2017;14:46:00;508;com vítima;5,5;BR-116/SC;Norte;Colisão Transversal;1;1;1;;;;1
07/07/2017;18:40:00;830;com vítima;217,5;BR-116/SC;Norte;Colisão Transversal;1;2;1;;;;1
08/07/2017;07:51:00;883;sem vítima;123;BR-116/PR;Norte;Colisão Traseira;1;2;;;;;1
08/07/2017;08:22:00;885;sem vítima;47,2;BR-116/SC;Sul;Colisão Traseira;1;2;;;;;1
09/07/2017;19:15:00;1023;sem vítima;12,5;BR-116/SC;Norte;Colisão Transversal;1;2;;;;;1
09/07/2017;22:57:00;1041;com vítima;125,8;BR-116/PR;Sul;Colisão Traseira;1;6;3;;;;1
12/07/2017;05:01:00;8;sem vítima;115,3;BR-116/SC;Norte;Colisão Traseira;2;2;;;;;1
13/07/2017;18:39:00;130;sem vítima;188;BR-116/PR;Sul;Tombamento;1;1;;;;;1
16/07/2017;19:45:00;93;sem vítima;120;BR-116/PR;Norte;Colisão Lateral;1;5;;;;;1
18/07/2017;07:11:00;19;sem vítima;171;BR-116/PR;Norte;Tombamento;1;1;;;;;1
18/07/2017;15:22:00;102;sem vítima;197,7;BR-116/PR;Norte;Engavetamento;2;4;;;;;1
19/07/2017;04:40:00;18;sem vítima;202;BR-116/PR;Sul;Tombamento;1;1;;;;;1
21/07/2017;14:35:00;69;com vítima;29,4;BR-116/SC;Norte;Colisão Lateral;1;1;1;;;;1
21/07/2017;15:14:00;74;com vítima;205,95;BR-116/PR;Norte;Colisão Transversal;1;2;;;1;;2
23/07/2017;19:29:00;89;sem vítima;251,9;BR-116/SC;Norte;Colisão Frontal;1;2;;;;;1
24/07/2017;09:43:00;31;com vítima;179;BR-116/PR;Norte;Tombamento;1;0;1;;;;1
24/07/2017;17:47:00;107;sem vítima;115,95;BR-116/PR;Norte;Colisão Traseira;1;2;;;;;1
25/07/2017;08:46:00;20;com vítima;115;BR-116/PR;Sul;Colisão Lateral;1;1;;;1;;2
25/07/2017;10:30:00;49;sem vítima;211,5;BR-116/SC;Sul;Colisão Lateral;2;2;;;;;1
27/07/2017;09:53:00;49;sem vítima;152;BR-116/PR;Sul;Colisão Lateral;2;2;;;;;1
28/07/2017;11:43:00;68;sem vítima;81,8;BR-116/SC;Sul;Colisão Lateral;1;2;;;;;1
28/07/2017;12:16:00;70;sem vítima;129;BR-116/PR;Norte;Colisão Frontal;1;2;;;;;1
28/07/2017;22:44:00;132;sem vítima;81,6;BR-116/SC;Sul;Choque - Defensa, barreira ou "submarino";1;1;;;;;1
29/07/2017;13:02:00;46;sem vítima;134;BR-116/PR;Sul;Colisão Traseira;1;2;;;;;1
29/07/2017;19:16:00;80;com vítima;145,9;BR-116/PR;Norte;Colisão Frontal;1;2;1;;;;1
31/07/2017;07:29:00;11;sem vítima;115,2;BR-116/PR;Norte;Colisão Lateral;1;2;;;;;1
31/07/2017;08:32:00;14;sem vítima;191;BR-116/PR;Sul;Colisão Traseira;2;2;;;;;1
01/08/2017;19:46:00;99;sem vítima;138;BR-116/PR;Norte;Colisão Lateral;2;2;;;;;1
03/08/2017;15:42:00;60;sem vítima;140,3;BR-116/PR;Sul;Colisão Traseira;2;2;;;;;1
03/08/2017;19:42:00;74;sem vítima;94,6;BR-116/SC;Sul;Colisão Traseira;1;2;;;;;1
04/08/2017;01:29:00;4;sem vítima;239,5;BR-116/SC;Sul;Saida de Pista;1;1;;;;;1
04/08/2017;08:29:00;22;sem vítima;69,2;BR-116/SC;Norte;Colisão Traseira;1;2;;;;;1
04/08/2017;13:10:00;53;sem vítima;71,6;BR-116/SC;Norte;Colisão Traseira;2;2;;;;;1
05/08/2017;16:03:00;68;sem vítima;193;BR-116/PR;Norte;Tombamento;1;1;;;;;1
08/08/2017;15:25:00;97;sem vítima;63,5;BR-116/SC;Norte;Saida de Pista;1;1;;;;;1
10/08/2017;13:48:00;75;com vítima;2;BR-116/SC;Norte;Colisão Traseira;1;2;1;;;;1
10/08/2017;16:34:00;103;sem vítima;147,5;BR-116/PR;Norte;Colisão Lateral;2;5;;;;;1
10/08/2017;23:24:00;125;sem vítima;80,6;BR-116/SC;Sul;Saida de Pista;1;1;;;;;1
11/08/2017;15:00:00;71;com vítima;128;BR-116/PR;Sul;Colisão Traseira;1;1;1;;;;1
12/08/2017;20:19:00;96;sem vítima;52;BR-116/SC;Sul;Colisão Lateral;1;2;;;;;1
13/08/2017;15:26:00;41;com vítima;206;BR-116/PR;Sul;Colisão Transversal;1;1;2;;;;1
13/08/2017;19:06:00;78;sem vítima;156;BR-116/PR;Norte;Colisão Traseira;2;2;;;;;1
16/08/2017;23:02:00;151;com vítima;152,43;BR-116/PR;Sul;Colisão Transversal;1;1;;;2;1;3
17/08/2017;04:41:00;19;com vítima;199;BR-116/PR;Sul;Choque - Arvore;1;0;1;;;;1
17/08/2017;15:22:00;80;sem vítima;201,3;BR-116/SC;Norte;Colisão Lateral;1;2;;;;;1
18/08/2017;11:33:00;65;com vítima;173,7;BR-116/SC;Norte;Tombamento;1;0;1;;;;1
19/08/2017;10:54:00;42;sem vítima;132,3;BR-116/PR;Sul;Colisão Traseira;1;3;;;;;1
22/08/2017;12:29:00;46;com vítima;152;BR-116/PR;Norte;Colisão Transversal;1;1;2;;;1;3
22/08/2017;14:15:00;56;sem vítima;50,4;BR-116/SC;Sul;Colisão Lateral;1;3;;;;;1
23/08/2017;11:36:00;62;sem vítima;115,9;BR-116/PR;Sul;Choque - Defensa, barreira ou "submarino";1;1;;;;;1
24/08/2017;20:48:00;116;sem vítima;172;BR-116/PR;Sul;Colisão Lateral;1;2;;;;;1
25/08/2017;10:04:00;43;com vítima;210,6;BR-116/PR;Norte;Colisão Frontal;1;1;;;;1;3
26/08/2017;06:01:00;20;com vítima;109;BR-116/SC;Norte;Engavetamento;1;5;2;;;;1
27/08/2017;05:39:00;10;sem vítima;245,5;BR-116/SC;Sul;Colisão Transversal;1;2;;;;;1
27/08/2017;16:54:00;52;sem vítima;124;BR-116/PR;Norte;Colisão Traseira;1;2;;;;;1
28/08/2017;09:10:00;32;sem vítima;135;BR-116/PR;Sul;Colisão Transversal;1;2;;;;;1
28/08/2017;09:44:00;42;sem vítima;151,3;BR-116/SC;Sul;Colisão Lateral;1;2;;;;;1
28/08/2017;11:27:00;59;sem vítima;291,5;BR-116/SC;Norte;Colisão Traseira;1;2;;;;;1
28/08/2017;13:37:00;72;sem vítima;186;BR-116/PR;Norte;Colisão Traseira;1;4;;;;;1
29/08/2017;17:45:00;93;com vítima;217,5;BR-116/SC;Sul;Colisão Transversal;1;1;1;;;;1
30/08/2017;07:44:00;13;com vítima;134;BR-116/SC;Sul;Colisão Frontal;1;1;2;;;;1
30/08/2017;17:08:00;100;sem vítima;161;BR-116/PR;Norte;Colisão Traseira;1;3;;;;;1
31/08/2017;09:49:00;48;sem vítima;206;BR-116/PR;Sul;Saida de Pista;1;1;;;;;1
31/08/2017;10:45:00;64;com vítima;26,5;BR-116/SC;Norte;Colisão Lateral;1;2;;;1;;2
01/09/2017;11:58:00;57;sem vítima;73,4;BR-116/SC;Sul;Colisão Traseira;1;2;;;;;1
02/09/2017;19:09:00;74;com vítima;267,72;BR-116/SC;Norte;Colisão Transversal;1;1;;;;1;3
03/09/2017;15:37:00;51;sem vítima;119,1;BR-116/PR;Norte;Colisão Lateral;1;2;;;;;1
04/09/2017;10:11:00;26;com vítima;245,6;BR-116/SC;Sul;Colisão Transversal;1;1;;;2;;2
06/09/2017;15:56:00;91;com vítima;182,3;BR-116/SC;Sul;Colisão Traseira;2;2;1;;;;1
07/09/2017;00:00:00;1;sem vítima;26,95;BR-116/SC;Norte;Tombamento;1;1;;;;;1
07/09/2017;02:35:00;11;sem vítima;134;BR-116/SC;Sul;Colisão Traseira;1;2;;;;;1
07/09/2017;22:29:00;113;com vítima;47,4;BR-116/SC;Sul;Colisão Traseira;1;2;2;;;;1
08/09/2017;15:00:00;57;sem vítima;251,35;BR-116/SC;Norte;Colisão Traseira;1;5;;;;;1
11/09/2017;18:49:00;101;com vítima;188,7;BR-116/PR;Norte;Colisão Transversal;1;1;1;;;;1
13/09/2017;11:20:00;62;sem vítima;233;BR-116/SC;Sul;Choque - Outros;1;1;;;;;1
13/09/2017;14:59:00;83;sem vítima;53,3;BR-116/SC;Norte;Saida de Pista;1;2;;;;;1
14/09/2017;19:22:00;116;com vítima;174,5;BR-116/SC;Norte;Tombamento;1;0;1;;;;1
15/09/2017;05:00:00;10;sem vítima;157,3;BR-116/SC;Norte;Choque - Suporte de Sinalização;1;1;;;;;1
15/09/2017;17:06:00;107;com vítima;245,5;BR-116/SC;Sul;Colisão Transversal;1;1;1;;;;1
17/09/2017;14:00:00;47;sem vítima;122;BR-116/PR;Norte;Colisão Lateral;1;4;;;;;1
18/09/2017;08:15:00;40;sem vítima;115;BR-116/PR;Norte;Colisão Lateral;1;2;;;;;1
19/09/2017;23:22:00;128;sem vítima;232,8;BR-116/SC;Norte;Colisão Lateral;1;3;;;;;1
20/09/2017;13:16:00;56;sem vítima;115,9;BR-116/PR;Sul;Choque - Veiculo parado na pista;1;2;;;;;1
20/09/2017;14:59:00;63;sem vítima;55;BR-116/SC;Norte;Colisão Transversal;1;2;;;;;1
22/09/2017;20:12:00;120;sem vítima;229,4;BR-116/SC;Sul;Colisão Lateral;1;2;;;;;1
24/09/2017;11:58:00;34;sem vítima;152;BR-116/SC;Sul;Colisão Lateral;2;2;;;;;1
25/09/2017;07:01:00;19;com vítima;164,5;BR-116/PR;Norte;Colisão Lateral;1;4;1;;;;1
26/09/2017;16:14:00;101;sem vítima;202;BR-116/PR;Norte;Colisão Lateral;1;3;;;;;1
28/09/2017;00:08:00;1;sem vítima;152,3;BR-116/PR;Norte;Choque - Veiculo parado na pista;1;2;;;;;1
28/09/2017;15:43:00;84;sem vítima;47,2;BR-116/SC;Sul;Choque - Veiculo parado na pista;1;3;;;;;1
28/09/2017;16:37:00;89;sem vítima;117,5;BR-116/PR;Sul;Colisão Traseira;1;2;;;;;1
28/09/2017;18:18:00;100;sem vítima;247,7;BR-116/SC;Sul;Colisão Lateral;1;2;;;;;1
29/09/2017;14:50:00;62;com vítima;2,4;BR-116/SC;Norte;Choque - Veiculo parado na pista;2;3;1;;;;1
02/10/2017;19:49:00;100;com vítima;67;BR-116/SC;Norte;Colisão Lateral;1;2;1;;;;1
03/10/2017;15:59:00;99;com vítima;25,15;BR-116/SC;Sul;Colisão Frontal;1;2;1;;1;;2
04/10/2017;11:28:00;58;com vítima;1,9;BR-116/SC;Sul;Engavetamento;2;3;2;;;;1
05/10/2017;04:57:00;9;com vítima;109,6;BR-116/SC;Norte;Choque - Veiculo parado na pista;1;6;1;;;;1
06/10/2017;09:46:00;36;sem vítima;117,5;BR-116/PR;Sul;Colisão Traseira;1;2;;;;;1
06/10/2017;10:15:00;47;com vítima;253,5;BR-116/SC;Sul;Colisão Transversal;1;1;1;;;;1
07/10/2017;07:25:00;25;sem vítima;122;BR-116/PR;Norte;Colisão Transversal;1;2;;;;;1
11/10/2017;14:14:00;77;com vítima;164,9;BR-116/SC;Sul;Tombamento;1;0;1;;;;1
12/10/2017;08:58:00;35;sem vítima;284,6;BR-116/SC;Norte;Colisão Traseira;1;6;;;;;1
14/10/2017;10:23:00;30;sem vítima;148,9;BR-116/PR;Sul;Colisão Lateral;1;2;;;;;1
15/10/2017;23:52:00;83;sem vítima;233;BR-116/SC;Norte;Colisão Transversal;1;2;;;;;1
16/10/2017;21:01:00;104;sem vítima;306,7;BR-116/SC;Sul;Choque - Talude;1;1;;;;;1
17/10/2017;06:42:00;10;sem vítima;189;BR-116/SC;Sul;Colisão Lateral;1;2;;;;;1
18/10/2017;21:54:00;154;sem vítima;188,5;BR-116/PR;Sul;Colisão Lateral;2;3;;;;;1
21/10/2017;14:34:00;37;sem vítima;2,2;BR-116/SC;Norte;Colisão Frontal;1;3;;;;;1
21/10/2017;16:56:00;48;sem vítima;16;BR-116/SC;Norte;Colisão Traseira;1;5;;;;;1
22/10/2017;06:36:00;16;com vítima;125;BR-116/PR;Sul;Colisão Transversal;1;1;;;5;1;3
24/10/2017;10:22:00;42;sem vítima;178;BR-116/PR;Norte;Colisão Traseira;2;3;;;;;1
24/10/2017;19:47:00;117;com vítima;131;BR-116/PR;Sul;Atropelamento - Morador;1;1;;;1;;2
24/10/2017;20:07:00;119;sem vítima;130;BR-116/PR;Norte;Colisão Traseira;1;2;;;;;1
26/10/2017;20:51:00;122;sem vítima;219;BR-116/SC;Norte;Colisão Transversal;1;3;;;;;1
26/10/2017;23:28:00;135;sem vítima;125,8;BR-116/PR;Sul;Colisão Traseira;1;3;;;;;1
27/10/2017;08:13:00;23;com vítima;119;BR-116/PR;Sul;Queda de Moto;1;1;1;;;;1
27/10/2017;13:36:00;60;sem vítima;191,9;BR-116/SC;Sul;Colisão Lateral;1;9;;;;;1
27/10/2017;15:09:00;77;sem vítima;117;BR-116/PR;Sul;Colisão Traseira;1;2;;;;;1
27/10/2017;16:46:00;96;sem vítima;94;BR-116/SC;Norte;Colisão Lateral;1;2;;;;;1
31/10/2017;09:44:00;26;sem vítima;272;BR-116/SC;Sul;Saida de Pista;1;1;;;;;1
31/10/2017;10:09:00;31;sem vítima;185,3;BR-116/SC;Sul;Colisão Traseira;2;4;;;;;1
09/11/2017;01:24:00;8;sem vítima;66,75;BR-116/SC;Norte;Saida de Pista;1;1;;;;;1
09/11/2017;06:40:00;13;sem vítima;117;BR-116/PR;Sul;Colisão Lateral;1;2;;;;;1
09/11/2017;07:49:00;21;sem vítima;81;BR-116/SC;Sul;Colisão Traseira;2;2;;;;;1
09/11/2017;14:35:00;76;sem vítima;170,8;BR-116/SC;Norte;Colisão Lateral;1;4;;;;;1
09/11/2017;22:00:00;122;com vítima;115,9;BR-116/PR;Norte;Atropelamento - Usuário;1;1;;;1;;2
10/11/2017;08:01:00;17;sem vítima;51,5;BR-116/SC;Sul;Colisão Traseira;1;2;;;;;1
10/11/2017;18:07:00;90;sem vítima;156,7;BR-116/SC;Norte;Choque - Arvore;1;1;;;;;1
10/11/2017;23:10:00;108;sem vítima;199,8;BR-116/PR;Norte;Tombamento;1;1;;;;;1
11/11/2017;02:51:00;8;com vítima;218,3;BR-116/SC;Norte;Colisão Lateral;2;2;1;;1;;2
11/11/2017;16:01:00;68;sem vítima;199,9;BR-116/PR;Norte;Colisão Lateral;2;2;;;;;1
11/11/2017;22:10:00;102;com vítima;195,5;BR-116/PR;Norte;Tombamento;1;1;;;1;;2
12/11/2017;10:34:00;24;sem vítima;152;BR-116/SC;Norte;Choque - Veiculo parado na pista;1;2;;;;;1
13/11/2017;08:35:00;18;sem vítima;2;BR-116/SC;Norte;Colisão Traseira;2;2;;;;;1
14/11/2017;18:11:00;105;com vítima;270,66;BR-116/SC;Norte;Colisão Frontal;1;1;;;;2;3
15/11/2017;00:40:00;9;sem vítima;247,55;BR-116/SC;Sul;Colisão Transversal;1;4;;;;;1
15/11/2017;12:44:00;54;sem vítima;82;BR-116/SC;Sul;Colisão Traseira;1;2;;;;;1
20/11/2017;18:00:00;115;sem vítima;217,1;BR-116/SC;Norte;Colisão Traseira;1;2;;;;;1
22/11/2017;11:24:00;63;com vítima;183,6;BR-116/PR;Sul;Choque - Defensa, barreira ou "submarino";1;0;1;;;;1
22/11/2017;11:42:00;66;sem vítima;186;BR-116/SC;Norte;Colisão Lateral;1;2;;;;;1
23/11/2017;14:50:00;80;sem vítima;82;BR-116/SC;Sul;Engavetamento;1;3;;;;;1
24/11/2017;08:33:00;24;sem vítima;126;BR-116/PR;Sul;Colisão Traseira;1;2;;;;;1
24/11/2017;16:47:00;106;com vítima;161,8;BR-116/PR;Norte;Colisão Traseira;1;4;1;;;;1
24/11/2017;20:05:00;139;com vítima;220,8;BR-116/SC;Norte;Colisão Frontal;1;0;1;;;1;3
26/11/2017;01:52:00;4;com vítima;8,6;BR-116/SC;Sul;Colisão Traseira;1;1;;;1;1;3
26/11/2017;05:32:00;8;com vítima;140,7;BR-116/SC;Norte;Colisão Lateral;1;1;1;;;;1
26/11/2017;12:24:00;39;sem vítima;97,95;BR-116/SC;Sul;Choque - Defensa, barreira ou "submarino";1;1;;;;;1
29/11/2017;10:41:00;55;sem vítima;152;BR-116/SC;Norte;Colisão Traseira;1;2;;;;;1
29/11/2017;16:59:00;98;sem vítima;134,5;BR-116/PR;Norte;Choque - Defensa, barreira ou "submarino";1;2;;;;;1
30/11/2017;00:33:00;1;com vítima;124,33;BR-116/PR;Sul;Colisão Traseira;1;1;;;;1;3
30/11/2017;09:48:00;31;sem vítima;81;BR-116/SC;Sul;Colisão Traseira;2;3;;;;;1
30/11/2017;16:59:00;96;sem vítima;116,58;BR-116/SC;Norte;Colisão Traseira;1;2;;;;;1
01/12/2017;00:23:00;1;sem vítima;125,6;BR-116/PR;Sul;Colisão Transversal;1;2;;;;;1
01/12/2017;06:34:00;17;com vítima;122;BR-116/PR;Norte;Colisão Traseira;1;1;2;;;;1
01/12/2017;13:56:00;80;sem vítima;202,6;BR-116/PR;Sul;Saida de Pista;1;1;;;;;1
02/12/2017;08:33:00;24;sem vítima;117;BR-116/PR;Sul;Colisão Lateral;1;2;;;;;1
02/12/2017;09:15:00;30;sem vítima;117;BR-116/PR;Sul;Colisão Lateral;1;4;;;;;1
02/12/2017;19:48:00;102;sem vítima;150,2;BR-116/PR;Norte;Colisão Lateral;1;2;;;;;1
04/12/2017;10:30:00;45;sem vítima;117;BR-116/PR;Norte;Colisão Lateral;1;3;;;;;1
04/12/2017;11:28:00;51;com vítima;124,5;BR-116/SC;Sul;Colisão Frontal;3;2;1;;;;1
04/12/2017;18:15:00;104;com vítima;199,5;BR-116/PR;Norte;Colisão Frontal;1;0;2;;;1;3
05/12/2017;16:08:00;104;sem vítima;116,9;BR-116/PR;Norte;Colisão Lateral;1;2;;;;;1
05/12/2017;21:37:00;133;sem vítima;117;BR-116/PR;Sul;Saida de Pista;1;1;;;;;1
06/12/2017;14:48:00;88;sem vítima;134;BR-116/PR;Sul;Choque - Veiculo parado na pista;1;4;;;;;1
06/12/2017;16:18:00;108;sem vítima;217,7;BR-116/SC;Sul;Colisão Lateral;1;2;;;;;1
07/12/2017;09:29:00;31;sem vítima;233;BR-116/SC;Norte;Colisão Traseira;2;2;;;;;1
07/12/2017;14:03:00;68;sem vítima;122;BR-116/PR;Sul;Colisão Traseira;1;6;;;;;1
11/12/2017;06:51:00;9;sem vítima;155,4;BR-116/SC;Sul;Tombamento;1;1;;;;;1
11/12/2017;13:30:00;55;sem vítima;170;BR-116/PR;Norte;Colisão Traseira;1;2;;;;;1
11/12/2017;14:13:00;66;sem vítima;81;BR-116/SC;Sul;Choque - Suporte de Sinalização;1;1;;;;;1
11/12/2017;15:25:00;76;sem vítima;117,3;BR-116/PR;Norte;Colisão Traseira;1;2;;;;;1
14/12/2017;06:13:00;10;sem vítima;82;BR-116/SC;Norte;Colisão Traseira;2;2;;;;;1
14/12/2017;10:26:00;26;sem vítima;233,16;BR-116/SC;Sul;Choque - Veiculo parado na pista;1;2;;;;;1
15/12/2017;05:16:00;10;sem vítima;219,2;BR-116/SC;Norte;Colisão Lateral;1;2;;;;;1
15/12/2017;10:00:00;36;sem vítima;42,3;BR-116/SC;Norte;Colisão Lateral;1;3;;;;;1
16/12/2017;06:28:00;11;com vítima;205;BR-116/PR;Norte;Colisão Frontal;1;1;1;;;;1
16/12/2017;22:47:00;107;com vítima;193,1;BR-116/SC;Norte;Tombamento;1;0;1;;;;1
17/12/2017;01:23:00;6;sem vítima;233,1;BR-116/SC;Sul;Choque - Suporte de Sinalização;1;1;;;;;1
17/12/2017;08:34:00;29;sem vítima;189,1;BR-116/PR;Norte;Saida de Pista;1;1;;;;;1
17/12/2017;17:29:00;82;com vítima;57,2;BR-116/SC;Sul;Choque - Arvore;1;0;3;;1;;2
18/12/2017;19:24:00;110;sem vítima;219;BR-116/SC;Sul;Colisão Lateral;1;2;;;;;1
18/12/2017;21:45:00;122;com vítima;151,95;BR-116/PR;Norte;Colisão Frontal;1;0;3;;;;1
19/12/2017;01:05:00;2;sem vítima;189,05;BR-116/PR;Norte;Choque - Elemento de Drenagem;1;2;;;;;1
19/12/2017;07:59:00;16;sem vítima;180;BR-116/SC;Sul;Colisão Transversal;1;2;;;;;1
19/12/2017;11:03:00;36;sem vítima;144,2;BR-116/PR;Sul;Choque - Suporte de Sinalização;1;1;;;;;1
20/12/2017;19:12:00;102;sem vítima;12,3;BR-116/SC;Sul;Colisão Transversal;1;4;;;;;1
21/12/2017;07:04:00;13;com vítima;129,4;BR-116/PR;Norte;Colisão Traseira;1;1;1;;1;;2
21/12/2017;14:49:00;68;com vítima;6,5;BR-116/SC;Norte;Choque - Veiculo parado na pista;1;2;1;;;;1
22/12/2017;10:11:00;29;com vítima;254,34;BR-116/SC;Sul;Choque - Veiculo parado no acostamento;1;1;1;;;;1
23/12/2017;09:23:00;32;sem vítima;134;BR-116/PR;Sul;Colisão Traseira;1;2;;;;;1
27/12/2017;04:33:00;9;sem vítima;93;BR-116/SC;Sul;Choque - Outros;1;1;;;;;1
28/12/2017;16:18:00;73;sem vítima;261;BR-116/SC;Norte;Colisão Lateral;2;2;;;;;1
28/12/2017;17:55:00;83;sem vítima;53,8;BR-116/SC;Norte;Tombamento;1;1;;;;;1
29/12/2017;02:57:00;5;sem vítima;11,1;BR-116/SC;Norte;Choque - Defensa, barreira ou "submarino";1;1;;;;;1
31/12/2017;09:45:00;26;sem vítima;126;BR-116/PR;Norte;Colisão Traseira;2;2;;;;;1
04/01/2018;06:38:00;7;sem vítima;117;BR-116/PR;Sul;Colisão Lateral;1;2;;;;;1
04/01/2018;10:49:00;48;sem vítima;125,9;BR-116/PR;Norte;Colisão Traseira;1;2;;;;;1