data;horario;n_da_ocorrencia;tipo_de_ocorrencia;km;trecho;sentido;tipo_de_acidente;caminhao;ilesos;levemente_feridos;moderadamente_feridos;gravemente_feridos;mortos;3
05/01/2018;15:43:00;69;sem vítima;211,5;BR-116/SC;Norte;Tombamento;1;1;;;;;1
10/01/2018;05:49:00;8;com vítima;59,9;BR-116/SC;Norte;Colisão Transversal;1;1;2;;1;;2
10/01/2018;10:48:00;29;sem vítima;56;BR-116/SC;Norte;Choque - Arvore;1;1;;;;;1
10/01/2018;16:33:00;74;sem vítima;245,6;BR-116/SC;Norte;Colisão Transversal;1;4;;;;;1
12/01/2018;20:36:00;98;com vítima;125;BR-116/PR;Norte;Colisão Traseira;1;1;;;1;;2
13/01/2018;14:08:00;43;sem vítima;4,9;BR-116/SC;Sul;Colisão Transversal;1;2;;;;;1
16/01/2018;16:31:00;60;sem vítima;81,6;BR-116/SC;Norte;Colisão Traseira;1;3;;;;;1
16/01/2018;18:00:00;70;sem vítima;152;BR-116/PR;Sul;Colisão Transversal;2;2;;;;;1
17/01/2018;11:51:00;49;com vítima;254;BR-116/SC;Norte;Colisão Traseira;1;1;1;;;;1
18/01/2018;07:26:00;10;com vítima;143;BR-116/SC;Norte;Colisão Frontal;2;1;1;;;;1
18/01/2018;12:20:00;47;sem vítima;203;BR-116/PR;Norte;Colisão Traseira;1;2;;;;;1
18/01/2018;15:27:00;71;com vítima;157,6;BR-116/PR;Norte;Colisão Frontal;1;1;;;;1;3
19/01/2018;14:52:00;68;sem vítima;191;BR-116/PR;Sul;Colisão Traseira;1;2;;;;;1
19/01/2018;18:07:00;100;sem vítima;209;BR-116/PR;Sul;Colisão Traseira;2;2;;;;;1
24/01/2018;07:39:00;16;sem vítima;194,4;BR-116/PR;Sul;Choque - Defensa, barreira ou "submarino";1;1;;;;;1
24/01/2018;08:25:00;24;com vítima;221,5;BR-116/SC;Norte;Choque - Defensa, barreira ou "submarino";1;0;1;;;;1
26/01/2018;06:07:00;18;sem vítima;60;BR-116/SC;Norte;Colisão Transversal;1;2;;;;;1
29/01/2018;00:45:00;2;sem vítima;151,15;BR-116/SC;Norte;Saida de Pista;1;1;;;;;1
29/01/2018;16:12:00;67;com vítima;106,15;BR-116/SC;Norte;Tombamento;2;1;4;;;;1
31/01/2018;06:43:00;14;sem vítima;35;BR-116/SC;Norte;Colisão Lateral;1;2;;;;;1
31/01/2018;11:44:00;55;sem vítima;114;BR-116/SC;Sul;Colisão Lateral;1;2;;;;;1
31/01/2018;12:43:00;65;sem vítima;7;BR-116/SC;Sul;Colisão Lateral;1;2;;;;;1
31/01/2018;14:28:00;77;com vítima;254,5;BR-116/SC;Norte;Colisão Traseira;1;5;1;;1;;2
31/01/2018;20:53:00;124;com vítima;52,4;BR-116/SC;Norte;Colisão Transversal;1;1;;;;1;3
01/02/2018;08:52:00;38;sem vítima;119;BR-116/PR;Norte;Colisão Traseira;1;2;;;;;1
01/02/2018;09:36:00;45;sem vítima;82,3;BR-116/SC;Sul;Colisão Lateral;1;2;;;;;1
02/02/2018;14:20:00;73;sem vítima;302;BR-116/SC;Norte;Colisão Transversal;1;3;;;;;1
02/02/2018;19:23:00;108;sem vítima;117,55;BR-116/SC;Norte;Tombamento;1;1;;;;;1
03/02/2018;09:43:00;28;com vítima;109,1;BR-116/SC;Norte;Engavetamento;2;2;2;;;;1
07/02/2018;07:11:00;19;sem vítima;121,9;BR-116/PR;Sul;Colisão Lateral;1;3;;;;;1
07/02/2018;07:54:00;20;com vítima;117,6;BR-116/SC;Norte;Tombamento;1;0;3;;;;1
07/02/2018;09:17:00;27;com vítima;140,5;BR-116/SC;Norte;Colisão Frontal;1;1;1;;;;1
07/02/2018;11:31:00;49;com vítima;108,4;BR-116/SC;Sul;Colisão Traseira;1;1;4;;;;1
07/02/2018;18:22:00;100;sem vítima;61;BR-116/SC;Norte;Objeto lançado contra veículo;1;5;;;;;1
08/02/2018;20:43:00;134;com vítima;117;BR-116/PR;Sul;Colisão Lateral;1;1;1;;;;1
10/02/2018;05:39:00;19;sem vítima;4,5;BR-116/SC;Norte;Colisão Transversal;1;2;;;;;1
10/02/2018;06:14:00;21;sem vítima;4,5;BR-116/SC;Norte;Colisão Transversal;1;2;;;;;1
10/02/2018;12:13:00;65;com vítima;126,25;BR-116/PR;Norte;Colisão Traseira;2;1;;;1;;2
10/02/2018;12:22:00;66;sem vítima;245;BR-116/SC;Sul;Colisão Transversal;1;2;;;;;1
10/02/2018;22:00:00;125;com vítima;172,2;BR-116/SC;Norte;Atropelamento - Andarilho;1;1;1;;;;1
12/02/2018;16:18:00;67;com vítima;167,4;BR-116/PR;Norte;Atropelamento - Morador;1;1;;;1;;2
12/02/2018;19:11:00;91;sem vítima;220,2;BR-116/SC;Sul;Colisão Transversal;1;2;;;;;1
13/02/2018;22:01:00;90;com vítima;247,85;BR-116/SC;Sul;Colisão Lateral;1;2;4;;;;1
15/02/2018;08:08:00;19;sem vítima;115;BR-116/PR;Norte;Colisão Lateral;1;2;;;;;1
15/02/2018;09:15:00;30;sem vítima;154;BR-116/PR;Norte;Tombamento;1;1;;;;;1
15/02/2018;10:39:00;42;sem vítima;134;BR-116/PR;Sul;Choque - Defensa, barreira ou "submarino";1;1;;;;;1
15/02/2018;14:32:00;62;sem vítima;247,8;BR-116/SC;Sul;Colisão Traseira;1;3;;;;;1
15/02/2018;14:54:00;63;sem vítima;125;BR-116/PR;Sul;Choque - Poste;1;2;;;;;1
16/02/2018;08:17:00;20;com vítima;251;BR-116/SC;Norte;Colisão Transversal;1;1;1;;;;1
17/02/2018;10:09:00;33;com vítima;188,8;BR-116/PR;Norte;Colisão Lateral;1;1;2;;;;1
17/02/2018;12:15:00;47;sem vítima;145,7;BR-116/PR;Sul;Colisão Frontal;1;4;;;;;1
18/02/2018;19:25:00;64;sem vítima;205,8;BR-116/PR;Norte;Colisão Lateral;1;2;;;;;1
19/02/2018;06:57:00;17;sem vítima;166;BR-116/SC;Norte;Colisão Traseira;1;2;;;;;1
20/02/2018;16:26:00;74;sem vítima;136;BR-116/SC;Sul;Colisão Traseira;2;2;;;;;1
20/02/2018;19:44:00;100;sem vítima;178;BR-116/SC;Sul;Colisão Traseira;2;4;;;;;1
21/02/2018;21:25:00;97;com vítima;142,15;BR-116/SC;Sul;Colisão Transversal;1;1;1;;;;1
22/02/2018;08:56:00;34;sem vítima;117;BR-116/PR;Norte;Colisão Traseira;1;2;;;;;1
23/02/2018;08:54:00;28;sem vítima;64;BR-116/SC;Norte;Colisão Transversal;1;2;;;;;1
23/02/2018;10:37:00;45;sem vítima;253;BR-116/SC;Norte;Colisão Traseira;2;2;;;;;1
25/02/2018;09:35:00;24;sem vítima;126;BR-116/PR;Norte;Colisão Traseira;1;2;;;;;1
26/02/2018;13:51:00;67;com vítima;139,8;BR-116/SC;Sul;Colisão Transversal;1;2;1;;;;1
26/02/2018;16:27:00;90;sem vítima;170;BR-116/PR;Sul;Colisão Traseira;1;2;;;;;1
27/02/2018;09:31:00;28;com vítima;5,6;BR-116/SC;Norte;Colisão Transversal;1;1;1;;;;1
27/02/2018;15:01:00;83;sem vítima;170,8;BR-116/SC;Sul;Saida de Pista;1;1;;;;;1
28/02/2018;14:33:00;87;sem vítima;117;BR-116/PR;Sul;Choque - Veiculo parado na pista;1;2;;;;;1
28/02/2018;16:21:00;103;sem vítima;116;BR-116/PR;Sul;Colisão Lateral;1;2;;;;;1
28/02/2018;19:14:00;126;sem vítima;139;BR-116/SC;Norte;Colisão Transversal;1;2;;;;;1
01/03/2018;18:28:00;100;sem vítima;143,25;BR-116/SC;Norte;Colisão Lateral;1;2;;;;;1
02/03/2018;11:29:00;62;sem vítima;258;BR-116/SC;Norte;Colisão Lateral;1;2;;;;;1
03/03/2018;18:01:00;89;sem vítima;296;BR-116/SC;Norte;Choque - Objeto sobre a pista;1;4;;;;;1
04/03/2018;22:29:00;103;sem vítima;288,3;BR-116/SC;Sul;Saida de Pista;1;1;;;;;1
05/03/2018;03:34:00;6;sem vítima;15,7;BR-116/SC;Norte;Choque - Talude;1;1;;;;;1
06/03/2018;13:06:00;62;sem vítima;0,2;BR-116/SC;Norte;Colisão Traseira;1;2;;;;;1
06/03/2018;19:56:00;96;com vítima;11,7;BR-116/SC;Norte;Choque - Defensa, barreira ou "submarino";1;1;2;;;;1
07/03/2018;06:22:00;12;sem vítima;125;BR-116/PR;Norte;Colisão Traseira;1;2;;;;;1
08/03/2018;16:41:00;98;sem vítima;251;BR-116/SC;Norte;Choque - Veiculo parado na pista;1;2;;;;;1
09/03/2018;15:52:00;78;sem vítima;148;BR-116/SC;Norte;Choque - Talude;1;1;;;;;1
10/03/2018;10:19:00;45;sem vítima;54;BR-116/SC;Norte;Colisão Lateral;1;2;;;;;1
10/03/2018;14:00:00;59;com vítima;117,4;BR-116/SC;Norte;Tombamento;1;0;1;;;;1
11/03/2018;17:07:00;75;com vítima;1;BR-116/SC;Norte;Colisão Lateral;1;1;1;;;;1
11/03/2018;21:44:00;100;com vítima;41,8;BR-116/SC;Sul;Colisão Frontal;1;7;;;1;;2
13/03/2018;18:08:00;105;com vítima;224;BR-116/SC;Norte;Colisão Traseira;1;1;1;;;;1
13/03/2018;18:10:00;106;sem vítima;224,4;BR-116/SC;Sul;Objeto lançado contra veículo;1;2;;;;;1
13/03/2018;19:36:00;120;com vítima;159;BR-116/PR;Norte;Colisão Transversal;1;1;2;;;;1
14/03/2018;05:39:00;8;sem vítima;143,95;BR-116/SC;Sul;Tombamento;1;1;;;;;1
14/03/2018;05:42:00;9;com vítima;114,9;BR-116/SC;Norte;Tombamento;1;0;;;1;;2
14/03/2018;18:14:00;91;com vítima;142,2;BR-116/SC;Norte;Colisão Frontal;1;3;;;;2;3
15/03/2018;16:01:00;104;sem vítima;259,9;BR-116/SC;Norte;Choque - Talude;1;1;;;;;1
15/03/2018;16:05:00;105;sem vítima;12;BR-116/SC;Sul;Colisão Transversal;2;2;;;;;1
17/03/2018;17:17:00;98;com vítima;133,2;BR-116/SC;Norte;Colisão Transversal;1;1;1;;;;1
19/03/2018;09:41:00;24;sem vítima;246;BR-116/SC;Norte;Colisão Transversal;1;2;;;;;1
20/03/2018;14:26:00;68;sem vítima;280,2;BR-116/SC;Norte;Saida de Pista;1;1;;;;;1
21/03/2018;14:32:00;67;com vítima;191,8;BR-116/PR;Sul;Colisão Lateral;1;3;1;;;;1
21/03/2018;19:34:00;116;sem vítima;11,5;BR-116/SC;Norte;Colisão Traseira;2;4;;;;;1
23/03/2018;20:21:00;111;com vítima;205;BR-116/PR;Norte;Colisão Lateral;1;2;1;;;;1
24/03/2018;04:18:00;10;com vítima;156,7;BR-116/SC;Norte;Colisão Frontal;1;1;;;;1;3
25/03/2018;07:32:00;13;sem vítima;130,8;BR-116/SC;Norte;Choque - Arvore;1;1;;;;;1
27/03/2018;09:28:00;24;sem vítima;140;BR-116/SC;Norte;Choque - Talude;1;1;;;;;1
27/03/2018;17:16:00;90;com vítima;154,9;BR-116/SC;Norte;Tombamento;1;0;1;;;;1
28/03/2018;11:29:00;41;com vítima;202;BR-116/PR;Norte;Colisão Traseira;1;2;3;;;;1
28/03/2018;16:04:00;89;sem vítima;198;BR-116/SC;Norte;Choque - Objeto sobre a pista;2;3;;;;;1
28/03/2018;19:04:00;108;com vítima;217,35;BR-116/SC;Norte;Colisão Transversal;1;8;1;;;;1
02/04/2018;05:58:00;15;com vítima;78,15;BR-116/SC;Sul;Colisão Lateral;1;1;1;;;;1
02/04/2018;14:04:00;90;sem vítima;12;BR-116/SC;Norte;Colisão Transversal;1;2;;;;;1
02/04/2018;18:26:00;128;com vítima;5,1;BR-116/SC;Norte;Atropelamento - Morador;1;1;;;;1;3
03/04/2018;20:49:00;121;sem vítima;307;BR-116/SC;Norte;Colisão Lateral;2;2;;;;;1
04/04/2018;10:35:00;67;com vítima;130;BR-116/PR;Sul;Colisão Lateral;2;7;3;;;;1
05/04/2018;07:53:00;14;sem vítima;117;BR-116/PR;Sul;Colisão Lateral;1;2;;;;;1
05/04/2018;11:57:00;65;sem vítima;184;BR-116/PR;Sul;Colisão Lateral;1;2;;;;;1
06/04/2018;12:39:00;50;sem vítima;11,1;BR-116/SC;Norte;Choque - Defensa, barreira ou "submarino";1;1;;;;;1
07/04/2018;12:15:00;49;sem vítima;84,3;BR-116/SC;Norte;Tombamento;1;1;;;;;1
08/04/2018;15:55:00;70;sem vítima;12;BR-116/SC;Norte;Colisão Traseira;2;2;;;;;1
11/04/2018;02:57:00;6;sem vítima;134,6;BR-116/SC;Sul;Choque - Arvore;1;1;;;;;1
11/04/2018;07:13:00;10;com vítima;127,9;BR-116/PR;Norte;Colisão Lateral;1;1;1;;;;1
11/04/2018;07:16:00;11;sem vítima;122,7;BR-116/PR;Norte;Colisão Lateral;1;2;;;;;1
11/04/2018;15:16:00;84;sem vítima;30,3;BR-116/SC;Norte;Colisão Traseira;1;2;;;;;1
12/04/2018;08:44:00;47;sem vítima;148,1;BR-116/PR;Norte;Colisão Lateral;2;2;;;;;1
14/04/2018;15:50:00;59;sem vítima;32,6;BR-116/SC;Norte;Colisão Traseira;1;6;;;;;1
15/04/2018;10:07:00;29;sem vítima;171,1;BR-116/PR;Norte;Tombamento;1;1;;;;;1
17/04/2018;11:01:00;48;com vítima;117,5;BR-116/SC;Norte;Tombamento;1;0;1;;;;1
17/04/2018;13:43:00;70;sem vítima;132,5;BR-116/SC;Norte;Choque - Veiculo parado na pista;1;5;;;;;1
18/04/2018;16:06:00;101;com vítima;128,5;BR-116/PR;Norte;Colisão Lateral;1;1;1;;;;1
19/04/2018;17:31:00;126;sem vítima;287,2;BR-116/SC;Sul;Choque - Talude;1;2;;;;;1
20/04/2018;07:47:00;26;sem vítima;249;BR-116/SC;Sul;Colisão Traseira;1;2;;;;;1
20/04/2018;10:49:00;62;sem vítima;276;BR-116/SC;Sul;Saida de Pista;1;2;;;;;1
20/04/2018;13:40:00;96;com vítima;246,1;BR-116/SC;Sul;Colisão Transversal;1;1;1;;;;1
20/04/2018;16:13:00;112;sem vítima;0,8;BR-116/SC;Norte;Choque - Defensa, barreira ou "submarino";1;1;;;;;1
21/04/2018;15:53:00;61;com vítima;143,95;BR-116/PR;Norte;Colisão Lateral;1;1;3;;;;1
22/04/2018;06:05:00;13;sem vítima;26,8;BR-116/SC;Sul;Colisão Traseira;1;4;;;;;1
22/04/2018;22:10:00;82;sem vítima;128,5;BR-116/SC;Norte;Atropelamento de Animal;1;4;;;;;1
23/04/2018;08:47:00;34;sem vítima;127;BR-116/PR;Norte;Colisão Lateral;1;2;;;;;1
23/04/2018;16:25:00;99;sem vítima;4,5;BR-116/SC;Norte;Colisão Traseira;2;2;;;;;1
23/04/2018;16:37:00;102;com vítima;125,95;BR-116/PR;Norte;Colisão Traseira;1;1;1;;;;1
24/04/2018;21:10:00;118;com vítima;7,8;BR-116/SC;Norte;Choque - Veiculo parado na pista;1;1;;;1;;2
25/04/2018;08:23:00;43;sem vítima;116;BR-116/PR;Sul;Colisão Traseira;1;2;;;;;1
26/04/2018;18:32:00;144;sem vítima;117;BR-116/PR;Sul;Colisão Lateral;1;2;;;;;1
27/04/2018;09:43:00;48;com vítima;128;BR-116/PR;Norte;Colisão Traseira;1;1;1;;;;1
28/04/2018;17:48:00;98;sem vítima;221;BR-116/SC;Sul;Saida de Pista;1;1;;;;;1
01/08/2018;14:36:00;73;com vítima;238,95;BR-116/SC;Sul;Tombamento;2;2;1;;;;1
03/08/2018;16:00:00;73;sem vítima;184;BR-116/PR;Sul;Saida de Pista;1;1;;;;;1
06/08/2018;15:36:00;77;com vítima;132;BR-116/SC;Sul;Colisão Lateral;1;2;1;;;;1
06/08/2018;15:43:00;80;sem vítima;120;BR-116/SC;Norte;Saida de Pista;1;1;;;;;1
07/08/2018;11:14:00;46;sem vítima;12,3;BR-116/SC;Norte;Tombamento;1;1;;;;;1
07/08/2018;14:21:00;69;com vítima;13,4;BR-116/SC;Sul;Engavetamento;3;2;3;;2;;2
07/08/2018;16:31:00;91;sem vítima;119;BR-116/PR;Sul;Colisão Traseira;1;2;;;;;1
09/08/2018;11:40:00;46;sem vítima;60;BR-116/SC;Sul;Colisão Traseira;2;2;;;;;1
09/08/2018;15:03:00;67;com vítima;98,95;BR-116/SC;Sul;Colisão Transversal;1;1;1;;;;1
10/08/2018;00:22:00;3;com vítima;166,7;BR-116/PR;Norte;Colisão Transversal;1;1;;;1;;2
10/08/2018;16:12:00;91;com vítima;105,7;BR-116/SC;Norte;Tombamento;1;0;1;;;;1
11/08/2018;11:31:00;43;com vítima;110;BR-116/SC;Norte;Colisão Traseira;1;2;1;;;;1
11/08/2018;16:39:00;68;sem vítima;170,8;BR-116/SC;Norte;Colisão Lateral;1;5;;;;;1
12/08/2018;05:32:00;17;com vítima;165,7;BR-116/SC;Norte;Tombamento;1;0;1;;;;1
14/08/2018;08:01:00;13;sem vítima;138;BR-116/SC;Norte;Colisão Transversal;1;2;;;;;1
14/08/2018;11:06:00;45;sem vítima;126;BR-116/PR;Sul;Colisão Traseira;1;2;;;;;1
15/08/2018;13:56:00;50;com vítima;251,3;BR-116/SC;Sul;Colisão Transversal;1;3;1;;;;1
16/08/2018;14:03:00;66;sem vítima;41,2;BR-116/SC;Sul;Choque - Outros;1;1;;;;;1
17/08/2018;21:15:00;115;sem vítima;168;BR-116/PR;Sul;Colisão Lateral;1;2;;;;;1
19/08/2018;20:58:00;79;com vítima;153,1;BR-116/PR;Norte;Colisão Transversal;1;1;2;;;;1
21/08/2018;07:36:00;13;sem vítima;2,5;BR-116/SC;Norte;Colisão Traseira;1;3;;;;;1
21/08/2018;13:00:00;58;sem vítima;121;BR-116/PR;Norte;Choque - Veiculo parado na pista;1;2;;;;;1
21/08/2018;19:06:00;87;com vítima;10,5;BR-116/SC;Sul;Colisão Frontal;1;0;1;;;1;3
22/08/2018;04:03:00;8;sem vítima;119;BR-116/PR;Norte;Saida de Pista;1;1;;;;;1
22/08/2018;07:30:00;19;sem vítima;12;BR-116/SC;Norte;Colisão Traseira;1;2;;;;;1
22/08/2018;15:46:00;61;sem vítima;152;BR-116/PR;Sul;Colisão Transversal;1;2;;;;;1
23/08/2018;06:44:00;14;sem vítima;184;BR-116/SC;Sul;Colisão Lateral;1;2;;;;;1
24/08/2018;07:40:00;19;sem vítima;142;BR-116/PR;Norte;Colisão Lateral;1;2;;;;;1
24/08/2018;10:24:00;35;sem vítima;2,4;BR-116/SC;Norte;Choque - Defensa, barreira ou "submarino";1;1;;;;;1
24/08/2018;18:19:00;88;sem vítima;152,4;BR-116/PR;Norte;Colisão Transversal;1;2;;;;;1
24/08/2018;20:15:00;101;sem vítima;242,35;BR-116/SC;Sul;Tombamento;1;1;;;;;1
25/08/2018;11:02:00;40;sem vítima;125;BR-116/PR;Sul;Colisão Traseira;1;2;;;;;1
29/08/2018;02:43:00;5;com vítima;185,9;BR-116/SC;Norte;Capotamento;1;0;1;;;;1
30/08/2018;18:04:00;116;sem vítima;43,5;BR-116/SC;Norte;Colisão Traseira;1;2;;;;;1
31/08/2018;06:41:00;21;sem vítima;137;BR-116/PR;Norte;Colisão Traseira;2;2;;;;;1
31/08/2018;14:02:00;64;sem vítima;244,4;BR-116/SC;Sul;Choque - Talude;1;1;;;;;1
31/08/2018;18:08:00;89;sem vítima;134,4;BR-116/PR;Norte;Colisão Lateral;1;1;;;;;1
02/07/2018;21:02:00;119;com vítima;167,8;BR-116/SC;Norte;Tombamento;1;0;1;;;;1
03/07/2018;01:36:00;7;com vítima;124,15;BR-116/SC;Sul;Choque - Defensa, barreira ou "submarino";1;0;1;;;;1
04/07/2018;08:07:00;23;sem vítima;138;BR-116/SC;Sul;Colisão Transversal;1;2;;;;;1
04/07/2018;19:19:00;96;sem vítima;126;BR-116/PR;Sul;Colisão Transversal;1;2;;;;;1
05/07/2018;10:21:00;35;sem vítima;291;BR-116/SC;Sul;Colisão Lateral;1;2;;;;;1
05/07/2018;14:48:00;72;sem vítima;263;BR-116/SC;Norte;Tombamento;1;1;;;;;1
06/07/2018;05:11:00;16;sem vítima;181,7;BR-116/SC;Sul;Tombamento;1;1;;;;;1
06/07/2018;08:47:00;37;com vítima;12,3;BR-116/SC;Norte;Colisão Lateral;1;2;1;;;;1
06/07/2018;20:38:00;130;com vítima;237,8;BR-116/SC;Norte;Colisão Lateral;1;1;;;;1;3
09/07/2018;15:23:00;60;com vítima;22,2;BR-116/SC;Sul;Colisão Lateral;1;2;1;;;;1
10/07/2018;09:50:00;36;sem vítima;129;BR-116/SC;Sul;Choque - Talude;1;1;;;;;1
10/07/2018;22:35:00;121;sem vítima;4,9;BR-116/SC;Sul;Colisão Lateral;1;2;;;;;1
12/07/2018;21:28:00;112;com vítima;27,9;BR-116/SC;Sul;Colisão Lateral;1;1;;;1;;2
13/07/2018;10:03:00;37;sem vítima;68,7;BR-116/SC;Norte;Colisão Lateral;1;2;;;;;1
13/07/2018;10:52:00;43;com vítima;209;BR-116/SC;Norte;Colisão Lateral;1;1;1;;;;1
13/07/2018;15:54:00;83;com vítima;117;BR-116/PR;Norte;Colisão Transversal;1;1;2;;;;1
13/07/2018;18:07:00;99;sem vítima;6;BR-116/SC;Norte;Colisão Transversal;1;2;;;;;1
15/07/2018;07:14:00;21;com vítima;3;BR-116/SC;Sul;Colisão Frontal;1;1;;;1;;2
16/07/2018;12:19:00;46;sem vítima;163,45;BR-116/SC;Sul;Choque - Defensa, barreira ou "submarino";1;1;;;;;1
17/07/2018;17:26:00;99;sem vítima;65;BR-116/SC;Norte;Colisão Lateral;1;2;;;;;1
18/07/2018;05:39:00;16;sem vítima;209,5;BR-116/PR;Norte;Colisão Traseira;1;2;;;;;1
20/07/2018;12:13:00;58;sem vítima;118;BR-116/PR;Norte;Colisão Transversal;1;2;;;;;1
20/07/2018;16:20:00;81;com vítima;159;BR-116/PR;Norte;Colisão Transversal;1;3;1;;1;;2
20/07/2018;20:48:00;108;sem vítima;192;BR-116/SC;Norte;Choque - Defensa, barreira ou "submarino";1;1;;;;;1
22/07/2018;07:04:00;13;sem vítima;40;BR-116/SC;Norte;Colisão Lateral;1;2;;;;;1
24/07/2018;20:17:00;102;com vítima;219,65;BR-116/SC;Sul;Colisão Frontal;1;1;;;1;;2
26/07/2018;03:29:00;11;com vítima;193,1;BR-116/SC;Norte;Tombamento;1;0;;;;1;3
28/07/2018;20:20:00;84;sem vítima;117,3;BR-116/PR;Norte;Colisão Lateral;1;2;;;;;1
30/07/2018;00:30:00;2;sem vítima;49,3;BR-116/SC;Norte;Colisão Traseira;2;4;;;;;1
31/07/2018;05:13:00;8;sem vítima;224,95;BR-116/SC;Norte;Colisão Traseira;1;2;;;;;1
31/07/2018;10:41:00;35;sem vítima;211;BR-116/SC;Sul;Engavetamento;1;4;;;;;1
01/06/2018;05:59:00;14;com vítima;155,1;BR-116/SC;Sul;Tombamento;1;0;1;;;;1
01/06/2018;19:37:00;78;com vítima;29,7;BR-116/SC;Norte;Colisão Traseira;1;2;1;;;;1
01/06/2018;22:05:00;90;sem vítima;162,9;BR-116/PR;Sul;Colisão Lateral;1;2;;;;;1
02/06/2018;07:56:00;28;sem vítima;227,5;BR-116/SC;Norte;Tombamento;1;1;;;;;1
02/06/2018;15:57:00;79;sem vítima;135;BR-116/PR;Norte;Colisão Lateral;1;2;;;;;1
03/06/2018;03:56:00;9;com vítima;126,2;BR-116/PR;Norte;Colisão Transversal;1;1;1;;;;1
03/06/2018;15:36:00;51;sem vítima;252;BR-116/SC;Norte;Colisão Traseira;1;3;;;;;1
03/06/2018;18:33:00;62;com vítima;152,4;BR-116/PR;Sul;Colisão Transversal;1;2;1;;;;1
04/06/2018;16:42:00;78;sem vítima;107,2;BR-116/SC;Norte;Colisão Traseira;1;1;;;;;1
05/06/2018;18:17:00;78;sem vítima;115;BR-116/PR;Sul;Engavetamento;1;7;;;;;1
06/06/2018;10:44:00;46;sem vítima;147,3;BR-116/PR;Norte;Choque - Talude;1;1;;;;;1
06/06/2018;19:22:00;120;com vítima;247,45;BR-116/SC;Sul;Colisão Transversal;1;1;1;;;;1
06/06/2018;19:47:00;123;com vítima;56,3;BR-116/SC;Sul;Atropelamento - Ciclista;1;1;;;;1;3
07/06/2018;16:25:00;69;sem vítima;189,9;BR-116/SC;Norte;Colisão Traseira;1;2;;;;;1
11/06/2018;08:33:00;26;sem vítima;120,5;BR-116/PR;Norte;Colisão Traseira;1;2;;;;;1
11/06/2018;15:02:00;88;com vítima;143,2;BR-116/SC;Norte;Colisão Transversal;1;3;1;;;;1
11/06/2018;18:07:00;114;sem vítima;220,4;BR-116/SC;Norte;Colisão Transversal;1;2;;;;;1
12/06/2018;16:45:00;83;sem vítima;141,1;BR-116/PR;Norte;Tombamento;1;2;;;;;1
14/06/2018;09:02:00;31;sem vítima;198;BR-116/SC;Norte;Colisão Lateral;1;2;;;;;1
16/06/2018;09:14:00;29;sem vítima;126;BR-116/PR;Norte;Engavetamento;2;3;;;;;1
19/06/2018;09:08:00;39;sem vítima;79;BR-116/SC;Norte;Objeto lançado contra veículo;2;10;;;;;1
19/06/2018;12:11:00;68;com vítima;54,8;BR-116/SC;Norte;Colisão Transversal;1;1;;;1;;2
19/06/2018;13:17:00;75;com vítima;144,7;BR-116/SC;Norte;Colisão Frontal;1;1;;;1;;2
21/06/2018;00:01:00;1;com vítima;140,5;BR-116/SC;Norte;Colisão Transversal;2;0;3;;;;1
21/06/2018;11:44:00;59;sem vítima;57,7;BR-116/SC;Norte;Colisão Traseira;1;3;;;;;1
22/06/2018;06:34:00;12;com vítima;175,3;BR-116/PR;Norte;Colisão Lateral;1;1;1;;;;1
22/06/2018;21:47:00;119;sem vítima;206,02;BR-116/PR;Norte;Choque - Suporte de Sinalização;1;1;;;;;1
23/06/2018;02:00:00;7;com vítima;162,2;BR-116/SC;Norte;Colisão Frontal;1;1;1;;1;;2
23/06/2018;09:13:00;31;com vítima;308,8;BR-116/SC;Norte;Tombamento;1;1;1;;;;1
25/06/2018;11:02:00;49;com vítima;219;BR-116/SC;Norte;Colisão Transversal;1;1;2;;;;1
26/06/2018;11:31:00;50;com vítima;148;BR-116/PR;Sul;Colisão Traseira;2;3;1;;;;1
26/06/2018;14:47:00;70;sem vítima;257,7;BR-116/SC;Norte;Colisão Traseira;1;2;;;;;1
26/06/2018;19:05:00;98;com vítima;129;BR-116/SC;Sul;Colisão Frontal;1;1;;;2;;2
28/06/2018;06:51:00;20;sem vítima;117,3;BR-116/SC;Sul;Tombamento;1;2;;;;;1
28/06/2018;08:17:00;28;sem vítima;12;BR-116/SC;Sul;Colisão Transversal;1;2;;;;;1
29/06/2018;07:34:00;19;sem vítima;121;BR-116/PR;Norte;Colisão Frontal;1;2;;;;;1
30/06/2018;08:12:00;24;sem vítima;32,9;BR-116/SC;Norte;Colisão Traseira;1;2;;;;;1
02/05/2018;18:15:00;109;com vítima;23,5;BR-116/SC;Norte;Colisão Lateral;1;1;1;;;;1
03/05/2018;11:09:00;60;sem vítima;122;BR-116/PR;Sul;Colisão Lateral;1;2;;;;;1
03/05/2018;18:49:00;115;sem vítima;12,4;BR-116/SC;Norte;Colisão Transversal;1;5;;;;;1
04/05/2018;07:36:00;24;com vítima;119;BR-116/PR;Norte;Colisão Lateral;1;3;1;;;;1
05/05/2018;22:34:00;102;sem vítima;107,6;BR-116/SC;Norte;Saida de Pista;1;1;;;;;1
06/05/2018;09:27:00;25;sem vítima;126;BR-116/PR;Norte;Colisão Transversal;1;2;;;;;1
06/05/2018;11:51:00;49;com vítima;190,7;BR-116/SC;Norte;Saida de Pista;1;0;1;;;;1
07/05/2018;16:16:00;84;com vítima;161,4;BR-116/PR;Sul;Choque - Elemento de Drenagem;1;0;1;;;;1
08/05/2018;14:10:00;81;sem vítima;4,2;BR-116/SC;Norte;Colisão Lateral;1;2;;;;;1
09/05/2018;04:50:00;12;sem vítima;178,2;BR-116/PR;Sul;Colisão Lateral;2;2;;;;;1