data;horario;n_da_ocorrencia;tipo_de_ocorrencia;km;trecho;sentido;tipo_de_acidente;caminhao;ilesos;levemente_feridos;moderadamente_feridos;gravemente_feridos;mortos;3
09/05/2018;11:28:00;51;sem vítima;270,6;BR-116/SC;Norte;Colisão Lateral;2;2;;;;;1
10/05/2018;11:30:00;46;sem vítima;26,5;BR-116/SC;Sul;Colisão Lateral;2;2;;;;;1
11/05/2018;23:29:00;128;com vítima;289;BR-116/SC;Norte;Colisão Lateral;2;1;1;;1;;2
12/05/2018;15:08:00;69;sem vítima;234;BR-116/SC;Sul;Tombamento;1;1;;;;;1
13/05/2018;20:16:00;97;sem vítima;158,3;BR-116/PR;Norte;Colisão Traseira;1;2;;;;;1
15/05/2018;10:51:00;53;sem vítima;133;BR-116/SC;Sul;Colisão Traseira;2;2;;;;;1
15/05/2018;14:08:00;77;sem vítima;54;BR-116/SC;Norte;Colisão Lateral;1;2;;;;;1
17/05/2018;05:02:00;11;sem vítima;81,6;BR-116/SC;Sul;Colisão Lateral;2;2;;;;;1
17/05/2018;11:39:00;50;sem vítima;9,7;BR-116/SC;Sul;Tombamento;1;1;;;;;1
17/05/2018;19:26:00;91;sem vítima;122,934;BR-116/PR;Sul;Colisão Lateral;1;2;;;;;1
18/05/2018;06:34:00;17;sem vítima;154;BR-116/PR;Sul;Atropelamento de Animal;1;1;;;;;1
18/05/2018;10:57:00;44;sem vítima;116,5;BR-116/PR;Sul;Colisão Lateral;1;2;;;;;1
18/05/2018;14:44:00;73;com vítima;245,6;BR-116/SC;Norte;Colisão Transversal;1;1;2;;1;;2
18/05/2018;16:11:00;81;sem vítima;158;BR-116/PR;Sul;Colisão Lateral;1;2;;;;;1
30/05/2018;11:40:00;31;com vítima;16,3;BR-116/SC;Norte;Colisão Transversal;1;0;2;;;;1
30/05/2018;19:55:00;63;sem vítima;178;BR-116/PR;Sul;Choque - Talude;1;3;;;;;1
31/05/2018;08:47:00;54;sem vítima;133;BR-116/SC;Norte;Tombamento;1;1;;;;;1
31/05/2018;18:01:00;104;com vítima;152,1;BR-116/PR;Sul;Colisão Frontal;1;1;;;1;;2
01/09/2018;07:38:00;15;sem vítima;160,5;BR-116/PR;Sul;Colisão Transversal;1;2;;;;;1
03/09/2018;15:17:00;79;sem vítima;238,9;BR-116/SC;Sul;Choque - Elemento de Drenagem;1;1;;;;;1
04/09/2018;06:45:00;21;sem vítima;176;BR-116/PR;Norte;Choque - Talude;1;1;;;;;1
04/09/2018;07:35:00;27;sem vítima;146;BR-116/PR;Norte;Colisão Transversal;1;2;;;;;1
05/09/2018;13:59:00;82;sem vítima;14;BR-116/SC;Norte;Engavetamento;1;6;;;;;1
05/09/2018;14:56:00;92;sem vítima;8,5;BR-116/SC;Sul;Colisão Lateral;1;2;;;;;1
05/09/2018;21:57:00;136;sem vítima;208,7;BR-116/SC;Sul;Saida de Pista;1;1;;;;;1
06/09/2018;02:36:00;9;sem vítima;174,8;BR-116/SC;Norte;Saida de Pista;1;1;;;;;1
06/09/2018;14:52:00;86;sem vítima;132,3;BR-116/SC;Sul;Colisão Traseira;2;2;;;;;1
08/09/2018;14:48:00;66;com vítima;12,3;BR-116/SC;Sul;Colisão Transversal;1;1;2;;;;1
09/09/2018;14:27:00;58;sem vítima;27;BR-116/SC;Norte;Colisão Lateral;1;2;;;;;1
10/09/2018;19:16:00;104;sem vítima;263,5;BR-116/SC;Sul;Tombamento;1;1;;;;;1
11/09/2018;08:36:00;28;sem vítima;253;BR-116/SC;Norte;Choque - Talude;1;1;;;;;1
13/09/2018;05:48:00;14;sem vítima;52,3;BR-116/SC;Sul;Colisão Traseira;2;2;;;;;1
14/09/2018;05:54:00;17;sem vítima;117;BR-116/PR;Norte;Colisão Traseira;1;2;;;;;1
14/09/2018;08:27:00;28;com vítima;304,9;BR-116/SC;Sul;Saida de Pista;1;0;1;;;;1
14/09/2018;17:14:00;104;com vítima;207;BR-116/SC;Norte;Colisão Transversal;1;1;;;1;;2
16/09/2018;14:51:00;80;com vítima;157,168;BR-116/PR;Sul;Colisão Frontal;1;0;1;;;2;3
17/09/2018;14:54:00;77;sem vítima;111;BR-116/SC;Sul;Colisão Lateral;1;5;;;;;1
17/09/2018;17:24:00;90;sem vítima;206;BR-116/SC;Norte;Colisão Transversal;2;2;;;;;1
17/09/2018;20:10:00;113;sem vítima;159,9;BR-116/SC;Sul;Saida de Pista;1;1;;;;;1
18/09/2018;17:45:00;114;com vítima;167;BR-116/PR;Sul;Colisão Lateral;1;1;1;;;;1
19/09/2018;11:32:00;60;sem vítima;134;BR-116/PR;Norte;Colisão Traseira;2;2;;;;;1
20/09/2018;07:39:00;19;com vítima;107,7;BR-116/SC;Norte;Tombamento;1;0;1;;;;1
20/09/2018;10:36:00;50;sem vítima;4,5;BR-116/SC;Sul;Colisão Lateral;1;2;;;;;1
22/09/2018;19:29:00;111;sem vítima;245;BR-116/SC;Sul;Colisão Transversal;1;4;;;;;1
24/09/2018;15:13:00;77;com vítima;140,3;BR-116/PR;Norte;Colisão Lateral;1;1;1;;;;1
25/09/2018;13:50:00;75;sem vítima;57,9;BR-116/SC;Norte;Colisão Traseira;1;2;;;;;1
25/09/2018;18:28:00;104;sem vítima;117;BR-116/PR;Norte;Colisão Traseira;1;2;;;;;1
27/09/2018;14:19:00;80;sem vítima;143,05;BR-116/PR;Norte;Colisão Lateral;1;2;;;;;1
27/09/2018;17:24:00;114;sem vítima;143,2;BR-116/PR;Norte;Colisão Traseira;2;2;;;;;1
29/09/2018;14:28:00;73;com vítima;167;BR-116/PR;Norte;Colisão Transversal;1;2;1;;;;1
30/09/2018;19:06:00;87;sem vítima;118;BR-116/PR;Sul;Colisão Traseira;1;2;;;;;1
02/10/2018;19:39:00;126;com vítima;246,9;BR-116/SC;Sul;Colisão Transversal;1;4;;;1;;2
03/10/2018;14:54:00;75;com vítima;211,9;BR-116/SC;Norte;Tombamento;1;0;1;;;;1
04/10/2018;15:49:00;103;com vítima;185;BR-116/PR;Sul;Engavetamento;1;5;1;;;;1
05/10/2018;23:41:00;161;com vítima;139,2;BR-116/PR;Sul;Colisão Transversal;1;1;1;;;;1
06/10/2018;04:33:00;19;sem vítima;120,5;BR-116/PR;Sul;Colisão Lateral;1;2;;;;;1
06/10/2018;18:53:00;98;sem vítima;136;BR-116/SC;Sul;Colisão Traseira;1;2;;;;;1
09/10/2018;08:50:00;34;sem vítima;177,6;BR-116/PR;Norte;Tombamento;1;1;;;;;1
09/10/2018;09:07:00;37;sem vítima;125,8;BR-116/PR;Norte;Colisão Transversal;1;2;;;;;1
10/10/2018;04:27:00;21;com vítima;115,8;BR-116/PR;Sul;Capotamento;1;3;1;;;;1
11/10/2018;10:06:00;51;sem vítima;204;BR-116/PR;Norte;Colisão Transversal;1;3;;;;;1
11/10/2018;16:57:00;105;com vítima;117,8;BR-116/PR;Sul;Queda de Moto;1;1;;;;1;3
11/10/2018;21:53:00;136;sem vítima;117;BR-116/PR;Norte;Colisão Lateral;1;2;;;;;1
15/10/2018;08:22:00;30;com vítima;143;BR-116/PR;Sul;Colisão Lateral;1;1;1;;;;1
15/10/2018;09:18:00;37;sem vítima;152;BR-116/SC;Norte;Colisão Traseira;1;2;;;;;1
15/10/2018;11:06:00;47;com vítima;58;BR-116/SC;Norte;Colisão Transversal;1;4;1;;;;1
15/10/2018;12:26:00;58;sem vítima;193;BR-116/PR;Sul;Colisão Lateral;1;8;;;;;1
17/10/2018;10:33:00;47;sem vítima;244,5;BR-116/SC;Sul;Colisão Lateral;1;1;;;;;1
17/10/2018;23:32:00;142;sem vítima;137,7;BR-116/PR;Norte;Colisão Lateral;1;2;;;;;1
18/10/2018;05:52:00;25;sem vítima;206;BR-116/PR;Sul;Colisão Traseira;1;2;;;;;1
18/10/2018;10:24:00;65;sem vítima;185,2;BR-116/PR;Sul;Choque - Veiculo parado na pista;1;2;;;;;1
22/10/2018;07:12:00;29;sem vítima;118,8;BR-116/PR;Norte;Colisão Traseira;1;3;;;;;1
24/10/2018;00:12:00;7;sem vítima;209,2;BR-116/PR;Norte;Colisão Lateral;2;2;;;;;1
24/10/2018;04:32:00;15;sem vítima;243,2;BR-116/SC;Sul;Choque - Defensa, barreira ou "submarino";1;1;;;;;1
24/10/2018;07:25:00;19;sem vítima;115,1;BR-116/PR;Norte;Colisão Lateral;1;2;;;;;1
27/10/2018;01:13:00;9;com vítima;181,5;BR-116/SC;Norte;Colisão Frontal;1;0;1;;1;2;3
27/10/2018;07:42:00;30;sem vítima;122;BR-116/PR;Norte;Colisão Traseira;1;2;;;;;1
27/10/2018;08:24:00;33;com vítima;117;BR-116/PR;Norte;Colisão Traseira;1;1;1;;;;1
27/10/2018;08:02:00;37;com vítima;169,3;BR-116/SC;Norte;Colisão Frontal;1;2;;;;1;3
27/10/2018;19:30:00;98;sem vítima;2;BR-116/SC;Sul;Objeto lançado contra veículo;1;2;;;;;1
27/10/2018;20:47:00;103;com vítima;225,45;BR-116/SC;Sul;Colisão Frontal;1;0;1;;;1;3
28/10/2018;08:03:00;21;com vítima;53,75;BR-116/SC;Norte;Tombamento;1;0;1;;;;1
30/10/2018;08:14:00;31;sem vítima;133;BR-116/SC;Norte;Colisão Traseira;1;4;;;;;1
31/10/2018;10:29:00;32;sem vítima;126,6;BR-116/PR;Norte;Colisão Traseira;1;2;;;;;1
31/10/2018;23:12:00;112;com vítima;138,23;BR-116/PR;Norte;Atropelamento - Morador;1;1;;;;1;3
01/11/2018;07:02:00;21;sem vítima;182;BR-116/SC;Norte;Tombamento;1;1;;;;;1
05/11/2018;14:19:00;63;sem vítima;160;BR-116/SC;Norte;Engavetamento;2;8;;;;;1
05/11/2018;22:38:00;111;sem vítima;196,4;BR-116/PR;Sul;Colisão Traseira;1;2;;;;;1
06/11/2018;14:06:00;83;sem vítima;287;BR-116/SC;Norte;Colisão Lateral;1;2;;;;;1
07/11/2018;12:55:00;76;sem vítima;151;BR-116/PR;Norte;Colisão Lateral;1;2;;;;;1
12/11/2018;09:20:00;51;sem vítima;158,2;BR-116/PR;Sul;Colisão Traseira;2;2;;;;;1
12/11/2018;13:14:00;81;sem vítima;245;BR-116/SC;Norte;Colisão Transversal;1;2;;;;;1
13/11/2018;06:30:00;18;sem vítima;145,8;BR-116/SC;Sul;Tombamento;1;1;;;;;1
13/11/2018;08:39:00;26;sem vítima;117,5;BR-116/PR;Norte;Colisão Lateral;1;2;;;;;1
13/11/2018;10:47:00;47;sem vítima;124,1;BR-116/SC;Norte;Colisão Lateral;2;2;;;;;1
13/11/2018;17:09:00;106;sem vítima;168;BR-116/PR;Norte;Colisão Lateral;1;2;;;;;1
13/11/2018;23:53:00;141;com vítima;105,8;BR-116/SC;Norte;Capotamento;1;0;1;;;;1
14/11/2018;15:16:00;99;sem vítima;142;BR-116/PR;Sul;Colisão Transversal;1;2;;;;;1
15/11/2018;10:03:00;34;sem vítima;131,8;BR-116/SC;Norte;Colisão Lateral;1;2;;;;;1
20/11/2018;14:51:00;94;sem vítima;248,7;BR-116/SC;Norte;Colisão Traseira;1;2;;;;;1
21/11/2018;14:33:00;83;sem vítima;129,5;BR-116/SC;Norte;Colisão Lateral;1;2;;;;;1
21/11/2018;17:10:00;97;com vítima;107,6;BR-116/SC;Norte;Tombamento;1;0;1;;;;1
21/11/2018;23:24:00;130;sem vítima;27,6;BR-116/SC;Norte;Colisão Traseira;1;3;;;;;1
24/11/2018;09:37:00;26;sem vítima;117;BR-116/PR;Sul;Colisão Traseira;1;2;;;;;1
24/11/2018;10:55:00;32;com vítima;117;BR-116/PR;Sul;Colisão Frontal;1;1;;;1;;2
28/11/2018;21:18:00;121;com vítima;135;BR-116/PR;Norte;Colisão Transversal;1;1;1;;;;1
29/11/2018;13:10:00;56;sem vítima;263;BR-116/SC;Norte;Colisão Traseira;1;2;;;;;1
29/11/2018;14:53:00;63;com vítima;149;BR-116/PR;Sul;Colisão Traseira;1;1;1;;;;1
29/11/2018;22:38:00;106;sem vítima;134,6;BR-116/PR;Sul;Choque - Defensa, barreira ou "submarino";1;2;;;;;1
30/11/2018;00:14:00;8;sem vítima;105,6;BR-116/SC;Norte;Tombamento;1;1;;;;;1
30/11/2018;05:21:00;19;sem vítima;179,2;BR-116/PR;Sul;Tombamento;1;1;;;;;1
30/11/2018;16:22:00;93;com vítima;128,9;BR-116/SC;Sul;Colisão Lateral;3;2;1;;;;1
30/11/2018;17:19:00;96;sem vítima;193,1;BR-116/SC;Norte;Choque - Talude;1;1;;;;;1
30/11/2018;18:10:00;104;com vítima;245;BR-116/SC;Norte;Colisão Frontal;1;1;1;;;;1
02/12/2018;14:46:00;48;com vítima;122;BR-116/PR;Norte;Colisão Lateral;1;1;1;;;;1
03/12/2018;11:44:00;74;sem vítima;245,6;BR-116/SC;Sul;Colisão Transversal;1;5;;;;;1
03/12/2018;22:40:00;133;sem vítima;197,3;BR-116/PR;Norte;Tombamento;1;1;;;;;1
05/12/2018;08:53:00;30;sem vítima;79;BR-116/SC;Sul;Colisão Lateral;1;3;;;;;1
05/12/2018;14:48:00;103;sem vítima;5,5;BR-116/SC;Sul;Colisão Transversal;1;2;;;;;1
06/12/2018;17:27:00;126;sem vítima;119;BR-116/PR;Sul;Choque - Objeto sobre a pista;1;2;;;;;1
06/12/2018;18:43:00;134;com vítima;254;BR-116/SC;Sul;Colisão Lateral;1;1;1;;;;1
08/12/2018;13:12:00;62;com vítima;115,2;BR-116/PR;Norte;Engavetamento;1;3;1;;;;1
09/12/2018;18:21:00;89;sem vítima;69,4;BR-116/SC;Norte;Colisão Lateral;1;3;;;;;1
11/12/2018;00:29:00;7;com vítima;186,6;BR-116/PR;Norte;Colisão Frontal;2;1;;;1;;2
11/12/2018;17:59:00;108;sem vítima;152;BR-116/SC;Norte;Colisão Traseira;2;2;;;;;1
12/12/2018;11:42:00;62;com vítima;164;BR-116/SC;Norte;Colisão Lateral;1;3;1;;;;1
13/12/2018;15:18:00;117;sem vítima;204;BR-116/PR;Norte;Choque - Veiculo parado na pista;1;3;;;;;1
13/12/2018;16:47:00;129;sem vítima;272;BR-116/SC;Sul;Colisão Lateral;1;4;;;;;1
14/12/2018;13:07:00;74;sem vítima;300;BR-116/SC;Norte;Colisão Lateral;2;2;;;;;1
14/12/2018;19:28:00;134;sem vítima;121;BR-116/PR;Sul;Colisão Lateral;1;2;;;;;1
15/12/2018;00:07:00;6;sem vítima;121,4;BR-116/PR;Norte;Colisão Traseira;1;2;;;;;1
16/12/2018;17:09:00;102;com vítima;74;BR-116/SC;Sul;Colisão Traseira;1;5;1;;;;1
17/12/2018;12:29:00;71;sem vítima;213,2;BR-116/SC;Sul;Colisão Traseira;1;3;;;;;1
17/12/2018;12:55:00;75;sem vítima;245;BR-116/SC;Sul;Colisão Transversal;1;4;;;;;1
18/12/2018;14:04:00;82;sem vítima;133,8;BR-116/PR;Norte;Colisão Lateral;1;1;;;;;1
18/12/2018;16:41:00;105;com vítima;175,8;BR-116/SC;Norte;Colisão Lateral;2;4;1;;;;1
20/12/2018;15:29:00;111;sem vítima;184,6;BR-116/SC;Norte;Colisão Lateral;1;2;;;;;1
21/12/2018;09:42:00;63;com vítima;106;BR-116/SC;Norte;Tombamento;1;1;1;;;;1
21/12/2018;14:51:00;100;sem vítima;228,4;BR-116/SC;Sul;Tombamento;1;1;;;;;1
21/12/2018;15:06:00;103;sem vítima;156,8;BR-116/SC;Sul;Choque - Defensa, barreira ou "submarino";1;1;;;;;1
22/12/2018;09:47:00;37;sem vítima;117;BR-116/PR;Norte;Colisão Traseira;1;2;;;;;1
27/12/2018;06:28:00;19;com vítima;305,5;BR-116/SC;Sul;Tombamento;1;0;;;;1;3
27/12/2018;16:36:00;99;sem vítima;62,15;BR-116/SC;Norte;Colisão Traseira;1;3;;;;;1
27/12/2018;16:45:00;102;sem vítima;188;BR-116/SC;Sul;Colisão Traseira;2;2;;;;;1
29/12/2018;16:38:00;80;com vítima;217;BR-116/SC;Norte;Colisão Frontal;1;2;;;1;;2
02/01/2019;12:22:00;58;sem vítima;249,7;BR-116/SC;Sul;Choque - Suporte de Sinalização;1;1;;;;;1
03/01/2019;10:02:00;46;sem vítima;117,8;BR-116/PR;Sul;Colisão Lateral;1;2;;;;;1
03/01/2019;15:30:00;87;sem vítima;107,9;BR-116/SC;Norte;Colisão Lateral;2;2;;;;;1
03/01/2019;15:43:00;91;com vítima;190,8;BR-116/SC;Norte;Tombamento;1;0;1;;;;1
03/01/2019;18:11:00;109;com vítima;174;BR-116/SC;Sul;Colisão Traseira;1;1;4;;;;1
04/01/2019;16:28:00;97;com vítima;143;BR-116/PR;Sul;Colisão Lateral;2;1;2;;;;1
08/01/2019;14:47:00;75;com vítima;117;BR-116/PR;Norte;Colisão Lateral;1;1;1;;;;1
10/01/2019;11:46:00;56;sem vítima;138;BR-116/PR;Sul;Outros;1;1;;;;;1
12/01/2019;20:10:00;78;sem vítima;122,3;BR-116/PR;Norte;Colisão Lateral;1;2;;;;;1
13/01/2019;10:45:00;27;sem vítima;205;BR-116/SC;Sul;Tombamento;1;1;;;;;1
14/01/2019;15:16:00;91;sem vítima;159,5;BR-116/PR;Norte;Tombamento;1;1;;;;;1
16/01/2019;04:32:00;17;sem vítima;123,3;BR-116/SC;Norte;Tombamento;1;1;;;;;1
16/01/2019;12:22:00;78;sem vítima;158;BR-116/SC;Norte;Colisão Traseira;1;2;;;;;1
18/01/2019;16:38:00;91;sem vítima;152;BR-116/PR;Norte;Colisão Transversal;1;4;;;;;1
18/01/2019;17:30:00;96;sem vítima;203;BR-116/PR;Norte;Colisão Traseira;1;5;;;;;1
21/01/2019;23:08:00;124;com vítima;158,8;BR-116/PR;Norte;Tombamento;1;0;;;1;;2
23/01/2019;06:06:00;31;sem vítima;180,9;BR-116/SC;Sul;Tombamento;1;1;;;;;1
23/01/2019;22:20:00;150;com vítima;219;BR-116/SC;Norte;Colisão Transversal;1;1;1;;;;1
24/01/2019;03:45:00;14;sem vítima;43;BR-116/SC;Sul;Saida de Pista;1;1;;;;;1
25/01/2019;22:19:00;134;sem vítima;93,5;BR-116/SC;Norte;Colisão Transversal;1;4;;;;;1
26/01/2019;18:35:00;100;sem vítima;152;BR-116/PR;Sul;Colisão Transversal;1;2;;;;;1
28/01/2019;16:56:00;101;com vítima;122;BR-116/PR;Sul;Colisão Traseira;1;2;8;;;;1
29/01/2019;19:02:00;122;sem vítima;81,6;BR-116/SC;Norte;Colisão Traseira;1;2;;;;;1
30/01/2019;10:26:00;55;sem vítima;156;BR-116/SC;Norte;Colisão Traseira;2;2;;;;;1
31/01/2019;01:45:00;14;sem vítima;238;BR-116/SC;Norte;Tombamento;1;1;;;;;1
31/01/2019;15:04:00;93;sem vítima;123,9;BR-116/SC;Norte;Colisão Lateral;1;2;;;;;1
31/01/2019;19:23:00;134;com vítima;308,75;BR-116/SC;Sul;Tombamento;1;0;;;1;;2
02/02/2019;06:51:00;17;sem vítima;180,9;BR-116/PR;Norte;Tombamento;1;1;;;;;1
02/02/2019;13:55:00;70;sem vítima;33;BR-116/SC;Sul;Colisão Traseira;2;2;;;;;1
02/02/2019;15:59:00;87;sem vítima;234,6;BR-116/SC;Norte;Tombamento;1;1;;;;;1
03/02/2019;18:25:00;83;sem vítima;113,5;BR-116/SC;Norte;Colisão Traseira;1;2;;;;;1
03/02/2019;19:41:00;92;sem vítima;233,6;BR-116/SC;Sul;Colisão Lateral;1;2;;;;;1
07/02/2019;09:38:00;38;sem vítima;9;BR-116/SC;Sul;Colisão Traseira;2;2;;;;;1
07/02/2019;15:37:00;76;com vítima;258,4;BR-116/SC;Norte;Colisão Frontal;1;0;1;;;1;3
07/02/2019;17:08:00;95;sem vítima;81,6;BR-116/SC;Sul;Colisão Traseira;1;1;;;;;1
09/02/2019;04:25:00;20;com vítima;142,2;BR-116/SC;Norte;Colisão Transversal;1;2;2;;;;1
09/02/2019;13:04:00;52;sem vítima;117,3;BR-116/PR;Sul;Colisão Lateral;1;3;;;;;1
09/02/2019;18:27:00;86;sem vítima;134;BR-116/PR;Sul;Colisão Traseira;1;2;;;;;1
10/02/2019;22:20:00;119;sem vítima;205;BR-116/PR;Norte;Colisão Lateral;1;3;;;;;1
11/02/2019;11:04:00;50;sem vítima;134,2;BR-116/PR;Norte;Colisão Lateral;1;2;;;;;1
11/02/2019;15:53:00;96;sem vítima;115;BR-116/PR;Norte;Colisão Traseira;2;2;;;;;1
11/02/2019;20:33:00;132;sem vítima;199;BR-116/PR;Sul;Colisão Lateral;1;2;;;;;1
12/02/2019;00:30:00;6;sem vítima;171;BR-116/SC;Norte;Tombamento;1;1;;;;;1
13/02/2019;11:56:00;62;sem vítima;186;BR-116/PR;Norte;Saida de Pista;1;1;;;;;1
13/02/2019;18:07:00;107;sem vítima;60,05;BR-116/SC;Sul;Colisão Traseira;2;2;;;;;1
15/02/2019;04:10:00;21;sem vítima;115;BR-116/SC;Norte;Choque - Defensa, barreira ou "submarino";1;1;;;;;1
16/02/2019;09:40:00;26;sem vítima;134;BR-116/PR;Sul;Colisão Traseira;1;2;;;;;1
17/02/2019;11:19:00;40;com vítima;130,8;BR-116/PR;Norte;Colisão Transversal;1;1;1;;;;1
18/02/2019;12:05:00;61;sem vítima;257,8;BR-116/SC;Sul;Colisão Traseira;1;3;;;;;1
18/02/2019;17:50:00;94;sem vítima;246;BR-116/SC;Sul;Colisão Transversal;1;5;;;;;1
19/02/2019;06:18:00;18;sem vítima;184;BR-116/PR;Sul;Tombamento;1;1;;;;;1
19/02/2019;06:59:00;20;com vítima;184;BR-116/PR;Norte;Colisão Lateral;4;3;3;;;;1
19/02/2019;20:15:00;117;sem vítima;226,1;BR-116/SC;Sul;Colisão Transversal;1;2;;;;;1
20/02/2019;18:37:00;121;com vítima;241;BR-116/SC;Sul;Colisão Frontal;1;1;1;;;;1
20/02/2019;20:27:00;130;com vítima;125,81;BR-116/PR;Sul;Choque - Veiculo parado na pista;1;2;;;;1;3
21/02/2019;22:29:00;120;com vítima;107,6;BR-116/SC;Norte;Choque - Talude;1;0;2;;;;1
22/02/2019;01:00:00;7;sem vítima;53,3;BR-116/SC;Norte;Choque - Arvore;1;1;;;;;1
22/02/2019;01:50:00;11;com vítima;105;BR-116/SC;Norte;Colisão Lateral;1;1;1;;;;1
22/02/2019;21:34:00;125;sem vítima;122,5;BR-116/SC;Sul;Colisão Traseira;2;2;;;;;1
23/02/2019;01:06:00;10;com vítima;31,7;BR-116/SC;Sul;Tombamento;2;2;1;;;;1
23/02/2019;05:56:00;20;sem vítima;256,1;BR-116/SC;Norte;Choque - Talude;1;1;;;;;1
24/02/2019;17:06:00;90;sem vítima;32,7;BR-116/SC;Sul;Colisão Traseira;2;2;;;;;1
25/02/2019;14:46:00;60;sem vítima;196;BR-116/PR;Norte;Saida de Pista;1;1;;;;;1
25/02/2019;20:24:00;97;sem vítima;122;BR-116/PR;Sul;Colisão Lateral;1;2;;;;;1
26/02/2019;15:02:00;65;sem vítima;211,2;BR-116/SC;Sul;Atropelamento - Ciclista;1;2;;;;;1
27/02/2019;15:00:00;89;sem vítima;82,1;BR-116/SC;Sul;Colisão Traseira;2;2;;;;;1
27/02/2019;15:18:00;93;sem vítima;203;BR-116/PR;Sul;Colisão Traseira;1;4;;;;;1
27/02/2019;16:32:00;97;com vítima;221,2;BR-116/SC;Norte;Colisão Transversal;1;1;2;;;;1
27/02/2019;17:37:00;103;sem vítima;235;BR-116/SC;Norte;Choque - Objeto sobre a pista;2;2;;;;;1
27/02/2019;19:34:00;117;com vítima;125;BR-116/SC;Sul;Colisão Transversal;1;1;1;;;;1
27/02/2019;21:51:00;125;com vítima;115;BR-116/SC;Norte;Tombamento;1;0;1;;;;1
28/02/2019;09:58:00;48;sem vítima;175;BR-116/PR;Sul;Choque - Veiculo parado na pista;2;2;;;;;1
28/02/2019;18:20:00;98;com vítima;151;BR-116/PR;Sul;Colisão Lateral;1;2;1;;;;1
28/02/2019;20:04:00;106;sem vítima;205;BR-116/PR;Norte;Colisão Transversal;2;2;;;;;1
02/03/2019;22:35:00;133;com vítima;125,1;BR-116/PR;Norte;Colisão Lateral;1;2;1;;;;1
04/03/2019;18:53:00;93;sem vítima;1,95;BR-116/SC;Norte;Colisão Traseira;1;2;;;;;1
05/03/2019;01:45:00;10;com vítima;115,7;BR-116/PR;Norte;Colisão Transversal;1;1;2;;;;1
06/03/2019;14:57:00;65;sem vítima;123,6;BR-116/PR;Sul;Colisão Traseira;1;2;;;;;1
06/03/2019;17:58:00;80;sem vítima;4,004;BR-116/SC;Norte;Colisão Lateral;1;2;;;;;1
07/03/2019;13:26:00;57;sem vítima;123,3;BR-116/PR;Sul;Saida de Pista;1;1;;;;;1
08/03/2019;07:31:00;23;com vítima;162,4;BR-116/SC;Norte;Tombamento;1;0;1;;;;1
08/03/2019;16:03:00;80;com vítima;193;BR-116/SC;Norte;Tombamento;1;2;;;1;;2
11/03/2019;10:01:00;47;sem vítima;203,9;BR-116/PR;Sul;Colisão Traseira;1;3;;;;;1
12/03/2019;08:35:00;32;com vítima;117,2;BR-116/PR;Sul;Colisão Traseira;1;1;1;;;;1
14/03/2019;21:56:00;137;sem vítima;193,1;BR-116/SC;Norte;Tombamento;1;1;;;;;1
15/03/2019;07:10:00;35;sem vítima;175,2;BR-116/SC;Sul;Tombamento;1;1;;;;;1
16/03/2019;18:02:00;67;com vítima;172,1;BR-116/PR;Sul;Colisão Traseira;2;2;2;;;;1
17/03/2019;06:08:00;17;sem vítima;227,06;BR-116/SC;Norte;Saida de Pista;1;1;;;;;1
17/03/2019;16:31:00;56;sem vítima;146;BR-116/PR;Norte;Colisão Lateral;1;3;;;;;1
18/03/2019;14:00:00;76;sem vítima;247,5;BR-116/SC;Norte;Colisão Traseira;2;2;;;;;1
18/03/2019;16:13:00;91;sem vítima;122,5;BR-116/PR;Sul;Colisão Lateral;1;2;;;;;1
19/03/2019;04:12:00;13;sem vítima;140;BR-116/PR;Sul;Choque - Elemento de Drenagem;1;2;;;;;1
19/03/2019;15:25:00;86;sem vítima;286,84;BR-116/SC;Sul;Tombamento;1;1;;;;;1
20/03/2019;22:41:00;149;sem vítima;124;BR-116/PR;Norte;Colisão Lateral;1;2;;;;;1
22/03/2019;19:48:00;117;sem vítima;134;BR-116/PR;Sul;Choque - Objeto sobre a pista;1;3;;;;;1
23/03/2019;02:33:00;10;sem vítima;122,55;BR-116/PR;Sul;Colisão Traseira;1;2;;;;;1
24/03/2019;11:32:00;50;sem vítima;2;BR-116/SC;Norte;Engavetamento;1;3;;;;;1
26/03/2019;01:17:00;9;sem vítima;157,5;BR-116/SC;Sul;Tombamento;1;1;;;;;1
26/03/2019;09:55:00;33;sem vítima;54;BR-116/SC;Sul;Colisão Transversal;1;2;;;;;1
26/03/2019;14:51:00;62;com vítima;152;BR-116/PR;Sul;Colisão Transversal;1;1;1;;1;;2
26/03/2019;22:56:00;97;sem vítima;66,05;BR-116/SC;Norte;Colisão Traseira;1;3;;;;;1
29/03/2019;21:11:00;117;sem vítima;118;BR-116/PR;Sul;Colisão Lateral;1;2;;;;;1
30/03/2019;08:47:00;37;sem vítima;181,8;BR-116/PR;Sul;Saida de Pista;1;1;;;;;1
31/03/2019;13:05:00;57;com vítima;308;BR-116/SC;Norte;Choque - Talude;1;1;1;;;;1
01/09/2019;01:36:00;11;sem vítima;197,7;BR-116/SC;Sul;Choque - Defensa, barreira ou "submarino";1;1;;;;;1
02/09/2019;08:06:00;28;com vítima;190,2;BR-116/SC;Sul;Colisão Lateral;1;3;1;;;;1
02/09/2019;15:55:00;70;com vítima;117,8;BR-116/SC;Sul;Tombamento;2;1;1;;;;1
02/09/2019;21:20:00;95;sem vítima;114;BR-116/SC;Sul;Colisão Traseira;2;2;;;;;1
04/09/2019;14:26:00;62;com vítima;309;BR-116/SC;Norte;Tombamento;1;0;1;;;;1
05/09/2019;06:57:00;20;sem vítima;122;BR-116/PR;Norte;Colisão Lateral;1;2;;;;;1
05/09/2019;23:14:00;87;com vítima;147,8;BR-116/PR;Norte;Choque - Suporte de Sinalização;1;0;1;;;;1
06/09/2019;08:49:00;27;sem vítima;258,1;BR-116/SC;Sul;Colisão Lateral;1;3;;;;;1
06/09/2019;21:39:00;81;com vítima;146,5;BR-116/SC;Norte;Saida de Pista;1;0;1;;;;1