data;horario;n_da_ocorrencia;tipo_de_ocorrencia;km;trecho;sentido;tipo_de_acidente;caminhao;ilesos;levemente_feridos;moderadamente_feridos;gravemente_feridos;mortos;3
09/09/2019;14:20:00;63;sem vítima;128,7;BR-116/PR;Sul;Choque - Defensa, barreira ou "submarino";1;1;;;;;1
10/09/2019;10:46:00;54;sem vítima;120,8;BR-116/PR;Norte;Colisão Lateral;1;3;;;;;1
10/09/2019;12:30:00;62;sem vítima;174;BR-116/PR;Sul;Colisão Lateral;1;2;;;;;1
11/09/2019;07:34:00;22;sem vítima;117,6;BR-116/PR;Norte;Tombamento;1;1;;;;;1
11/09/2019;16:46:00;90;sem vítima;254;BR-116/SC;Norte;Colisão Traseira;1;2;;;;;1
12/09/2019;12:26:00;72;com vítima;48,3;BR-116/SC;Norte;Tombamento;2;1;1;;;;1
12/09/2019;13:16:00;75;sem vítima;126;BR-116/PR;Sul;Colisão Traseira;1;2;;;;;1
14/09/2019;11:49:00;42;com vítima;167,7;BR-116/PR;Sul;Colisão Lateral;1;1;1;;;;1
14/09/2019;15:06:00;60;sem vítima;55;BR-116/SC;Sul;Colisão Lateral;2;2;;;;;1
14/09/2019;17:31:00;76;com vítima;182,5;BR-116/SC;Norte;Engavetamento;1;2;2;;;;1
17/09/2019;02:35:00;14;sem vítima;261,95;BR-116/SC;Sul;Capotamento;1;1;;;;;1
17/09/2019;09:52:00;40;sem vítima;118;BR-116/PR;Norte;Colisão Lateral;1;2;;;;;1
19/09/2019;16:03:00;69;sem vítima;93,9;BR-116/SC;Norte;Saida de Pista;1;1;;;;;1
20/09/2019;23:51:00;103;sem vítima;207,8;BR-116/SC;Sul;Tombamento;1;1;;;;;1
21/09/2019;19:45:00;114;com vítima;248;BR-116/SC;Sul;Colisão Frontal;1;3;1;;;;1
24/09/2019;05:49:00;26;com vítima;155;BR-116/SC;Sul;Choque - Defensa, barreira ou "submarino";1;0;1;;;;1
24/09/2019;10:48:00;55;sem vítima;115,001;BR-116/SC;Sul;Colisão Traseira;1;1;;;;;1
24/09/2019;20:19:00;96;com vítima;232,7;BR-116/SC;Norte;Colisão Frontal;1;1;1;;1;1;3
25/09/2019;19:37:00;100;sem vítima;122,675;BR-116/PR;Sul;Colisão Lateral;1;2;;;;;1
26/09/2019;11:29:00;58;sem vítima;134,4;BR-116/PR;Norte;Colisão Traseira;1;2;;;;;1
26/09/2019;15:20:00;81;sem vítima;118;BR-116/PR;Sul;Colisão Lateral;1;2;;;;;1
30/09/2019;11:57:00;52;com vítima;139;BR-116/SC;Norte;Colisão Frontal;1;1;;;1;;2
02/08/2019;14:38:00;51;sem vítima;12;BR-116/SC;Sul;Colisão Transversal;1;3;;;;;1
03/08/2019;13:20:00;58;sem vítima;256,8;BR-116/SC;Sul;Saida de Pista;1;1;;;;;1
03/08/2019;21:54:00;100;sem vítima;121;BR-116/SC;Norte;Colisão Traseira;1;3;;;;;1
05/08/2019;14:47:00;72;com vítima;253,76;BR-116/SC;Sul;Colisão Traseira;1;2;1;;;;1
06/08/2019;14:32:00;59;com vítima;119,3;BR-116/PR;Sul;Engavetamento;2;4;2;;;;1
06/08/2019;16:44:00;70;sem vítima;160,4;BR-116/PR;Norte;Choque - Talude;1;1;;;;;1
07/08/2019;10:54:00;53;sem vítima;84;BR-116/SC;Norte;Colisão Lateral;1;2;;;;;1
07/08/2019;13:37:00;76;sem vítima;176,5;BR-116/PR;Sul;Colisão Transversal;2;2;;;;;1
07/08/2019;14:40:00;80;sem vítima;4,5;BR-116/SC;Sul;Tombamento;1;1;;;;;1
15/08/2019;18:56:00;87;sem vítima;118;BR-116/PR;Sul;Colisão Lateral;1;2;;;;;1
17/08/2019;14:16:00;46;com vítima;4,9;BR-116/SC;Norte;Colisão Frontal;1;3;1;;;;1
17/08/2019;15:58:00;54;sem vítima;221,6;BR-116/SC;Sul;Colisão Transversal;1;2;;;;;1
18/08/2019;18:50:00;61;sem vítima;210,8;BR-116/PR;Norte;Colisão Transversal;1;5;;;;;1
19/08/2019;00:44:00;7;com vítima;39;BR-116/SC;Sul;Saida de Pista;1;0;1;;;;1
19/08/2019;14:13:00;60;sem vítima;86,6;BR-116/SC;Sul;Colisão Lateral;1;2;;;;;1
19/08/2019;19:09:00;85;com vítima;152;BR-116/PR;Sul;Colisão Traseira;1;1;1;;;;1
19/08/2019;20:21:00;89;sem vítima;233,7;BR-116/SC;Sul;Tombamento;1;1;;;;;1
20/08/2019;18:37:00;98;com vítima;245,6;BR-116/SC;Norte;Colisão Traseira;2;1;1;;;;1
21/08/2019;14:02:00;62;sem vítima;185;BR-116/SC;Norte;Colisão Lateral;2;2;;;;;1
21/08/2019;22:17:00;106;sem vítima;126,1;BR-116/PR;Norte;Colisão Lateral;1;3;;;;;1
22/08/2019;11:21:00;53;sem vítima;124;BR-116/PR;Norte;Colisão Traseira;2;2;;;;;1
22/08/2019;16:04:00;83;sem vítima;205;BR-116/PR;Sul;Colisão Transversal;1;2;;;;;1
24/08/2019;16:06:00;56;sem vítima;239;BR-116/SC;Norte;Colisão Transversal;1;2;;;;;1
24/08/2019;19:09:00;71;com vítima;166,6;BR-116/SC;Sul;Colisão Transversal;1;1;1;;;;1
24/08/2019;21:09:00;86;sem vítima;12;BR-116/SC;Sul;Colisão Transversal;1;2;;;;;1
26/08/2019;07:19:00;30;sem vítima;169,25;BR-116/SC;Sul;Tombamento;1;1;;;;;1
26/08/2019;10:58:00;55;sem vítima;140,6;BR-116/SC;Sul;Tombamento;1;1;;;;;1
28/08/2019;14:19:00;52;com vítima;118,219;BR-116/PR;Sul;Atropelamento - Ciclista;1;1;;;;1;3
28/08/2019;20:09:00;90;sem vítima;258,9;BR-116/SC;Sul;Colisão Traseira;1;7;;;;;1
28/08/2019;20:41:00;95;sem vítima;124;BR-116/SC;Norte;Colisão Lateral;1;2;;;;;1
29/08/2019;08:10:00;32;sem vítima;115,8;BR-116/PR;Norte;Colisão Traseira;1;2;;;;;1
02/07/2019;15:33:00;57;sem vítima;119;BR-116/PR;Sul;Colisão Lateral;1;4;;;;;1
03/07/2019;11:31:00;64;sem vítima;121,5;BR-116/PR;Sul;Colisão Lateral;1;3;;;;;1
04/07/2019;16:02:00;68;sem vítima;239;BR-116/SC;Norte;Colisão Transversal;1;2;;;;;1
08/07/2019;06:42:00;29;com vítima;121,9;BR-116/PR;Norte;Colisão Traseira;1;1;1;;;;1
08/07/2019;08:35:00;43;sem vítima;122,7;BR-116/PR;Norte;Colisão Lateral;1;2;;;;;1
11/07/2019;16:03:00;76;sem vítima;120,24;BR-116/PR;Sul;Tombamento;1;1;;;;;1
11/07/2019;19:46:00;102;sem vítima;153;BR-116/PR;Norte;Colisão Traseira;2;2;;;;;1
12/07/2019;08:53:00;32;sem vítima;118,8;BR-116/PR;Norte;Colisão Traseira;2;2;;;;;1
12/07/2019;14:36:00;79;sem vítima;121,3;BR-116/PR;Sul;Choque - Defensa, barreira ou "submarino";1;1;;;;;1
13/07/2019;09:29:00;33;sem vítima;245;BR-116/SC;Sul;Colisão Transversal;1;2;;;;;1
13/07/2019;12:45:00;56;com vítima;195,9;BR-116/PR;Norte;Colisão Traseira;1;1;1;;;;1
15/07/2019;10:03:00;27;com vítima;124,4;BR-116/PR;Sul;Choque - Veiculo parado na pista;1;1;1;;;;1
15/07/2019;11:32:00;42;sem vítima;144;BR-116/PR;Norte;Colisão Traseira;1;2;;;;;1
16/07/2019;10:28:00;50;sem vítima;193;BR-116/PR;Norte;Colisão Traseira;2;7;;;;;1
16/07/2019;18:35:00;95;sem vítima;63;BR-116/SC;Sul;Tombamento;1;1;;;;;1
19/07/2019;13:53:00;66;sem vítima;245,3;BR-116/SC;Sul;Colisão Traseira;1;2;;;;;1
19/07/2019;20:53:00;108;sem vítima;245;BR-116/SC;Norte;Colisão Lateral;1;3;;;;;1
22/07/2019;15:42:00;82;sem vítima;111;BR-116/SC;Sul;Colisão Lateral;1;5;;;;;1
23/07/2019;09:40:00;36;com vítima;23;BR-116/SC;Sul;Tombamento;1;1;1;;;;1
23/07/2019;11:42:00;45;sem vítima;118;BR-116/PR;Sul;Colisão Traseira;2;4;;;;;1
25/07/2019;11:55:00;58;com vítima;262,05;BR-116/SC;Norte;Saida de Pista;1;1;1;;;;1
26/07/2019;19:26:00;110;com vítima;153,8;BR-116/PR;Norte;Colisão Traseira;1;1;1;;;;1
31/07/2019;21:09:00;102;sem vítima;166,85;BR-116/PR;Norte;Tombamento;1;1;;;;;1
01/04/2019;18:36:00;110;sem vítima;114;BR-116/SC;Sul;Colisão Lateral;1;2;;;;;1
02/04/2019;20:49:00;106;sem vítima;204;BR-116/SC;Norte;Colisão Lateral;2;2;;;;;1
03/04/2019;10:00:00;50;sem vítima;54;BR-116/SC;Norte;Colisão Transversal;1;2;;;;;1
04/04/2019;11:44:00;53;sem vítima;130;BR-116/PR;Norte;Colisão Traseira;1;4;;;;;1
04/04/2019;15:02:00;75;com vítima;152,25;BR-116/PR;Norte;Colisão Transversal;1;1;1;;;;1
07/04/2019;05:38:00;23;com vítima;107,2;BR-116/SC;Norte;Tombamento;1;0;1;;;;1
10/04/2019;06:46:00;17;com vítima;211,32;BR-116/SC;Sul;Tombamento;1;1;2;;;;1
10/04/2019;14:31:00;76;sem vítima;117;BR-116/PR;Norte;Colisão Traseira;1;2;;;;;1
10/04/2019;18:25:00;106;sem vítima;175;BR-116/SC;Sul;Choque - Defensa, barreira ou "submarino";1;1;;;;;1
10/04/2019;19:51:00;110;sem vítima;211,7;BR-116/SC;Norte;Colisão Traseira;2;2;;;;;1
10/04/2019;20:15:00;114;sem vítima;211,7;BR-116/SC;Norte;Colisão Traseira;2;2;;;;;1
11/04/2019;14:36:00;80;com vítima;126;BR-116/PR;Norte;Choque - Veiculo parado na pista;2;0;2;;;;1
11/04/2019;14:45:00;81;sem vítima;126,2;BR-116/PR;Norte;Choque - Veiculo parado na pista;1;3;;;;;1
12/04/2019;11:43:00;71;sem vítima;160;BR-116/PR;Norte;Colisão Lateral;1;2;;;;;1
14/04/2019;06:33:00;26;com vítima;196;BR-116/SC;Norte;Colisão Traseira;1;1;1;;;;1
14/04/2019;12:13:00;53;com vítima;154,9;BR-116/SC;Norte;Tombamento;1;0;2;;;;1
14/04/2019;12:59:00;57;sem vítima;148,5;BR-116/SC;Norte;Outros;1;2;;;;;1
14/04/2019;13:48:00;61;com vítima;130;BR-116/PR;Sul;Colisão Frontal;1;2;;;2;;2
16/04/2019;11:23:00;54;sem vítima;208,9;BR-116/PR;Norte;Choque - Elemento de Drenagem;1;2;;;;;1
16/04/2019;17:16:00;74;com vítima;177,4;BR-116/SC;Sul;Colisão Lateral;1;1;2;;;;1
17/04/2019;07:14:00;28;com vítima;162;BR-116/SC;Norte;Tombamento;1;0;1;;;;1
19/04/2019;04:01:00;17;sem vítima;126,3;BR-116/PR;Sul;Colisão Lateral;1;2;;;;;1
20/04/2019;09:25:00;35;sem vítima;192;BR-116/PR;Sul;Colisão Lateral;1;2;;;;;1
21/04/2019;11:20:00;36;sem vítima;294;BR-116/SC;Norte;Colisão Traseira;1;5;;;;;1
22/04/2019;06:25:00;19;com vítima;226,75;BR-116/SC;Sul;Colisão Lateral;1;3;1;;;;1
23/04/2019;07:46:00;24;sem vítima;81;BR-116/SC;Norte;Colisão Traseira;1;2;;;;;1
24/04/2019;07:03:00;26;sem vítima;122;BR-116/PR;Norte;Colisão Traseira;2;2;;;;;1
24/04/2019;16:58:00;98;sem vítima;200,1;BR-116/PR;Sul;Colisão Lateral;1;2;;;;;1
26/04/2019;15:44:00;79;sem vítima;37,4;BR-116/SC;Norte;Colisão Traseira;3;4;;;;;1
26/04/2019;22:52:00;118;com vítima;189,83;BR-116/PR;Sul;Colisão Frontal;1;1;;;;1;3
27/04/2019;00:56:00;13;sem vítima;136;BR-116/SC;Sul;Colisão Traseira;1;3;;;;;1
27/04/2019;09:04:00;29;com vítima;23,4;BR-116/SC;Norte;Colisão Transversal;1;1;;;1;;2
28/04/2019;05:21:00;15;com vítima;151,3;BR-116/PR;Norte;Colisão Frontal;1;3;;;;2;3
29/04/2019;19:15:00;116;sem vítima;116;BR-116/PR;Sul;Engavetamento;1;4;;;;;1
30/04/2019;08:23:00;33;com vítima;236;BR-116/SC;Sul;Colisão Lateral;1;1;1;;;;1
01/06/2019;21:24:00;104;sem vítima;241;BR-116/SC;Norte;Atropelamento de Animal;1;1;;;;;1
02/06/2019;21:10:00;113;sem vítima;193;BR-116/PR;Norte;Colisão Traseira;2;2;;;;;1
03/06/2019;12:34:00;57;sem vítima;217;BR-116/SC;Norte;Choque - Veiculo parado no acostamento;1;2;;;;;1
03/06/2019;14:50:00;68;com vítima;185,5;BR-116/SC;Norte;Colisão Lateral;1;1;;;1;;2
04/06/2019;13:56:00;66;sem vítima;68;BR-116/SC;Sul;Colisão Traseira;2;3;;;;;1
04/06/2019;15:26:00;76;sem vítima;118,4;BR-116/PR;Sul;Colisão Transversal;1;2;;;;;1
06/06/2019;10:23:00;54;sem vítima;247;BR-116/SC;Sul;Colisão Transversal;1;2;;;;;1
06/06/2019;14:53:00;94;sem vítima;189;BR-116/PR;Sul;Colisão Transversal;1;2;;;;;1
06/06/2019;15:17:00;99;sem vítima;134,4;BR-116/PR;Sul;Choque - Defensa, barreira ou "submarino";1;1;;;;;1
06/06/2019;20:28:00;130;sem vítima;116,3;BR-116/PR;Norte;Tombamento;1;1;;;;;1
07/06/2019;10:36:00;54;sem vítima;163;BR-116/PR;Norte;Colisão Traseira;1;2;;;;;1
07/06/2019;10:53:00;58;sem vítima;185,6;BR-116/PR;Sul;Colisão Traseira;1;2;;;;;1
07/06/2019;15:49:00;92;com vítima;154,05;BR-116/SC;Sul;Tombamento;1;1;1;;;;1
07/06/2019;16:20:00;96;com vítima;3,9;BR-116/SC;Norte;Colisão Lateral;1;2;1;;;;1
09/06/2019;10:05:00;45;sem vítima;53,35;BR-116/SC;Sul;Choque - Talude;1;1;;;;;1
10/06/2019;18:55:00;118;sem vítima;114;BR-116/SC;Sul;Colisão Traseira;1;2;;;;;1
11/06/2019;11:28:00;51;sem vítima;233;BR-116/SC;Sul;Colisão Lateral;1;2;;;;;1
11/06/2019;15:14:00;73;sem vítima;8,8;BR-116/SC;Sul;Colisão Lateral;1;2;;;;;1
12/06/2019;07:07:00;22;com vítima;126;BR-116/PR;Sul;Colisão Transversal;1;1;3;;;;1
13/06/2019;06:44:00;20;com vítima;113,946;BR-116/SC;Sul;Engavetamento;3;1;2;;2;1;3
14/06/2019;05:51:00;18;com vítima;183,15;BR-116/SC;Norte;Colisão Frontal;1;1;2;;;;1
14/06/2019;07:51:00;24;sem vítima;152,4;BR-116/PR;Sul;Colisão Transversal;1;2;;;;;1
19/06/2019;10:38:00;30;sem vítima;5;BR-116/SC;Sul;Colisão Transversal;1;2;;;;;1
20/06/2019;01:26:00;12;sem vítima;115;BR-116/PR;Norte;Colisão Lateral;1;2;;;;;1
20/06/2019;06:32:00;22;sem vítima;90;BR-116/SC;Norte;Colisão Transversal;1;2;;;;;1
20/06/2019;10:58:00;43;sem vítima;120,35;BR-116/SC;Sul;Tombamento;1;1;;;;;1
22/06/2019;22:57:00;95;sem vítima;297,3;BR-116/SC;Norte;Atropelamento de Animal;1;1;;;;;1
24/06/2019;13:00:00;58;sem vítima;117;BR-116/PR;Sul;Engavetamento;2;12;;;;;1
25/06/2019;20:07:00;111;com vítima;109;BR-116/SC;Sul;Colisão Traseira;2;1;;;1;;2
26/06/2019;07:58:00;21;com vítima;121,6;BR-116/PR;Norte;Colisão Lateral;1;3;2;;;;1
26/06/2019;20:23:00;91;com vítima;149,7;BR-116/SC;Norte;Colisão Traseira;1;1;1;;;;1
27/06/2019;13:16:00;59;com vítima;153;BR-116/PR;Norte;Colisão Traseira;1;29;2;;;;1
28/06/2019;06:44:00;21;sem vítima;117,5;BR-116/PR;Sul;Choque - Veiculo parado na pista;1;2;;;;;1
28/06/2019;12:14:00;46;sem vítima;233;BR-116/SC;Sul;Colisão Transversal;1;2;;;;;1
29/06/2019;19:24:00;112;sem vítima;117;BR-116/PR;Sul;Colisão Traseira;1;2;;;;;1
30/06/2019;21:40:00;91;com vítima;169;BR-116/SC;Norte;Colisão Transversal;1;1;;;1;;2
01/05/2019;18:58:00;64;sem vítima;53,3;BR-116/SC;Sul;Outros;1;1;;;;;1
01/05/2019;19:09:00;67;sem vítima;157,1;BR-116/SC;Norte;Colisão Lateral;1;3;;;;;1
02/05/2019;20:01:00;118;com vítima;135;BR-116/PR;Norte;Colisão Traseira;1;1;1;;;;1
02/05/2019;20:37:00;121;com vítima;126;BR-116/PR;Norte;Colisão Lateral;1;3;1;;;;1
03/05/2019;23:59:00;127;com vítima;275,1;BR-116/SC;Norte;Colisão Lateral;1;1;;;;1;3
04/05/2019;05:48:00;26;sem vítima;107,8;BR-116/SC;Norte;Colisão Lateral;2;2;;;;;1
05/05/2019;04:23:00;19;sem vítima;150,4;BR-116/SC;Norte;Saida de Pista;1;1;;;;;1
05/05/2019;16:20:00;66;sem vítima;46,3;BR-116/SC;Sul;Colisão Traseira;1;2;;;;;1
06/05/2019;14:43:00;57;com vítima;205,9;BR-116/PR;Norte;Colisão Transversal;1;1;;;1;1;3
07/05/2019;05:17:00;19;sem vítima;94,7;BR-116/SC;Sul;Choque - Talude;1;1;;;;;1
07/05/2019;18:34:00;109;sem vítima;121;BR-116/PR;Sul;Colisão Traseira;1;4;;;;;1
08/05/2019;16:04:00;79;sem vítima;105,6;BR-116/SC;Norte;Colisão Frontal;4;5;;;;;1
08/05/2019;18:00:00;101;sem vítima;115,5;BR-116/PR;Sul;Colisão Lateral;1;2;;;;;1
10/05/2019;08:42:00;34;sem vítima;135,7;BR-116/PR;Sul;Colisão Traseira;1;3;;;;;1
10/05/2019;17:47:00;103;sem vítima;208;BR-116/SC;Norte;Colisão Frontal;1;1;;;;;1
11/05/2019;06:52:00;26;com vítima;116,5;BR-116/PR;Sul;Colisão Lateral;1;1;2;;;;1
13/05/2019;07:00:00;35;sem vítima;116,8;BR-116/PR;Norte;Colisão Traseira;1;4;;;;;1
14/05/2019;13:23:00;55;sem vítima;23;BR-116/SC;Norte;Saida de Pista;1;1;;;;;1
14/05/2019;14:49:00;69;com vítima;132;BR-116/PR;Norte;Tombamento;1;0;1;;;;1
15/05/2019;13:48:00;70;sem vítima;117;BR-116/PR;Norte;Colisão Lateral;1;6;;;;;1
15/05/2019;14:12:00;79;com vítima;69;BR-116/SC;Sul;Tombamento;1;0;1;;;;1
15/05/2019;23:33:00;140;com vítima;161,416;BR-116/PR;Sul;Colisão Lateral;1;2;1;;;;1
16/05/2019;08:48:00;28;sem vítima;73,2;BR-116/SC;Norte;Choque - Defensa, barreira ou "submarino";1;1;;;;;1
16/05/2019;09:41:00;36;sem vítima;296,2;BR-116/SC;Norte;Colisão Lateral;1;3;;;;;1
17/05/2019;14:39:00;81;sem vítima;142,5;BR-116/SC;Sul;Tombamento;1;1;;;;;1
18/05/2019;12:35:00;47;sem vítima;23,5;BR-116/SC;Sul;Colisão Transversal;1;2;;;;;1
21/05/2019;14:43:00;67;com vítima;247,9;BR-116/SC;Sul;Colisão Traseira;1;2;1;;;;1
21/05/2019;17:03:00;81;sem vítima;5,5;BR-116/SC;Norte;Tombamento;1;1;;;;;1
22/05/2019;07:16:00;29;com vítima;305,6;BR-116/SC;Norte;Colisão Frontal;2;1;;;;1;3
22/05/2019;20:41:00;104;sem vítima;155;BR-116/PR;Norte;Colisão Lateral;1;28;;;;;1
24/05/2019;10:39:00;43;sem vítima;148,7;BR-116/PR;Sul;Colisão Lateral;1;2;;;;;1
25/05/2019;17:47:00;93;sem vítima;268;BR-116/SC;Sul;Colisão Transversal;1;3;;;;;1
26/05/2019;06:53:00;21;sem vítima;206;BR-116/SC;Sul;Tombamento;1;1;;;;;1
27/05/2019;13:32:00;73;com vítima;149,8;BR-116/PR;Norte;Tombamento;1;0;4;;;;1
30/05/2019;07:14:00;31;com vítima;116,1;BR-116/PR;Norte;Choque - Veiculo parado na pista;1;1;1;;;;1
30/05/2019;11:30:00;49;sem vítima;64,5;BR-116/SC;Sul;Colisão Traseira;2;2;;;;;1
30/05/2019;18:00:00;89;sem vítima;135;BR-116/PR;Sul;Colisão Transversal;1;2;;;;;1
31/05/2019;16:23:00;97;sem vítima;152;BR-116/SC;Sul;Colisão Traseira;1;2;;;;;1
02/10/2019;15:11:00;74;com vítima;86;BR-116/SC;Norte;Colisão Transversal;1;1;;;1;;2
03/10/2019;15:24:00;74;sem vítima;124,04;BR-116/PR;Norte;Choque - Defensa, barreira ou "submarino";1;1;;;;;1
04/10/2019;07:13:00;31;sem vítima;122;BR-116/PR;Norte;Colisão Lateral;1;2;;;;;1
04/10/2019;10:02:00;50;com vítima;223,3;BR-116/SC;Sul;Colisão Transversal;1;1;1;;;;1
05/10/2019;12:11:00;50;sem vítima;125,8;BR-116/PR;Sul;Colisão Lateral;1;2;;;;;1
06/10/2019;08:46:00;16;com vítima;71,6;BR-116/SC;Sul;Colisão Lateral;1;2;1;;;;1
07/10/2019;18:58:00;109;com vítima;163,09;BR-116/PR;Sul;Choque - Outros;1;1;1;;;;1
07/10/2019;19:39:00;117;sem vítima;118;BR-116/PR;Sul;Colisão Lateral;1;2;;;;;1
09/10/2019;20:39:00;121;sem vítima;119;BR-116/PR;Sul;Engavetamento;1;3;;;;;1
09/10/2019;21:27:00;123;sem vítima;144,5;BR-116/PR;Norte;Colisão Traseira;1;2;;;;;1
10/10/2019;06:30:00;19;sem vítima;267,1;BR-116/SC;Sul;Colisão Transversal;1;2;;;;;1
10/10/2019;15:21:00;64;sem vítima;204;BR-116/PR;Norte;Colisão Lateral;1;2;;;;;1
10/10/2019;20:17:00;94;sem vítima;152;BR-116/SC;Sul;Colisão Traseira;1;1;;;;;1
10/10/2019;20:59:00;96;sem vítima;275;BR-116/SC;Norte;Colisão Transversal;1;2;;;;;1
11/10/2019;07:47:00;29;sem vítima;209,3;BR-116/PR;Sul;Colisão Traseira;1;2;;;;;1
11/10/2019;07:58:00;30;sem vítima;115;BR-116/PR;Norte;Colisão Lateral;1;2;;;;;1
14/10/2019;16:22:00;88;sem vítima;258,7;BR-116/SC;Sul;Choque - Defensa, barreira ou "submarino";1;1;;;;;1
16/10/2019;01:59:00;12;sem vítima;161;BR-116/SC;Norte;Choque - Elemento de Drenagem;1;1;;;;;1
17/10/2019;19:23:00;86;com vítima;69,9;BR-116/SC;Norte;Atropelamento - Ambulante;1;3;;;;1;3
19/10/2019;04:00:00;12;sem vítima;142,5;BR-116/SC;Sul;Colisão Lateral;1;3;;;;;1
19/10/2019;18:28:00;84;com vítima;251,5;BR-116/SC;Sul;Colisão Transversal;1;1;2;;;;1
19/10/2019;22:29:00;98;sem vítima;137;BR-116/PR;Sul;Colisão Lateral;1;2;;;;;1
20/10/2019;01:21:00;9;sem vítima;131;BR-116/PR;Sul;Colisão Traseira;1;2;;;;;1
21/10/2019;03:57:00;10;sem vítima;305;BR-116/SC;Sul;Choque - Defensa, barreira ou "submarino";1;1;;;;;1
21/10/2019;06:00:00;16;com vítima;122,001;BR-116/PR;Sul;Colisão Traseira;1;1;1;;;;1
21/10/2019;09:53:00;26;sem vítima;121;BR-116/PR;Norte;Choque - Defensa, barreira ou "submarino";1;1;;;;;1
21/10/2019;10:47:00;31;com vítima;187,4;BR-116/SC;Sul;Colisão Frontal;1;1;1;;1;;2
21/10/2019;11:19:00;35;sem vítima;208,9;BR-116/SC;Norte;Tombamento;1;1;;;;;1
22/10/2019;22:23:00;121;sem vítima;125;BR-116/PR;Norte;Engavetamento;1;3;;;;;1
24/10/2019;17:37:00;114;com vítima;12,3;BR-116/SC;Sul;Colisão Transversal;1;1;;;1;;2
24/10/2019;21:26:00;135;com vítima;126,7;BR-116/PR;Norte;Colisão Transversal;1;3;2;;;;1
25/10/2019;09:44:00;45;sem vítima;275,7;BR-116/SC;Norte;Colisão Transversal;1;2;;;;;1
26/10/2019;02:58:00;12;com vítima;108,6;BR-116/SC;Sul;Colisão Frontal;1;1;;;3;;2
26/10/2019;06:44:00;23;sem vítima;139;BR-116/SC;Sul;Colisão Lateral;1;2;;;;;1
26/10/2019;16:07:00;78;com vítima;37,3;BR-116/SC;Norte;Colisão Traseira;1;1;;;1;;2
29/10/2019;18:26:00;88;sem vítima;20,15;BR-116/SC;Sul;Capotamento;1;2;;;;;1
30/10/2019;22:40:00;107;sem vítima;163,9;BR-116/SC;Norte;Choque - Defensa, barreira ou "submarino";1;1;;;;;1
31/10/2019;20:22:00;92;sem vítima;134,4;BR-116/PR;Norte;Colisão Traseira;1;4;;;;;1
01/11/2019;10:31:00;38;com vítima;69;BR-116/SC;Sul;Colisão Lateral;1;1;;;1;;2
02/11/2019;19:36:00;90;sem vítima;190,3;BR-116/SC;Sul;Tombamento;1;1;;;;;1
04/11/2019;10:41:00;50;com vítima;119,1;BR-116/PR;Sul;Colisão Lateral;1;1;1;;;;1
04/11/2019;18:02:00;93;sem vítima;135;BR-116/PR;Sul;Colisão Lateral;2;2;;;;;1
05/11/2019;09:31:00;42;sem vítima;86,3;BR-116/SC;Norte;Colisão Lateral;1;2;;;;;1
06/11/2019;03:27:00;11;sem vítima;211,7;BR-116/SC;Sul;Tombamento;1;1;;;;;1
07/11/2019;01:42:00;17;sem vítima;128;BR-116/PR;Sul;Colisão Lateral;1;2;;;;;1
08/11/2019;17:36:00;82;sem vítima;124;BR-116/PR;Sul;Colisão Lateral;1;2;;;;;1
11/11/2019;12:32:00;77;sem vítima;126;BR-116/PR;Norte;Engavetamento;1;4;;;;;1
12/11/2019;12:28:00;72;com vítima;83;BR-116/SC;Sul;Colisão Transversal;1;2;1;;;;1
12/11/2019;12:44:00;74;com vítima;205;BR-116/SC;Sul;Choque - Defensa, barreira ou "submarino";1;0;1;;;;1
14/11/2019;08:36:00;30;sem vítima;106,3;BR-116/SC;Norte;Colisão Traseira;1;4;;;;;1
14/11/2019;10:28:00;45;sem vítima;283,15;BR-116/SC;Sul;Tombamento;1;1;;;;;1
14/11/2019;10:46:00;47;sem vítima;201,85;BR-116/SC;Norte;Saida de Pista;1;1;;;;;1
14/11/2019;15:45:00;70;sem vítima;148,8;BR-116/SC;Sul;Tombamento;1;1;;;;;1
15/11/2019;05:50:00;12;sem vítima;118,15;BR-116/PR;Sul;Colisão Traseira;1;4;;;;;1
15/11/2019;15:22:00;57;sem vítima;134,4;BR-116/PR;Norte;Choque - Defensa, barreira ou "submarino";1;1;;;;;1
16/11/2019;17:35:00;73;sem vítima;137,4;BR-116/SC;Sul;Colisão Traseira;1;2;;;;;1
16/11/2019;18:56:00;81;sem vítima;237,6;BR-116/SC;Norte;Tombamento;1;1;;;;;1
17/11/2019;17:22:00;65;sem vítima;237;BR-116/SC;Norte;Colisão Lateral;1;2;;;;;1
24/11/2019;00:55:00;6;sem vítima;74;BR-116/SC;Sul;Saida de Pista;1;2;;;;;1
25/11/2019;19:35:00;81;sem vítima;204;BR-116/PR;Norte;Colisão Traseira;2;2;;;;;1
26/11/2019;16:00:00;68;sem vítima;126;BR-116/PR;Sul;Colisão Traseira;1;2;;;;;1
26/11/2019;16:31:00;71;sem vítima;245,6;BR-116/SC;Sul;Tombamento;1;1;;;;;1
26/11/2019;16:38:00;72;sem vítima;181,4;BR-116/SC;Norte;Tombamento;1;1;;;;;1
26/11/2019;20:06:00;93;com vítima;143,5;BR-116/PR;Sul;Colisão Frontal;1;1;1;;;;1
28/11/2019;09:16:00;30;sem vítima;208,1;BR-116/PR;Norte;Choque - Outros;1;1;;;;;1
28/11/2019;15:30:00;64;sem vítima;204,3;BR-116/SC;Sul;Colisão Lateral;1;2;;;;;1
29/11/2019;23:11:00;100;sem vítima;36,15;BR-116/SC;Sul;Colisão Traseira;2;2;;;;;1
01/12/2019;17:09:00;66;sem vítima;12,2;BR-116/SC;Norte;Colisão Transversal;1;3;;;;;1
02/12/2019;07:35:00;19;com vítima;125,8;BR-116/PR;Norte;Colisão Lateral;1;2;1;;;;1
04/12/2019;05:05:00;12;sem vítima;2;BR-116/SC;Sul;Colisão Traseira;1;2;;;;;1