data;horario;n_da_ocorrencia;tipo_de_ocorrencia;km;trecho;sentido;tipo_de_acidente;caminhao;ilesos;levemente_feridos;moderadamente_feridos;gravemente_feridos;mortos;3
05/12/2019;09:17:00;22;com vítima;52,5;BR-116/SC;Norte;Colisão Transversal;2;2;2;;;;1
05/12/2019;11:49:00;40;sem vítima;177,5;BR-116/PR;Norte;Tombamento;1;1;;;;;1
05/12/2019;14:10:00;57;sem vítima;107,7;BR-116/SC;Norte;Choque - Elemento de Drenagem;1;1;;;;;1
06/12/2019;04:32:00;16;sem vítima;117;BR-116/PR;Norte;Colisão Lateral;1;2;;;;;1
08/12/2019;01:10:00;11;sem vítima;178;BR-116/PR;Sul;Colisão Lateral;1;2;;;;;1
09/12/2019;13:33:00;48;sem vítima;205;BR-116/PR;Sul;Saida de Pista;1;1;;;;;1
10/12/2019;13:36:00;73;sem vítima;168;BR-116/PR;Sul;Colisão Transversal;1;2;;;;;1
11/12/2019;00:03:00;2;sem vítima;124,3;BR-116/PR;Norte;Colisão Traseira;1;2;;;;;1
11/12/2019;06:50:00;24;sem vítima;203,8;BR-116/PR;Sul;Colisão Traseira;1;2;;;;;1
12/12/2019;00:29:00;5;sem vítima;31,95;BR-116/SC;Sul;Saida de Pista;1;1;;;;;1
13/12/2019;06:54:00;14;com vítima;269;BR-116/SC;Norte;Colisão Frontal;3;4;3;;1;5;3
13/12/2019;15:30:00;63;com vítima;103,4;BR-116/SC;Norte;Colisão Frontal;1;2;;;;2;3
13/12/2019;19:56:00;96;sem vítima;197;BR-116/SC;Sul;Choque - Defensa, barreira ou "submarino";1;2;;;;;1
14/12/2019;03:41:00;16;sem vítima;194;BR-116/SC;Norte;Choque - Defensa, barreira ou "submarino";1;1;;;;;1
16/12/2019;14:28:00;62;com vítima;186,9;BR-116/SC;Sul;Tombamento;1;2;2;;;;1
17/12/2019;15:08:00;64;sem vítima;125,65;BR-116/PR;Sul;Choque - Veiculo parado na pista;2;3;;;;;1
18/12/2019;04:36:00;8;com vítima;125;BR-116/PR;Norte;Colisão Traseira;2;1;1;;;;1
18/12/2019;20:46:00;101;com vítima;251;BR-116/SC;Sul;Colisão Transversal;1;4;3;;;;1
18/12/2019;22:51:00;110;sem vítima;177,3;BR-116/PR;Norte;Tombamento;1;1;;;;;1
18/12/2019;23:46:00;114;sem vítima;121,3;BR-116/SC;Norte;Tombamento;1;1;;;;;1
19/12/2019;11:00:00;61;sem vítima;162;BR-116/PR;Sul;Choque - Arvore;1;1;;;;;1
19/12/2019;14:50:00;82;sem vítima;255,6;BR-116/SC;Norte;Colisão Traseira;1;2;;;;;1
20/12/2019;06:48:00;31;com vítima;115,6;BR-116/PR;Norte;Outros;1;0;;;1;;2
22/12/2019;01:50:00;10;com vítima;124,3;BR-116/SC;Sul;Colisão Frontal;1;2;;;;1;3
22/12/2019;01:51:00;25;sem vítima;124,3;BR-116/SC;Norte;Colisão Traseira;1;4;;;;;1
26/12/2019;14:41:00;64;com vítima;125;BR-116/PR;Sul;Choque - Objeto sobre a pista;1;1;1;;;;1
26/12/2019;18:23:00;102;com vítima;45;BR-116/SC;Sul;Colisão Traseira;2;3;1;;;;1
29/12/2019;13:47:00;53;com vítima;117,168;BR-116/PR;Norte;Choque - Defensa, barreira ou "submarino";1;2;;;;1;3
30/12/2019;21:52:00;97;sem vítima;23,1;BR-116/SC;Sul;Colisão Transversal;1;4;;;;;1
30/12/2019;23:20:00;100;sem vítima;49,3;BR-116/SC;Sul;Colisão Traseira;1;2;;;;;1
04/03/2020;08:07:00;24;com vítima;156,6;BR-116/SC;Norte;Tombamento;1;0;1;;;;1
07/03/2020;19:26:00;76;com vítima;132,5;BR-116/SC;Norte;Colisão Frontal;1;1;1;;;;1
08/03/2020;17:21:00;68;com vítima;8,4;BR-116/SC;Norte;Colisão Frontal;2;2;;;1;1;3
08/03/2020;17:25:00;71;com vítima;22,1;BR-116/SC;Sul;Colisão Frontal;1;0;1;;;1;3
08/03/2020;23:24:00;99;sem vítima;115;BR-116/PR;Sul;Colisão Lateral;1;2;;;;;1
10/03/2020;20:05:00;81;sem vítima;96,2;BR-116/SC;Sul;Colisão Lateral;1;2;;;;;1
12/03/2020;18:00:00;80;sem vítima;179;BR-116/PR;Sul;Colisão Lateral;2;2;;;;;1
14/03/2020;09:33:00;31;com vítima;260,2;BR-116/SC;Norte;Atropelamento - Usuário;1;0;;1;;1;3
14/03/2020;17:20:00;79;sem vítima;183,55;BR-116/PR;Norte;Outros - Sequência;1;1;;;;;1
14/03/2020;23:45:00;110;com vítima;127,2;BR-116/PR;Sul;Colisão Lateral;1;1;1;;;;1
15/03/2020;08:21:00;20;sem vítima;12,3;BR-116/SC;Norte;Tombamento;1;1;;;;;1
15/03/2020;10:39:00;34;sem vítima;127,4;BR-116/PR;Sul;Colisão Lateral;1;3;;;;;1
15/03/2020;23:10:00;98;sem vítima;148;BR-116/PR;Norte;Colisão Traseira;2;2;;;;;1
18/03/2020;15:49:00;44;sem vítima;119;BR-116/PR;Sul;Colisão Traseira;1;2;;;;;1
19/03/2020;14:16:00;65;sem vítima;299,5;BR-116/SC;Sul;Colisão Lateral;1;3;;;;;1
20/03/2020;12:22:00;56;sem vítima;254,6;BR-116/SC;Sul;Colisão Traseira;1;2;;;;;1
20/03/2020;14:21:00;66;sem vítima;4,5;BR-116/SC;Sul;Tombamento;1;1;;;;;1
20/03/2020;15:34:00;71;sem vítima;94;BR-116/SC;Sul;Colisão Lateral;2;2;;;;;1
22/03/2020;17:25:00;43;com vítima;107,7;BR-116/SC;Norte;Tombamento;1;0;;;;1;3
23/03/2020;05:03:00;4;sem vítima;244,9;BR-116/SC;Norte;Choque - Defensa, barreira ou "submarino";1;1;;;;;1
25/03/2020;15:55:00;38;sem vítima;308,7;BR-116/SC;Norte;Outros;1;1;;;;;1
27/03/2020;10:59:00;34;com vítima;184,4;BR-116/SC;Norte;Tombamento;1;0;1;;;;1
28/03/2020;12:04:00;34;com vítima;140,5;BR-116/SC;Sul;Colisão Transversal;1;2;;;1;;2
31/03/2020;01:29:00;1;sem vítima;0;BR-116/SC;Norte;Colisão Traseira;2;2;;;;;1
31/03/2020;14:22:00;42;sem vítima;310,3;BR-116/SC;Norte;Outros;1;2;;;;;1
02/01/2020;07:27:00;21;sem vítima;12,3;BR-116/SC;Norte;Colisão Transversal;1;6;;;;;1
03/01/2020;23:53:00;106;sem vítima;100,9;BR-116/SC;Norte;Atropelamento de Animal;1;1;;;;;1
06/01/2020;14:45:00;56;sem vítima;151,9;BR-116/SC;Norte;Colisão Lateral;1;2;;;;;1
07/01/2020;09:38:00;44;sem vítima;126;BR-116/PR;Sul;Colisão Traseira;1;3;;;;;1
07/01/2020;17:07:00;80;com vítima;126;BR-116/PR;Norte;Choque - Veiculo parado na pista;1;1;1;;;;1
08/01/2020;01:02:00;5;sem vítima;305;BR-116/SC;Sul;Choque - Talude;1;2;;;;;1
08/01/2020;12:29:00;51;sem vítima;204,034;BR-116/PR;Norte;Colisão Traseira;1;2;;;;;1
08/01/2020;14:18:00;62;com vítima;309;BR-116/SC;Norte;Tombamento;1;0;1;;;;1
09/01/2020;10:17:00;33;sem vítima;107,9;BR-116/SC;Sul;Colisão Traseira;3;3;;;;;1
11/01/2020;12:03:00;48;com vítima;144,85;BR-116/SC;Sul;Tombamento;1;0;3;;;;1
11/01/2020;15:22:00;67;com vítima;210;BR-116/PR;Sul;Colisão Frontal;1;2;;;1;;2
14/01/2020;18:26:00;112;com vítima;152,6;BR-116/PR;Sul;Colisão Traseira;1;1;1;;;;1
15/01/2020;06:28:00;21;com vítima;122,1;BR-116/PR;Norte;Colisão Traseira;2;2;3;;;;1
15/01/2020;10:10:00;48;com vítima;148,9;BR-116/SC;Sul;Saida de Pista;1;1;1;;;;1
15/01/2020;12:34:00;72;sem vítima;306;BR-116/SC;Sul;Saida de Pista;1;1;;;;;1
16/01/2020;22:49:00;111;sem vítima;72;BR-116/SC;Norte;Capotamento;1;2;;;;;1
17/01/2020;06:58:00;10;com vítima;115,5;BR-116/PR;Sul;Colisão Traseira;1;2;1;;;;1
17/01/2020;15:13:00;58;com vítima;20,18;BR-116/SC;Sul;Colisão Frontal;1;1;3;;2;;2
18/01/2020;06:35:00;13;sem vítima;126;BR-116/PR;Sul;Colisão Lateral;1;2;;;;;1
21/01/2020;14:20:00;84;sem vítima;122;BR-116/PR;Norte;Colisão Traseira;1;2;;;;;1
22/01/2020;07:52:00;31;com vítima;136,5;BR-116/SC;Sul;Colisão Transversal;1;2;3;;;;1
23/01/2020;13:00:00;53;sem vítima;4,5;BR-116/SC;Sul;Colisão Transversal;1;2;;;;;1
23/01/2020;14:49:00;67;com vítima;151,35;BR-116/PR;Norte;Colisão Frontal;1;1;;;1;;2
25/01/2020;16:32:00;66;sem vítima;157,8;BR-116/SC;Norte;Colisão Traseira;1;4;;;;;1
26/01/2020;19:13:00;74;sem vítima;84;BR-116/SC;Norte;Colisão Lateral;1;2;;;;;1
29/01/2020;11:04:00;46;sem vítima;245,6;BR-116/SC;Norte;Colisão Transversal;1;5;;;;;1
29/01/2020;20:45:00;95;com vítima;59,8;BR-116/SC;Norte;Colisão Transversal;1;1;;;1;;2
31/01/2020;20:52:00;108;sem vítima;209,4;BR-116/PR;Sul;Engavetamento;1;3;;;;;1
01/02/2020;08:14:00;33;sem vítima;59;BR-116/SC;Norte;Colisão Lateral;2;2;;;;;1
02/02/2020;16:18:00;62;sem vítima;49,4;BR-116/SC;Norte;Choque - Talude;1;1;;;;;1
05/02/2020;19:11:00;108;sem vítima;51;BR-116/SC;Sul;Colisão Lateral;1;2;;;;;1
06/02/2020;21:51:00;115;com vítima;159,6;BR-116/SC;Sul;Colisão Lateral;1;1;;;;1;3
08/02/2020;22:04:00;106;sem vítima;176;BR-116/PR;Sul;Colisão Lateral;1;2;;;;;1
09/02/2020;00:15:00;4;com vítima;163;BR-116/PR;Norte;Colisão Traseira;1;1;2;;;;1
10/02/2020;03:43:00;7;sem vítima;161,3;BR-116/PR;Norte;Choque - Arvore;1;1;;;;;1
14/02/2020;10:08:00;48;sem vítima;160;BR-116/SC;Sul;Tombamento;1;1;;;;;1
17/02/2020;16:33:00;81;sem vítima;12;BR-116/SC;Sul;Colisão Transversal;2;2;;;;;1
19/02/2020;09:27:00;45;sem vítima;13,3;BR-116/SC;Sul;Colisão Lateral;1;2;;;;;1
21/02/2020;11:17:00;47;sem vítima;153;BR-116/PR;Norte;Choque - Veiculo parado na pista;1;2;;;;;1
22/02/2020;21:33:00;82;sem vítima;202;BR-116/SC;Sul;Colisão Lateral;1;2;;;;;1
24/02/2020;13:46:00;45;com vítima;131,8;BR-116/PR;Norte;Colisão Lateral;1;1;1;;;;1
25/02/2020;21:46:00;82;sem vítima;126,1;BR-116/PR;Sul;Objeto lançado contra veículo;1;2;;;;;1
27/02/2020;14:42:00;51;com vítima;156,7;BR-116/SC;Norte;Tombamento;1;0;;;1;;2
28/02/2020;03:43:00;5;sem vítima;127,9;BR-116/PR;Norte;Colisão Lateral;1;2;;;;;1
28/02/2020;20:59:00;115;sem vítima;126;BR-116/PR;Norte;Choque - Veiculo parado na pista;1;2;;;;;1
28/02/2020;23:41:00;125;com vítima;154,65;BR-116/PR;Sul;Colisão Lateral;1;2;1;;;;1
29/02/2020;10:50:00;53;com vítima;98,8;BR-116/SC;Sul;Colisão Transversal;1;1;;;1;;2
29/02/2020;20:34:00;100;sem vítima;206;BR-116/SC;Norte;Colisão Transversal;1;2;;;;;1
04/05/2020;15:58:00;60;sem vítima;186,1;BR-116/SC;Norte;Saida de Pista;1;1;;;;;1
06/05/2020;14:04:00;47;sem vítima;130;BR-116/PR;Norte;Queda de Moto;1;2;;;;;1
09/05/2020;17:37:00;67;sem vítima;290;BR-116/SC;Norte;Choque - Outros;3;4;;;;;1
11/05/2020;17:45:00;87;sem vítima;152,45;BR-116/PR;Norte;Colisão Transversal;1;3;;;;;1
12/05/2020;07:45:00;16;com vítima;116,8;BR-116/PR;Norte;Colisão Traseira;1;1;;;2;;2
13/05/2020;10:26:00;31;com vítima;206;BR-116/PR;Sul;Colisão Frontal;1;1;1;;;;1
13/05/2020;11:06:00;35;com vítima;250,9;BR-116/SC;Sul;Colisão Transversal;1;2;1;;;;1
14/05/2020;18:55:00;75;com vítima;63;BR-116/SC;Sul;Colisão Lateral;1;2;1;;;;1
15/05/2020;07:32:00;19;com vítima;169,4;BR-116/SC;Norte;Colisão Frontal;1;2;1;;;;1
17/05/2020;19:01:00;56;com vítima;171,15;BR-116/PR;Norte;Colisão Frontal;1;1;;;1;;2
21/05/2020;08:35:00;27;com vítima;131,8;BR-116/SC;Sul;Colisão Frontal;2;2;;;;1;3
22/05/2020;20:47:00;55;sem vítima;210;BR-116/SC;Sul;Colisão Lateral;1;2;;;;;1
23/05/2020;15:14:00;59;com vítima;163,5;BR-116/SC;Norte;Colisão Lateral;1;1;1;;;;1
31/05/2020;04:59:00;12;com vítima;105,8;BR-116/SC;Norte;Tombamento;1;0;1;;;;1
02/06/2020;11:15:00;32;sem vítima;119,9;BR-116/SC;Sul;Colisão Lateral;1;2;;;;;1
03/06/2020;08:54:00;26;sem vítima;135;BR-116/PR;Sul;Choque - Objeto sobre a pista;1;4;;;;;1
04/06/2020;08:46:00;23;sem vítima;181,2;BR-116/SC;Sul;Tombamento;1;1;;;;;1
04/06/2020;11:49:00;40;sem vítima;305,9;BR-116/SC;Sul;Choque - Talude;1;1;;;;;1
05/06/2020;00:23:00;4;sem vítima;204,4;BR-116/SC;Sul;Tombamento;1;2;;;;;1
05/06/2020;10:48:00;33;sem vítima;245,6;BR-116/SC;Sul;Colisão Transversal;1;4;;;;;1
10/06/2020;02:28:00;8;sem vítima;10,5;BR-116/SC;Norte;Tombamento;1;1;;;;;1
10/06/2020;15:47:00;66;sem vítima;206;BR-116/SC;Sul;Colisão Traseira;2;2;;;;;1
12/06/2020;11:52:00;41;com vítima;3,5;BR-116/SC;Sul;Colisão Frontal;1;1;;;1;;2
12/06/2020;14:42:00;62;com vítima;69,3;BR-116/SC;Sul;Colisão Transversal;1;1;;;1;;2
12/06/2020;17:13:00;86;com vítima;1,39;BR-116/SC;Sul;Colisão Lateral;1;1;;;1;;2
12/06/2020;21:10:00;117;sem vítima;119,05;BR-116/PR;Sul;Colisão Lateral;1;2;;;;;1
13/06/2020;19:11:00;74;com vítima;117;BR-116/PR;Norte;Colisão Lateral;1;1;;;1;;2
14/06/2020;18:26:00;75;sem vítima;15;BR-116/SC;Norte;Colisão Lateral;1;2;;;;;1
15/06/2020;06:51:00;17;sem vítima;134,951;BR-116/PR;Norte;Colisão Lateral;2;2;;;;;1
15/06/2020;18:19:00;92;sem vítima;121;BR-116/PR;Sul;Engavetamento;1;5;;;;;1
17/06/2020;08:19:00;34;sem vítima;176,8;BR-116/SC;Norte;Colisão Lateral;1;2;;;;;1
18/06/2020;19:42:00;117;com vítima;129,8;BR-116/SC;Norte;Colisão Traseira;1;2;1;;;;1
21/06/2020;12:36:00;47;sem vítima;49;BR-116/SC;Norte;Colisão Traseira;1;2;;;;;1
22/06/2020;14:52:00;51;sem vítima;1,4;BR-116/SC;Sul;Colisão Traseira;1;2;;;;;1
23/06/2020;16:00:00;64;sem vítima;84;BR-116/SC;Norte;Colisão Traseira;1;4;;;;;1
24/06/2020;08:14:00;29;sem vítima;133;BR-116/SC;Sul;Colisão Transversal;1;3;;;;;1
24/06/2020;18:04:00;99;sem vítima;119;BR-116/PR;Sul;Colisão Lateral;1;2;;;;;1
25/06/2020;13:05:00;57;sem vítima;107,5;BR-116/SC;Sul;Tombamento;1;1;;;;;1
26/06/2020;02:15:00;6;com vítima;209;BR-116/SC;Sul;Colisão Frontal;1;1;;;;1;3
26/06/2020;21:09:00;101;sem vítima;65,2;BR-116/SC;Norte;Colisão Traseira;1;3;;;;;1
29/06/2020;11:17:00;39;sem vítima;222;BR-116/SC;Sul;Colisão Transversal;1;3;;;;;1
30/06/2020;14:09:00;48;sem vítima;209;BR-116/PR;Norte;Colisão Lateral;1;2;;;;;1
01/07/2020;04:41:00;33;sem vítima;271,6;BR-116/SC;Sul;Capotamento;1;1;;;;;1
02/07/2020;15:35:00;104;com vítima;115,4;BR-116/PR;Norte;Colisão Lateral;1;1;1;;;;1
04/07/2020;10:28:00;24;sem vítima;141;BR-116/PR;Sul;Colisão Lateral;1;6;;;;;1
04/07/2020;17:42:00;63;com vítima;51,7;BR-116/SC;Norte;Colisão Frontal;1;2;2;;;;1
05/07/2020;12:17:00;36;com vítima;192,8;BR-116/SC;Norte;Tombamento;1;0;1;;;;1
06/07/2020;00:51:00;5;sem vítima;105;BR-116/SC;Norte;Choque - Talude;1;1;;;;;1
07/07/2020;06:41:00;16;com vítima;194;BR-116/PR;Sul;Tombamento;1;0;1;;;;1
09/07/2020;14:57:00;69;sem vítima;245;BR-116/SC;Sul;Choque - Veiculo parado na pista;2;2;;;;;1
10/07/2020;04:55:00;13;sem vítima;229;BR-116/SC;Sul;Colisão Lateral;1;2;;;;;1
10/07/2020;15:14:00;75;sem vítima;115,6;BR-116/PR;Norte;Colisão Traseira;1;2;;;;;1
11/07/2020;07:43:00;17;sem vítima;306,15;BR-116/SC;Sul;Saida de Pista;1;1;;;;;1
13/07/2020;10:12:00;33;com vítima;202,7;BR-116/PR;Norte;Tombamento;1;0;1;;;;1
13/07/2020;15:41:00;55;sem vítima;153;BR-116/PR;Sul;Colisão Lateral;1;2;;;;;1
14/07/2020;19:44:00;110;com vítima;5,5;BR-116/SC;Norte;Colisão Lateral;1;2;1;;;;1
15/07/2020;03:23:00;12;sem vítima;144,9;BR-116/PR;Sul;Choque - Objeto sobre a pista;1;1;;;;;1
15/07/2020;15:35:00;72;com vítima;115;BR-116/PR;Sul;Colisão Traseira;1;1;1;;;;1
16/07/2020;12:05:00;43;sem vítima;81,4;BR-116/SC;Sul;Choque - Veiculo parado na pista;1;3;;;;;1
17/07/2020;06:45:00;18;sem vítima;150;BR-116/PR;Sul;Colisão Lateral;1;2;;;;;1
17/07/2020;13:24:00;60;sem vítima;183;BR-116/PR;Norte;Colisão Lateral;1;4;;;;;1
17/07/2020;13:41:00;61;sem vítima;11,2;BR-116/SC;Norte;Colisão Lateral;1;2;;;;;1
17/07/2020;20:54:00;93;sem vítima;26,5;BR-116/SC;Norte;Choque - Talude;1;2;;;;;1
18/07/2020;05:18:00;5;sem vítima;173,7;BR-116/SC;Norte;Tombamento;1;1;;;;;1
19/07/2020;12:12:00;36;sem vítima;125;BR-116/PR;Norte;Colisão Lateral;1;2;;;;;1
20/07/2020;08:56:00;19;sem vítima;152;BR-116/PR;Sul;Colisão Transversal;2;2;;;;;1
21/07/2020;19:57:00;93;com vítima;107,8;BR-116/SC;Norte;Colisão Frontal;1;2;2;;;;1
22/07/2020;20:09:00;93;sem vítima;143,85;BR-116/SC;Norte;Tombamento;1;1;;;;;1
27/07/2020;06:43:00;12;sem vítima;49;BR-116/SC;Sul;Colisão Traseira;2;2;;;;;1
28/07/2020;15:56:00;66;sem vítima;5,6;BR-116/SC;Norte;Colisão Transversal;1;2;;;;;1
28/07/2020;20:42:00;86;sem vítima;107,6;BR-116/SC;Sul;Choque - Talude;1;1;;;;;1
29/07/2020;02:06:00;5;sem vítima;162,8;BR-116/SC;Sul;Tombamento;1;1;;;;;1
30/07/2020;15:36:00;68;sem vítima;192,4;BR-116/PR;Norte;Colisão Traseira;2;2;;;;;1
31/07/2020;07:38:00;13;sem vítima;122,7;BR-116/PR;Norte;Tombamento;1;1;;;;;1
31/07/2020;09:34:00;25;com vítima;139;BR-116/PR;Norte;Colisão Lateral;1;1;1;;;;1
01/04/2020;13:38:00;42;3 - Acidente com Danos Materiais;126,2;BR-116/PR;Sul;Colisão Traseira;1;2;;;;;1
01/04/2020;16:56:00;61;1 - Acidente com Vitima Fatal;107,7;BR-116/SC;Norte;Queda de Moto;1;1;;;;1;3
04/04/2020;01:05:00;2;2 - Acidente com VITIMA;117,5;BR-116/SC;Norte;Tombamento;1;0;1;;;;1
05/04/2020;02:13:00;2;3 - Acidente com Danos Materiais;105;BR-116/SC;Norte;Colisão Frontal;2;3;;;;;1
05/04/2020;14:25:00;31;3 - Acidente com Danos Materiais;32;BR-116/SC;Norte;Choque - Suporte de Sinalização;1;1;;;;;1
06/04/2020;01:09:00;3;3 - Acidente com Danos Materiais;125,8;BR-116/PR;Norte;Colisão Traseira;1;3;;;;;1
06/04/2020;17:06:00;71;3 - Acidente com Danos Materiais;121,5;BR-116/PR;Sul;Tombamento;1;1;;;;;1
07/04/2020;10:41:00;43;1 - Acidente com Vitima Fatal;273,1;BR-116/SC;Norte;Colisão Transversal;1;1;;;2;3;3
08/04/2020;07:16:00;9;2 - Acidente com VITIMA;179,8;BR-116/PR;Sul;Colisão Frontal;2;0;;;2;;2
09/04/2020;22:25:00;120;2 - Acidente com VITIMA;184;BR-116/SC;Norte;Colisão Frontal;1;2;;;1;;2
10/04/2020;15:43:00;33;3 - Acidente com Danos Materiais;134,5;BR-116/PR;Sul;Colisão Traseira;1;2;;;;;1
11/04/2020;09:09:00;21;3 - Acidente com Danos Materiais;179;BR-116/PR;Norte;Colisão Lateral;2;2;;;;;1
11/04/2020;15:38:00;37;3 - Acidente com Danos Materiais;306,4;BR-116/SC;Norte;Colisão Traseira;1;2;;;;;1
13/04/2020;22:39:00;71;2 - Acidente com VITIMA;24,4;BR-116/SC;Norte;Tombamento;1;0;;;1;;2
13/04/2020;22:39:00;74;2 - Acidente com VITIMA;24,4;BR-116/SC;Sul;Colisão Transversal;1;0;2;;1;;2
14/04/2020;06:47:00;7;2 - Acidente com VITIMA;2,3;BR-116/SC;Norte;Atropelamento - Ciclista;1;1;1;;;;1
15/04/2020;01:00:00;1;3 - Acidente com Danos Materiais;128,5;BR-116/SC;Sul;Atropelamento de Animal;1;1;;;;;1
15/04/2020;01:54:00;4;3 - Acidente com Danos Materiais;165;BR-116/SC;Sul;Atropelamento de Animal;1;1;;;;;1
15/04/2020;14:35:00;46;3 - Acidente com Danos Materiais;238,8;BR-116/SC;Norte;Tombamento;1;1;;;;;1
16/04/2020;14:49:00;51;2 - Acidente com VITIMA;141,3;BR-116/SC;Sul;Colisão Transversal;1;1;1;;;;1
17/04/2020;13:54:00;63;3 - Acidente com Danos Materiais;121;BR-116/PR;Sul;Colisão Traseira;1;2;;;;;1
20/04/2020;15:48:00;65;2 - Acidente com VITIMA;234,65;BR-116/SC;Norte;Saida de Pista;1;0;1;;;;1
24/04/2020;18:09:00;70;2 - Acidente com VITIMA;151,325;BR-116/PR;Norte;Colisão Frontal;1;1;;;1;;2
25/04/2020;23:25:00;97;3 - Acidente com Danos Materiais;241,1;BR-116/SC;Norte;Atropelamento de Animal;1;1;;;;;1
28/04/2020;07:02:00;15;2 - Acidente com VITIMA;115,7;BR-116/PR;Norte;Choque - Poste;1;0;;;1;;2
29/04/2020;17:05:00;74;3 - Acidente com Danos Materiais;304,9;BR-116/SC;Sul;Engavetamento;3;3;;;;;1
30/04/2020;12:12:00;59;3 - Acidente com Danos Materiais;281,8;BR-116/SC;Norte;Colisão Lateral;1;2;;;;;1
03/08/2020;19:38:00;84;3 - Acidente com Danos Materiais;122;BR-116/PR;Sul;Engavetamento;1;6;;;;;1
05/08/2020;14:10:00;52;3 - Acidente com Danos Materiais;2,1;BR-116/SC;Norte;Colisão Traseira;1;2;;;;;1
06/08/2020;03:28:00;8;3 - Acidente com Danos Materiais;107,7;BR-116/SC;Norte;Capotamento;1;1;;;;;1
06/08/2020;08:17:00;22;3 - Acidente com Danos Materiais;115,001;BR-116/PR;Norte;Colisão Lateral;1;2;;;;;1
06/08/2020;08:47:00;24;3 - Acidente com Danos Materiais;115;BR-116/PR;Norte;Colisão Lateral;1;3;;;;;1
06/08/2020;15:04:00;78;3 - Acidente com Danos Materiais;246,5;BR-116/SC;Norte;Colisão Lateral;1;2;;;;;1
07/08/2020;16:34:00;49;3 - Acidente com Danos Materiais;209;BR-116/PR;Sul;Colisão Traseira;1;2;;;;;1
07/08/2020;22:35:00;77;2 - Acidente com VITIMA;145;BR-116/PR;Sul;Colisão Traseira;2;1;1;;;;1
09/08/2020;18:35:00;51;3 - Acidente com Danos Materiais;264,5;BR-116/SC;Sul;Colisão Lateral;1;2;;;;;1
11/08/2020;01:50:00;6;3 - Acidente com Danos Materiais;130,6;BR-116/PR;Sul;Colisão Lateral;2;2;;;;;1
12/08/2020;14:12:00;59;2 - Acidente com VITIMA;76;BR-116/SC;Norte;Colisão Traseira;1;1;;;1;;2
12/08/2020;17:21:00;76;2 - Acidente com VITIMA;210,8;BR-116/PR;Sul;Colisão Transversal;1;1;;;1;;2
12/08/2020;23:05:00;92;3 - Acidente com Danos Materiais;194;BR-116/PR;Sul;Colisão Frontal;1;3;;;;;1
13/08/2020;09:09:00;32;3 - Acidente com Danos Materiais;108;BR-116/SC;Norte;Tombamento;1;1;;;;;1
13/08/2020;11:39:00;50;3 - Acidente com Danos Materiais;175;BR-116/SC;Sul;Tombamento;1;1;;;;;1
13/08/2020;12:15:00;52;2 - Acidente com VITIMA;113,9;BR-116/SC;Norte;Engavetamento;2;2;2;;;;1
13/08/2020;12:37:00;57;3 - Acidente com Danos Materiais;153,3;BR-116/PR;Norte;Colisão Transversal;1;2;;;;;1
13/08/2020;20:36:00;97;3 - Acidente com Danos Materiais;214,5;BR-116/SC;Sul;Choque - Talude;1;2;;;;;1
15/08/2020;14:18:00;60;3 - Acidente com Danos Materiais;118,6;BR-116/PR;Norte;Choque - Talude;1;1;;;;;1
18/08/2020;06:37:00;12;3 - Acidente com Danos Materiais;136,2;BR-116/PR;Norte;Tombamento;1;1;;;;;1
18/08/2020;16:49:00;65;2 - Acidente com VITIMA;308,9;BR-116/SC;Sul;Tombamento;1;0;1;;;;1
19/08/2020;16:58:00;49;3 - Acidente com Danos Materiais;129;BR-116/SC;Sul;Colisão Lateral;1;2;;;;;1
20/08/2020;18:18:00;88;3 - Acidente com Danos Materiais;115,6;BR-116/PR;Norte;Colisão Traseira;1;2;;;;;1
21/08/2020;11:10:00;52;3 - Acidente com Danos Materiais;107,9;BR-116/SC;Sul;Colisão Traseira;1;2;;;;;1
21/08/2020;16:56:00;95;3 - Acidente com Danos Materiais;231,4;BR-116/SC;Sul;Objeto lançado contra veículo;1;2;;;;;1
23/08/2020;11:39:00;35;3 - Acidente com Danos Materiais;179,7;BR-116/SC;Norte;Colisão Traseira;1;2;;;;;1
24/08/2020;13:53:00;43;3 - Acidente com Danos Materiais;8;BR-116/SC;Sul;Colisão Lateral;1;2;;;;;1
24/08/2020;17:34:00;61;2 - Acidente com VITIMA;241,9;BR-116/SC;Sul;Tombamento;1;0;2;;;;1
25/08/2020;10:20:00;25;3 - Acidente com Danos Materiais;138;BR-116/PR;Sul;Colisão Transversal;1;3;;;;;1
25/08/2020;11:14:00;32;2 - Acidente com VITIMA;135;BR-116/PR;Sul;Colisão Frontal;1;1;;;1;;2
25/08/2020;17:00:00;72;3 - Acidente com Danos Materiais;147;BR-116/PR;Norte;Colisão Lateral;1;3;;;;;1
25/08/2020;17:54:00;77;3 - Acidente com Danos Materiais;184,6;BR-116/SC;Sul;Tombamento;1;1;;;;;1
25/08/2020;19:22:00;80;2 - Acidente com VITIMA;54,8;BR-116/SC;Sul;Engavetamento;2;3;;;1;;2
26/08/2020;04:20:00;8;3 - Acidente com Danos Materiais;193,9;BR-116/PR;Norte;Choque - Arvore;1;1;;;;;1
26/08/2020;09:33:00;35;3 - Acidente com Danos Materiais;64;BR-116/SC;Norte;Colisão Traseira;1;2;;;;;1
26/08/2020;18:52:00;89;2 - Acidente com VITIMA;115;BR-116/SC;Norte;Tombamento;1;0;1;;;;1
27/08/2020;23:18:00;112;2 - Acidente com VITIMA;211,75;BR-116/SC;Sul;Tombamento;1;0;1;;;;1
27/08/2020;23:57:00;115;1 - Acidente com Vitima Fatal;179,6;BR-116/SC;Norte;Colisão Frontal;1;1;;;;3;3