data;horario;n_da_ocorrencia;tipo_de_ocorrencia;km;trecho;sentido;tipo_de_acidente;caminhao;ilesos;levemente_feridos;moderadamente_feridos;gravemente_feridos;mortos;3
28/08/2020;15:05:00;77;3 - Acidente com Danos Materiais;69,7;BR-116/SC;Norte;Engavetamento;1;3;;;;;1
30/08/2020;09:36:00;17;3 - Acidente com Danos Materiais;309;BR-116/SC;Norte;Tombamento;1;1;;;;;1
31/08/2020;05:19:00;9;1 - Acidente com Vitima Fatal;270,98;BR-116/SC;Norte;Colisão Frontal;1;1;;;;1;3
31/08/2020;15:51:00;66;3 - Acidente com Danos Materiais;191,5;BR-116/PR;Norte;Colisão Traseira;1;2;;;;;1
31/08/2020;18:20:00;83;3 - Acidente com Danos Materiais;120,95;BR-116/PR;Norte;Colisão Lateral;1;2;;;;;1
03/11/2020;06:55:00;17; 2- Acidente com VITIMA;122,7;BR-116/PR;Norte;Colisão Lateral;1;1;;1;;;2
03/11/2020;12:44:00;39;2 - Acidente com VITIMA;171,7;BR-116/PR;Norte;Choque - Arvore;1;0;1;;;;1
03/11/2020;14:28:00;46;3 - Acidente com Danos Materiais;180,87;BR-116/SC;Sul;Choque - Defensa, barreira ou "submarino";1;1;;;;;1
04/11/2020;17:53:00;74;3 - Acidente com Danos Materiais;118,8;BR-116/PR;Sul;Colisão Traseira;2;2;;;;;1
05/11/2020;10:45:00;48;1 - Acidente com Vitima Fatal;125,2;BR-116/PR;Sul;Objeto lançado contra veículo;1;2;;;;1;3
07/11/2020;18:45:00;77;3 - Acidente com Danos Materiais;241;BR-116/SC;Norte;Colisão Frontal;1;2;;;;;1
07/11/2020;22:03:00;95;2 - Acidente com VITIMA;41,6;BR-116/SC;Norte;Colisão Lateral;1;1;1;;;;1
09/11/2020;07:46:00;18;2 - Acidente com VITIMA;126,2;BR-116/PR;Norte;Choque - Veiculo parado na pista;1;1;1;;;;1
09/11/2020;13:55:00;60; 2- Acidente com VITIMA;140,6;BR-116/SC;Sul;Tombamento;1;3;;1;;;2
10/11/2020;13:41:00;52;3 - Acidente com Danos Materiais;174,7;BR-116/PR;Sul;Colisão Lateral;1;3;;;;;1
12/11/2020;18:59:00;88;3 - Acidente com Danos Materiais;131,6;BR-116/PR;Norte;Tombamento;1;1;;;;;1
13/11/2020;13:49:00;81;2 - Acidente com VITIMA;204,4;BR-116/SC;Norte;Tombamento;1;0;2;;;;1
14/11/2020;00:41:00;4;3 - Acidente com Danos Materiais;155,2;BR-116/SC;Sul;Tombamento;1;1;;;;;1
15/11/2020;10:22:00;26;3 - Acidente com Danos Materiais;135;BR-116/SC;Norte;Tombamento;1;1;;;;;1
15/11/2020;20:39:00;84;2 - Acidente com VITIMA;170;BR-116/SC;Sul;Colisão Frontal;2;2;1;1;1;;2
16/11/2020;13:54:00;68;2 - Acidente com VITIMA;117;BR-116/PR;Norte;Colisão Traseira;1;1;1;;;;1
18/11/2020;13:12:00;51; 2- Acidente com VITIMA;53,95;BR-116/SC;Norte;Tombamento;1;0;;1;;;2
18/11/2020;13:13:00;52;3 - Acidente com Danos Materiais;41,52;BR-116/SC;Norte;Choque - Defensa, barreira ou "submarino";1;1;;;;;1
18/11/2020;20:40:00;87;3 - Acidente com Danos Materiais;151,2;BR-116/PR;Sul;Colisão Frontal;1;2;;;;;1
19/11/2020;09:26:00;25;3 - Acidente com Danos Materiais;41,7;BR-116/SC;Sul;Colisão Traseira;2;2;;;;;1
19/11/2020;22:13:00;105;2 - Acidente com VITIMA;25,3;BR-116/SC;Norte;Choque - Defensa, barreira ou "submarino";1;0;;;1;;2
20/11/2020;11:36:00;53;3 - Acidente com Danos Materiais;134,6;BR-116/PR;Norte;Colisão Lateral;1;4;;;;;1
20/11/2020;15:41:00;70;3 - Acidente com Danos Materiais;12;BR-116/SC;Sul;Colisão Transversal;1;2;;;;;1
20/11/2020;20:54:00;95;3 - Acidente com Danos Materiais;154,4;BR-116/SC;Sul;Tombamento;1;1;;;;;1
21/11/2020;01:03:00;3;3 - Acidente com Danos Materiais;48,99;BR-116/SC;Norte;Colisão Frontal;1;2;;;;;1
21/11/2020;18:09:00;65;1 - Acidente com Vitima Fatal;210,85;BR-116/PR;Norte;Colisão Transversal;1;2;;;;1;3
22/11/2020;00:31:00;4;3 - Acidente com Danos Materiais;119,1;BR-116/PR;Norte;Colisão Traseira;1;2;;;;;1
22/11/2020;17:01:00;79;3 - Acidente com Danos Materiais;167;BR-116/PR;Norte;Colisão Lateral;1;2;;;;;1
22/11/2020;22:42:00;107;3 - Acidente com Danos Materiais;166,85;BR-116/PR;Sul;Colisão Frontal;1;2;;;;;1
24/11/2020;11:17:00;64;3 - Acidente com Danos Materiais;140;BR-116/SC;Sul;Colisão Transversal;1;2;;;;;1
24/11/2020;19:02:00;110;3 - Acidente com Danos Materiais;140,6;BR-116/SC;Sul;Tombamento;2;2;;;;;1
26/11/2020;10:05:00;39;3 - Acidente com Danos Materiais;121,3;BR-116/PR;Sul;Colisão Lateral;1;2;;;;;1
26/11/2020;15:56:00;80;3 - Acidente com Danos Materiais;245,65;BR-116/SC;Sul;Colisão Lateral;1;2;;;;;1
27/11/2020;22:47:00;86;3 - Acidente com Danos Materiais;233,8;BR-116/SC;Sul;Saida de Pista;1;1;;;;;1
28/11/2020;10:34:00;47;3 - Acidente com Danos Materiais;101;BR-116/SC;Sul;Saida de Pista;1;1;;;;;1
28/11/2020;15:49:00;71;3 - Acidente com Danos Materiais;120;BR-116/PR;Norte;Engavetamento;1;4;;;;;1
29/11/2020;02:05:00;8;3 - Acidente com Danos Materiais;121,48;BR-116/PR;Sul;Tombamento;1;2;;;;;1
29/11/2020;22:30:00;87;3 - Acidente com Danos Materiais;122,3;BR-116/SC;Sul;Colisão Lateral;1;3;;;;;1
03/12/2020;16:01:00;76;3 - Acidente com Danos Materiais;134,4;BR-116/PR;Norte;Colisão Traseira;1;3;;;;;1
04/12/2020;12:06:00;43;3 - Acidente com Danos Materiais;128;BR-116/PR;Sul;Colisão Lateral;1;2;;;;;1
05/12/2020;05:58:00;15;3 - Acidente com Danos Materiais;238,95;BR-116/SC;Sul;Tombamento;1;1;;;;;1
05/12/2020;19:51:00;71;1 - Acidente com Vitima Fatal;147,45;BR-116/PR;Norte;Atropelamento - Andarilho;1;1;;;;1;3
05/12/2020;20:26:00;76;3 - Acidente com Danos Materiais;126;BR-116/PR;Norte;Choque - Elemento de Drenagem;1;1;;;;;1
07/12/2020;15:24:00;80;2 - Acidente com VITIMA;211,7;BR-116/PR;Norte;Colisão Traseira;1;0;1;1;;;2
08/12/2020;09:02:00;38;2 - Acidente com VITIMA;308,7;BR-116/SC;Norte;Tombamento;1;0;1;;;;1
09/12/2020;06:52:00;14;3 - Acidente com Danos Materiais;156,001;BR-116/SC;Norte;Colisão Traseira;2;2;;;;;1
09/12/2020;09:43:00;34;3 - Acidente com Danos Materiais;122;BR-116/PR;Norte;Colisão Traseira;2;2;;;;;1
11/12/2020;14:53:00;75;3 - Acidente com Danos Materiais;8,5;BR-116/SC;Sul;Colisão Traseira;1;2;;;;;1
12/12/2020;03:26:00;7;1 - Acidente com Vitima Fatal;143,25;BR-116/PR;Sul;Atropelamento - Andarilho;1;2;;;;1;3
12/12/2020;22:33:00;126;1 - Acidente com Vitima Fatal;136,1;BR-116/SC;Sul;Colisão Frontal;1;1;;;;1;3
12/12/2020;23:35:00;131;3 - Acidente com Danos Materiais;165,9;BR-116/PR;Norte;Colisão Lateral;1;2;;;;;1
13/12/2020;05:34:00;14;3 - Acidente com Danos Materiais;102;BR-116/SC;Sul;Tombamento;1;1;;;;;1
13/12/2020;07:41:00;20;3 - Acidente com Danos Materiais;128,8;BR-116/PR;Norte;Colisão Traseira;1;2;;;;;1
16/12/2020;07:52:00;28;2 - Acidente com VITIMA;221,3;BR-116/SC;Sul;Colisão Traseira;1;1;1;;;;1
16/12/2020;23:48:00;124;3 - Acidente com Danos Materiais;165,3;BR-116/PR;Sul;Colisão Traseira;1;2;;;;;1
17/12/2020;05:59:00;16;3 - Acidente com Danos Materiais;122;BR-116/PR;Norte;Colisão Traseira;1;3;;;;;1
17/12/2020;16:11:00;76;3 - Acidente com Danos Materiais;176;BR-116/SC;Norte;Saida de Pista;1;2;;;;;1
17/12/2020;19:08:00;99;3 - Acidente com Danos Materiais;145,001;BR-116/SC;Norte;Choque - Talude;1;1;;;;;1
17/12/2020;21:34:00;106;2 - Acidente com VITIMA;209;BR-116/PR;Sul;Colisão Lateral;1;2;1;;;;1
18/12/2020;13:42:00;72;3 - Acidente com Danos Materiais;187,9;BR-116/SC;Norte;Saida de Pista;1;1;;;;;1
18/12/2020;16:10:00;94;3 - Acidente com Danos Materiais;185,5;BR-116/SC;Norte;Colisão Transversal;1;3;;;;;1
18/12/2020;17:54:00;104;3 - Acidente com Danos Materiais;128;BR-116/PR;Sul;Colisão Traseira;2;2;;;;;1
22/12/2020;12:28:00;48;3 - Acidente com Danos Materiais;152,6;BR-116/PR;Sul;Colisão Traseira;3;3;;;;;1
24/12/2020;20:19:00;102;3 - Acidente com Danos Materiais;126;BR-116/PR;Sul;Colisão Traseira;1;2;;;;;1
26/12/2020;20:26:00;77;2 - Acidente com VITIMA;182,8;BR-116/SC;Norte;Atropelamento - Ciclista;1;1;1;;;;1
05/01/2021;12:42:00;41;2 - Acidente com VITIMA;125,5;BR-116/PR;Norte;Colisão Lateral;1;1;1;;;;1
05/01/2021;15:02:00;48;3 - Acidente com Danos Materiais;5,5;BR-116/SC;Sul;Colisão Transversal;1;3;;;;;1
06/01/2021;10:57:00;38;3 - Acidente com Danos Materiais;305,001;BR-116/SC;Sul;Saida de Pista;1;1;;;;;1
07/01/2021;16:35:00;77;3 - Acidente com Danos Materiais;134;BR-116/PR;Sul;Colisão Traseira;1;2;;;;;1
09/01/2021;01:46:00;9;3 - Acidente com Danos Materiais;105;BR-116/SC;Norte;Tombamento;1;1;;;;;1
09/01/2021;05:27:00;22;2 - Acidente com VITIMA;79;BR-116/SC;Sul;Saida de Pista;1;1;1;;;;1
11/01/2021;00:00:00;1;3 - Acidente com Danos Materiais;152,5;BR-116/PR;Sul;Colisão Transversal;1;8;;;;;1
11/01/2021;13:30:00;67;2 - Acidente com VITIMA;220,1;BR-116/SC;Norte;Colisão Transversal;1;1;;;2;;2
11/01/2021;22:46:00;104;3 - Acidente com Danos Materiais;134,001;BR-116/PR;Sul;Colisão Lateral;1;2;;;;;1
12/01/2021;15:54:00;70;3 - Acidente com Danos Materiais;134;BR-116/PR;Sul;Colisão Transversal;3;5;;;;;1
13/01/2021;13:05:00;61;3 - Acidente com Danos Materiais;25,5;BR-116/SC;Sul;Colisão Traseira;2;2;;;;;1
14/01/2021;13:34:00;55;2 - Acidente com VITIMA;115,001;BR-116/SC;Sul;Colisão Traseira;1;2;2;;;;1
16/01/2021;00:19:00;4;2 - Acidente com VITIMA;238,9;BR-116/SC;Sul;Colisão Lateral;1;3;1;;;;1
20/01/2021;10:13:00;30;3 - Acidente com Danos Materiais;179;BR-116/PR;Sul;Colisão Lateral;1;2;;;;;1
20/01/2021;14:29:00;45;3 - Acidente com Danos Materiais;174,4;BR-116/SC;Norte;Colisão Frontal;2;2;;;;;1
20/01/2021;21:48:00;77;3 - Acidente com Danos Materiais;232,001;BR-116/SC;Sul;Tombamento;1;1;;;;;1
21/01/2021;01:06:00;5;3 - Acidente com Danos Materiais;226,1;BR-116/SC;Sul;Saida de Pista;1;1;;;;;1
22/01/2021;20:39:00;110;3 - Acidente com Danos Materiais;132,9;BR-116/PR;Sul;Colisão Lateral;1;2;;;;;1
23/01/2021;09:22:00;32;3 - Acidente com Danos Materiais;204,2;BR-116/PR;Norte;Colisão Lateral;2;2;;;;;1
23/01/2021;23:23:00;87;2 - Acidente com VITIMA;126;BR-116/PR;Norte;Colisão Traseira;1;2;1;;;;1
24/01/2021;08:21:00;19;2 - Acidente com VITIMA;310;BR-116/SC;Sul;Tombamento;1;;;;1;;2
25/01/2021;03:16:00;5;1 - Acidente com Vitima Fatal;168,1;BR-116/PR;Norte;Colisão Frontal;1;2;;;;1;3
25/01/2021;13:01:00;46;2 - Acidente com VITIMA;160;BR-116/SC;Sul;Saida de Pista;1;;1;;;;1
26/01/2021;10:51:00;39;3 - Acidente com Danos Materiais;120;BR-116/SC;Sul;Colisão Traseira;1;2;;;;;1
27/01/2021;00:37:00;3;3 - Acidente com Danos Materiais;33,8;BR-116/SC;Sul;Colisão Lateral;1;2;;;;;1
27/01/2021;16:04:00;79;2 - Acidente com VITIMA;153;BR-116/PR;Sul;Colisão Frontal;1;1;1;;;;1
28/01/2021;08:02:00;24;2 - Acidente com VITIMA;149;BR-116/PR;Norte;Saida de Pista;1;;1;;;;1
28/01/2021;09:33:00;41;3 - Acidente com Danos Materiais;124;BR-116/PR;Sul;Colisão Traseira;1;2;;;;;1
28/01/2021;14:27:00;78;3 - Acidente com Danos Materiais;49;BR-116/SC;Norte;Colisão Traseira;2;2;;;;;1
29/01/2021;19:50:00;93;2 - Acidente com VITIMA;152;BR-116/PR;Norte;Colisão Frontal;1;1;;;1;;2
31/01/2021;17:33:00;85;2 - Acidente com VITIMA;144;BR-116/SC;Norte;Tombamento;1;;1;;;;1
02/02/2021;10:51:00;55;3 - Acidente com Danos Materiais;222;BR-116/SC;Sul;Colisão Traseira;1;2;;;;;1
05/02/2021;16:00:00;89;3 - Acidente com Danos Materiais;301,3;BR-116/SC;Norte;Colisão Lateral;1;2;;;;;1
05/02/2021;19:55:00;115;3 - Acidente com Danos Materiais;199,8;BR-116/PR;Sul;Colisão Lateral;1;2;;;;;1
06/02/2021;08:35:00;26;3 - Acidente com Danos Materiais;147,2;BR-116/SC;Norte;Colisão Lateral;2;2;;;;;1
06/02/2021;13:36:00;67;3 - Acidente com Danos Materiais;130;BR-116/PR;Norte;Colisão Traseira;1;1;;;;;1
06/02/2021;18:07:00;91;2 - Acidente com VITIMA;95,001;BR-116/SC;Norte;Colisão Traseira;2;1;1;;;;1
07/02/2021;19:57:00;86;3 - Acidente com Danos Materiais;116;BR-116/PR;Norte;Engavetamento;1;4;;;;;1
08/02/2021;15:15:00;56;3 - Acidente com Danos Materiais;146;BR-116/PR;Norte;Colisão Lateral;1;9;;;;;1
08/02/2021;19:03:00;86;3 - Acidente com Danos Materiais;212;BR-116/SC;Norte;Choque - Defensa, barreira ou "submarino";1;1;;;;;1
09/02/2021;20:30:00;116;2 - Acidente com VITIMA;221;BR-116/SC;Sul;Colisão Transversal;1;2;1;;;;1
10/02/2021;10:54:00;60;3 - Acidente com Danos Materiais;204,5;BR-116/SC;Norte;Choque - Outros;1;2;;;;;1
10/02/2021;11:49:00;68;1 - Acidente com Vitima Fatal;180;BR-116/SC;Sul;Colisão Transversal;1;0;;1;;1;3
11/02/2021;06:28:00;17;2 - Acidente com VITIMA;305,001;BR-116/SC;Sul;Saida de Pista;1;0;1;;;;1
11/02/2021;12:48:00;64;3 - Acidente com Danos Materiais;144,9;BR-116/SC;Norte;Tombamento;1;1;;;;;1
11/02/2021;18:18:00;84;3 - Acidente com Danos Materiais;107,8;BR-116/SC;Sul;Colisão Lateral;2;2;;;;;1
13/02/2021;10:56:00;52;2 - Acidente com VITIMA;148,7;BR-116/PR;Norte;Colisão Transversal;1;1;;;2;;2
16/02/2021;05:15:00;18;2 - Acidente com VITIMA;188,6;BR-116/SC;Norte;Colisão Frontal;1;0;;1;1;;2
16/02/2021;06:14:00;20;3 - Acidente com Danos Materiais;191,95;BR-116/SC;Norte;Tombamento;1;1;;;;;1
16/02/2021;16:56:00;66;2 - Acidente com VITIMA;2,7;BR-116/SC;Sul;Saida de Pista;1;1;1;;;;1
17/02/2021;09:03:00;31;3 - Acidente com Danos Materiais;191;BR-116/SC;Norte;Colisão Traseira;1;3;;;;;1
18/02/2021;02:42:00;14;2 - Acidente com VITIMA;144,001;BR-116/SC;Sul;Tombamento;1;0;1;;;;1
18/02/2021;21:42:00;111;3 - Acidente com Danos Materiais;247;BR-116/SC;Sul;Colisão Traseira;2;2;;;;;1
19/02/2021;19:06:00;103;3 - Acidente com Danos Materiais;246,92;BR-116/SC;Norte;Colisão Transversal;1;2;;;;;1
20/02/2021;04:07:00;15;2 - Acidente com VITIMA;147,8;BR-116/PR;Norte;Colisão Transversal;1;1;;;1;;2
21/02/2021;17:50:00;79;3 - Acidente com Danos Materiais;130,7;BR-116/SC;Sul;Colisão Lateral;1;2;;;;;1
22/02/2021;11:02:00;47;3 - Acidente com Danos Materiais;172,5;BR-116/SC;Norte;Tombamento;1;1;;;;;1
24/02/2021;06:48:00;15;3 - Acidente com Danos Materiais;125;BR-116/PR;Norte;Colisão Traseira;1;2;;;;;1
24/02/2021;10:23:00;36;3 - Acidente com Danos Materiais;53;BR-116/SC;Norte;Colisão Traseira;1;2;;;;;1
24/02/2021;15:26:00;57;3 - Acidente com Danos Materiais;144,4;BR-116/SC;Norte;Choque - Objeto sobre a pista;2;2;;;;;1
26/02/2021;11:44:00;61;3 - Acidente com Danos Materiais;126;BR-116/SC;Sul;Colisão Traseira;2;2;;;;;1
26/02/2021;16:09:00;72;3 - Acidente com Danos Materiais;152;BR-116/PR;Sul;Colisão Transversal;1;2;;;;;1
27/02/2021;07:06:00;17;2 - Acidente com VITIMA;134,85;BR-116/PR;Sul;Colisão Frontal;1;1;1;2;;;2
01/03/2021;14:27:00;47;2 - Acidente com VITIMA;158,001;BR-116/PR;Sul;Colisão Frontal;1;1;;;1;;2
01/03/2021;16:42:00;60;2 - Acidente com VITIMA;180,48;BR-116/SC;Sul;Colisão Frontal;1;2;1;;;;1
02/03/2021;09:34:00;37;3 - Acidente com Danos Materiais;147,001;BR-116/PR;Norte;Choque - Defensa, barreira ou "submarino";1;1;;;;;1
02/03/2021;14:58:00;74;2 - Acidente com VITIMA;59;BR-116/SC;Norte;Colisão Traseira;1;4;1;;;;1
04/03/2021;13:05:00;59;2 - Acidente com VITIMA;234,001;BR-116/SC;Sul;Choque - Defensa, barreira ou "submarino";1;0;1;;;;1
05/03/2021;13:29:00;63;2 - Acidente com VITIMA;181,5;BR-116/PR;Norte;Colisão Transversal;1;2;1;;;;1
05/03/2021;16:30:00;79;2 - Acidente com VITIMA;144,001;BR-116/PR;Sul;Colisão Lateral;1;1;1;;;;1
05/03/2021;18:32:00;92;2 - Acidente com VITIMA;121,001;BR-116/PR;Sul;Engavetamento;1;4;1;;;;1
06/03/2021;00:11:00;2;3 - Acidente com Danos Materiais;138,001;BR-116/SC;Sul;Colisão Traseira;2;2;;;;;1
09/03/2021;06:46:00;14;3 - Acidente com Danos Materiais;159,05;BR-116/SC;Norte;Colisão Lateral;2;2;;;;;1
10/03/2021;08:00:00;22;3 - Acidente com Danos Materiais;202,001;BR-116/SC;Sul;Colisão Lateral;2;6;;;;;1
10/03/2021;13:03:00;60;3 - Acidente com Danos Materiais;152,3;BR-116/PR;Norte;Colisão Transversal;1;2;;;;;1
12/03/2021;17:36:00;99;3 - Acidente com Danos Materiais;131,001;BR-116/PR;Sul;Colisão Traseira;1;2;;;;;1
13/03/2021;19:30:00;97;3 - Acidente com Danos Materiais;132;BR-116/PR;Sul;Colisão Frontal;1;2;;;;;1
16/03/2021;11:41:00;65;2 - Acidente com VITIMA;158,4;BR-116/PR;Sul;Colisão Transversal;1;0;2;;1;;2
16/03/2021;18:34:00;113;3 - Acidente com Danos Materiais;134,5;BR-116/PR;Sul;Tombamento;1;1;;;;;1
16/03/2021;05:35:00;16;3 - Acidente com Danos Materiais;124,001;BR-116/SC;Sul;Saida de Pista;1;1;;;;;1
17/03/2021;12:43:00;42;1 - Acidente com Vitima Fatal;192,121;BR-116/SC;Sul;Colisão Frontal;1;1;1;;;1;3
18/03/2021;21:54:00;123;3 - Acidente com Danos Materiais;125,001;BR-116/PR;Sul;Colisão Transversal;1;3;;;;;1
20/03/2021;19:56:00;81;3 - Acidente com Danos Materiais;115,8;BR-116/SC;Sul;Colisão Traseira;1;2;;;;;1
22/03/2021;20:08:00;86;2 - Acidente com VITIMA;117,1;BR-116/SC;Sul;Tombamento;1;0;1;;;;1
22/03/2021;00:25:00;4;1 - Acidente com Vitima Fatal;169,2;BR-116/PR;Norte;Colisão Frontal;2;3;;;;1;3
23/03/2021;15:23:00;87;3 - Acidente com Danos Materiais;12,1;BR-116/SC;Sul;Colisão Transversal;2;2;;;;;1
24/03/2021;18:29:00;87;2 - Acidente com VITIMA;104,5;BR-116/SC;Sul;Saida de Pista;1;0;1;;;;1
25/03/2021;17:24:00;81;3 - Acidente com Danos Materiais;152,1;BR-116/PR;Norte;Tombamento;1;1;;;;;1
27/03/2021;18:24:00;96;3 - Acidente com Danos Materiais;154,9;BR-116/SC;Norte;Tombamento;1;1;;;;;1
27/03/2021;12:23:00;52;2 - Acidente com VITIMA;7,05;BR-116/SC;Norte;Colisão Traseira;1;1;1;;;;1
28/03/2021;19:12:00;74;3 - Acidente com Danos Materiais;141;BR-116/PR;Norte;Saida de Pista;1;1;;;;;1
28/03/2021;19:28:00;77;1 - Acidente com Vitima Fatal;149,732;BR-116/PR;Sul;Colisão Frontal;1;1;;;;1;3
29/03/2021;16:18:00;69;3 - Acidente com Danos Materiais;122;BR-116/PR;Norte;Engavetamento;2;5;;;;;1
30/03/2021;09:38:00;50;3 - Acidente com Danos Materiais;199,8;BR-116/PR;Sul;Saida de Pista;1;1;;;;;1
30/03/2021;20:02:00;101;2 - Acidente com VITIMA;132;BR-116/PR;Norte;Choque - Objeto sobre a pista;1;1;1;;;;1
30/03/2021;05:12:00;15;3 - Acidente com Danos Materiais;126,001;BR-116/PR;Norte;Colisão Lateral;1;2;;;;;1
01/04/2021;09:24:00;35;3 - Acidente com Danos Materiais;42,2;BR-116/SC;Sul;Colisão Lateral;1;2;;;;;1
01/04/2021;13:23:00;53;2 - Acidente com VITIMA;119,5;BR-116/PR;Sul;Colisão Lateral;1;1;1;;;;1
01/04/2021;16:22:00;73;3 - Acidente com Danos Materiais;144,1;BR-116/PR;Norte;Colisão Traseira;1;3;;;;;1
01/04/2021;02:01:00;13;3 - Acidente com Danos Materiais;135,2;BR-116/SC;Sul;Choque - Defensa, barreira ou "submarino";1;1;;;;;1
04/04/2021;15:39:00;48;3 - Acidente com Danos Materiais;13,5;BR-116/SC;Sul;Colisão Traseira;2;2;;;;;1
05/04/2021;08:12:00;16;2 - Acidente com VITIMA;116,001;BR-116/PR;Norte;Colisão Lateral;1;1;1;;;;1
05/04/2021;19:21:00;81;3 - Acidente com Danos Materiais;178,9;BR-116/SC;Sul;Colisão Transversal;1;2;;;;;1
06/04/2021;22:29:00;105;3 - Acidente com Danos Materiais;184,6;BR-116/SC;Norte;Tombamento;1;1;;;;;1
07/04/2021;14:45:00;71;3 - Acidente com Danos Materiais;66,1;BR-116/SC;Norte;Engavetamento;3;3;;;;;1
07/04/2021;20:07:00;89;3 - Acidente com Danos Materiais;117,01;BR-116/PR;Sul;Colisão Lateral;1;2;;;;;1
07/04/2021;20:28:00;91;3 - Acidente com Danos Materiais;117,01;BR-116/PR;Sul;Colisão Lateral;1;2;;;;;1
08/04/2021;14:49:00;100;3 - Acidente com Danos Materiais;6,4;BR-116/SC;Sul;Colisão Lateral;1;2;;;;;1
12/04/2021;16:35:00;102;2 - Acidente com VITIMA;48,95;BR-116/SC;Sul;Engavetamento;1;4;;;2;;2
12/04/2021;17:50:00;112;3 - Acidente com Danos Materiais;107,6;BR-116/SC;Norte;Tombamento;1;1;;;;;1
13/04/2021;08:14:00;19;3 - Acidente com Danos Materiais;152,25;BR-116/PR;Sul;Colisão Transversal;1;2;;;;;1
13/04/2021;11:12:00;54;3 - Acidente com Danos Materiais;115,5;BR-116/PR;Norte;Colisão Lateral;1;2;;;;;1
15/04/2021;16:34:00;101;3 - Acidente com Danos Materiais;23;BR-116/SC;Sul;Colisão Transversal;1;2;;;;;1
15/04/2021;17:48:00;107;2 - Acidente com VITIMA;115;BR-116/PR;Norte;Colisão Traseira;1;2;2;;;;1
16/04/2021;10:55:00;60;3 - Acidente com Danos Materiais;30,001;BR-116/SC;Sul;Colisão Traseira;2;2;;;;;1
16/04/2021;04:50:00;17;3 - Acidente com Danos Materiais;240,5;BR-116/SC;Norte;Saida de Pista;1;1;;;;;1
17/04/2021;11:37:00;35;3 - Acidente com Danos Materiais;127,001;BR-116/PR;Sul;Colisão Traseira;1;2;;;;;1
17/04/2021;13:47:00;47;3 - Acidente com Danos Materiais;67,4;BR-116/SC;Norte;Tombamento;1;1;;;;;1
17/04/2021;11:55:00;39;3 - Acidente com Danos Materiais;181,001;BR-116/SC;Norte;Tombamento;1;1;;;;;1
17/04/2021;18:08:00;67;2 - Acidente com VITIMA;145,55;BR-116/PR;Sul;Colisão Transversal;1;1;;;1;;2
17/04/2021;04:37:00;7;3 - Acidente com Danos Materiais;121,95;BR-116/PR;Norte;Colisão Traseira;2;2;;;;;1
17/04/2021;07:56:00;22;3 - Acidente com Danos Materiais;107,7;BR-116/SC;Norte;Tombamento;2;2;;;;;1
18/04/2021;11:23:00;39;2 - Acidente com VITIMA;34,378;BR-116/SC;Sul;Colisão Transversal;1;2;;;2;;2
18/04/2021;19:42:00;78;2 - Acidente com VITIMA;126,2;BR-116/PR;Norte;Colisão Traseira;1;1;;;1;;2
18/04/2021;11:17:00;38;3 - Acidente com Danos Materiais;184,6;BR-116/SC;Norte;Tombamento;1;1;;;;;1
19/04/2021;15:39:00;66;2 - Acidente com VITIMA;1,1;BR-116/SC;Sul;Colisão Transversal;1;1;1;;;;1
20/04/2021;11:03:00;64;3 - Acidente com Danos Materiais;308,7;BR-116/SC;Norte;Tombamento;1;1;;;;;1
20/04/2021;18:56:00;104;3 - Acidente com Danos Materiais;120,5;BR-116/PR;Sul;Engavetamento;1;6;;;;;1
20/04/2021;07:09:00;25;2 - Acidente com VITIMA;204,1;BR-116/PR;Sul;Choque - Veiculo parado na pista;1;0;2;;;;1
21/04/2021;07:13:00;16;3 - Acidente com Danos Materiais;154,9;BR-116/SC;Sul;Tombamento;1;1;;;;;1
21/04/2021;16:09:00;71;3 - Acidente com Danos Materiais;133,1;BR-116/SC;Sul;Tombamento;1;1;;;;;1
21/04/2021;08:44:00;27;3 - Acidente com Danos Materiais;304,001;BR-116/SC;Sul;Choque - Talude;1;1;;;;;1
22/04/2021;07:30:00;26;2 - Acidente com VITIMA;152,4;BR-116/PR;Norte;Colisão Transversal;2;0;2;;;;1
22/04/2021;15:16:00;98;3 - Acidente com Danos Materiais;152,001;BR-116/PR;Sul;Colisão Lateral;1;2;;;;;1
24/04/2021;04:35:00;15;3 - Acidente com Danos Materiais;119,001;BR-116/PR;Norte;Engavetamento;1;3;;;;;1
25/04/2021;14:58:00;51;3 - Acidente com Danos Materiais;162,557;BR-116/SC;Sul;Tombamento;1;1;;;;;1
26/04/2021;17:09:00;82;3 - Acidente com Danos Materiais;50,665;BR-116/SC;Sul;Capotamento;1;2;;;;;1