data;horario;n_da_ocorrencia;tipo_de_ocorrencia;km;trecho;sentido;tipo_de_acidente;caminhao;ilesos;levemente_feridos;moderadamente_feridos;gravemente_feridos;mortos;3
26/04/2021;20:41:00;107;2 - Acidente com VITIMA;166,056;BR-116/PR;Norte;Colisão Transversal;1;1;1;;;;1
28/04/2021;19:57:00;125;3 - Acidente com Danos Materiais;115,38;BR-116/PR;Norte;Colisão Lateral;1;3;;;;;1
28/04/2021;20:07:00;127;2 - Acidente com VITIMA;184,326;BR-116/PR;Norte;Tombamento;1;0;1;;;;1
29/04/2021;11:10:00;69;2 - Acidente com VITIMA;138,1;BR-116/PR;Sul;Tombamento;1;0;1;;;;1
30/04/2021;00:53:00;5;3 - Acidente com Danos Materiais;267,5;BR-116/SC;Sul;Colisão Lateral;2;2;;;;;1
30/04/2021;07:31:00;33;2 - Acidente com VITIMA;105,01;BR-116/SC;Norte;Tombamento;1;0;2;;;;1
01/05/2021;08:19:00;26;3 - Acidente com Danos Materiais;144,001;BR-116/PR;Norte;Colisão Traseira;1;2;;;;;1
01/05/2021;13:28:00;65;3 - Acidente com Danos Materiais;178,713;BR-116/SC;Sul;Colisão Lateral;1;2;;;;;1
02/05/2021;19:55:00;80;2 - Acidente com VITIMA;152,202;BR-116/PR;Norte;Engavetamento;2;2;1;;;;1
05/05/2021;12:22:00;87;3 - Acidente com Danos Materiais;134,4;BR-116/PR;Sul;Colisão Traseira;2;2;;;;;1
07/05/2021;08:02:00;26;3 - Acidente com Danos Materiais;140,001;BR-116/SC;Sul;Colisão Transversal;1;2;;;;;1
07/05/2021;00:42:00;3;2 - Acidente com VITIMA;154,001;BR-116/PR;Sul;Colisão Lateral;2;2;1;;;;1
09/05/2021;01:57:00;7;3 - Acidente com Danos Materiais;206,8;BR-116/PR;Norte;Colisão Lateral;1;5;;;;;1
10/05/2021;15:37:00;75;2 - Acidente com VITIMA;59,864;BR-116/SC;Sul;Colisão Transversal;2;1;1;;;;1
10/05/2021;22:19:00;111;2 - Acidente com VITIMA;125,9;BR-116/PR;Norte;Engavetamento;1;2;1;;;;1
11/05/2021;20:18:00;103;2 - Acidente com VITIMA;284,001;BR-116/SC;Sul;Queda de Moto;1;1;;;1;;2
12/05/2021;07:44:00;13;3 - Acidente com Danos Materiais;95,001;BR-116/SC;Sul;Colisão Traseira;2;2;;;;;1
13/05/2021;20:33:00;131;3 - Acidente com Danos Materiais;69,001;BR-116/SC;Sul;Colisão Frontal;1;2;;;;;1
14/05/2021;19:50:00;103;3 - Acidente com Danos Materiais;119,001;BR-116/PR;Sul;Colisão Traseira;2;2;;;;;1
14/05/2021;16:15:00;82;2 - Acidente com VITIMA;119,5;BR-116/PR;Sul;Colisão Lateral;1;1;1;;;;1
15/05/2021;03:24:00;11;3 - Acidente com Danos Materiais;107,6;BR-116/SC;Norte;Tombamento;1;1;;;;;1
18/05/2021;08:26:00;30;2 - Acidente com VITIMA;141,1;BR-116/PR;Sul;Colisão Transversal;1;2;2;;;;1
18/05/2021;14:13:00;74;3 - Acidente com Danos Materiais;126,001;BR-116/PR;Norte;Engavetamento;2;4;;;;;1
19/05/2021;11:31:00;62;3 - Acidente com Danos Materiais;204,001;BR-116/PR;Sul;Colisão Traseira;1;2;;;;;1
21/05/2021;06:09:00;6;3 - Acidente com Danos Materiais;196,25;BR-116/PR;Sul;Colisão Lateral;1;5;;;;;1
24/05/2021;20:29:00;108;3 - Acidente com Danos Materiais;4,5;BR-116/SC;Sul;Tombamento;1;1;;;;;1
24/05/2021;15:22:00;85;2 - Acidente com VITIMA;2,1;BR-116/SC;Sul;Colisão Traseira;1;2;1;;;;1
27/05/2021;13:09:00;62;3 - Acidente com Danos Materiais;153,001;BR-116/PR;Sul;Colisão Lateral;1;2;;;;;1
27/05/2021;09:55:00;43;3 - Acidente com Danos Materiais;8,001;BR-116/SC;Sul;Engavetamento;2;3;;;;;1
27/05/2021;11:21:00;52;3 - Acidente com Danos Materiais;220,3;BR-116/SC;Sul;Colisão Transversal;1;2;;;;;1
29/05/2021;02:39:00;13;3 - Acidente com Danos Materiais;107,7;BR-116/SC;Norte;Saida de Pista;1;1;;;;;1
29/05/2021;06:52:00;16;2 - Acidente com VITIMA;159,4;BR-116/PR;Sul;Colisão Transversal;2;2;1;;;;1
29/05/2021;09:05:00;33;3 - Acidente com Danos Materiais;204,418;BR-116/SC;Sul;Choque - Defensa, barreira ou "submarino";1;1;;;;;1
31/05/2021;11:59:00;51;3 - Acidente com Danos Materiais;152,25;BR-116/PR;Sul;Colisão Transversal;1;2;;;;;1
31/05/2021;02:50:00;7;3 - Acidente com Danos Materiais;107,001;BR-116/SC;Norte;Tombamento;1;1;;;;;1
01/06/2021;16:10:00;92;3 - Acidente com Danos Materiais;248,1;BR-116/SC;Sul;Colisão Transversal;1;2;;;;;1
02/06/2021;15:03:00;93;3 - Acidente com Danos Materiais;151,009;BR-116/SC;Sul;Choque - Defensa, barreira ou "submarino";1;1;;;;;1
02/06/2021;15:29:00;96;2 - Acidente com VITIMA;173,01;BR-116/SC;Sul;Colisão Lateral;2;1;1;;;;1
02/06/2021;17:07:00;105;3 - Acidente com Danos Materiais;176,1;BR-116/SC;Norte;Colisão Traseira;1;2;;;;;1
02/06/2021;18:23:00;112;3 - Acidente com Danos Materiais;118,5;BR-116/PR;Sul;Colisão Lateral;1;2;;;;;1
02/06/2021;09:01:00;44;3 - Acidente com Danos Materiais;117,1;BR-116/PR;Norte;Colisão Lateral;1;2;;;;;1
02/06/2021;04:25:00;14;2 - Acidente com VITIMA;115,1;BR-116/PR;Sul;Colisão Traseira;1;3;1;;;;1
03/06/2021;00:57:00;4;2 - Acidente com VITIMA;124,6;BR-116/SC;Norte;Colisão Lateral;3;2;2;;;;1
05/06/2021;01:42:00;4;2 - Acidente com VITIMA;156,7;BR-116/SC;Norte;Tombamento;1;0;1;;;;1
07/06/2021;06:34:00;11;3 - Acidente com Danos Materiais;107,7;BR-116/SC;Norte;Choque - Defensa, barreira ou "submarino";1;1;;;;;1
07/06/2021;14:19:00;74;3 - Acidente com Danos Materiais;148,7;BR-116/SC;Sul;Tombamento;1;1;;;;;1
09/06/2021;09:05:00;35;3 - Acidente com Danos Materiais;134,1;BR-116/PR;Sul;Colisão Traseira;1;2;;;;;1
09/06/2021;10:15:00;53;2 - Acidente com VITIMA;195,1;BR-116/PR;Sul;Colisão Lateral;1;1;1;;;;1
09/06/2021;18:18:00;98;3 - Acidente com Danos Materiais;12,3;BR-116/SC;Sul;Colisão Transversal;1;2;;;;;1
09/06/2021;16:32:00;86;2 - Acidente com VITIMA;225,746;BR-116/SC;Norte;Tombamento;1;0;1;;;;1
10/06/2021;19:40:00;125;3 - Acidente com Danos Materiais;177,3;BR-116/PR;Norte;Tombamento;1;2;;;;;1
11/06/2021;06:03:00;22;2 - Acidente com VITIMA;126,793;BR-116/PR;Sul;Colisão Traseira;1;1;1;;;;1
12/06/2021;10:10:00;46;3 - Acidente com Danos Materiais;151,1;BR-116/PR;Sul;Colisão Traseira;2;2;;;;;1
13/06/2021;18:03:00;83;2 - Acidente com VITIMA;4,1;BR-116/SC;Norte;Colisão Lateral;1;2;1;;;;1
13/06/2021;22:09:00;107;2 - Acidente com VITIMA;125,001;BR-116/SC;Sul;Colisão Lateral;1;3;1;;;;1
14/06/2021;19:09:00;98;2 - Acidente com VITIMA;104,9;BR-116/SC;Norte;Tombamento;1;0;;;1;;2
14/06/2021;06:31:00;10;2 - Acidente com VITIMA;236,547;BR-116/SC;Norte;Colisão Frontal;1;1;1;;;;1
15/06/2021;11:16:00;65;3 - Acidente com Danos Materiais;269,7;BR-116/SC;Sul;Colisão Traseira;2;2;;;;;1
15/06/2021;06:04:00;14;2 - Acidente com VITIMA;152,25;BR-116/PR;Sul;Colisão Transversal;1;7;3;;;;1
16/06/2021;10:39:00;61;3 - Acidente com Danos Materiais;5,874;BR-116/SC;Norte;Engavetamento;3;3;;;;;1
17/06/2021;10:13:00;62;3 - Acidente com Danos Materiais;170,8;BR-116/PR;Norte;Choque - Defensa, barreira ou "submarino";1;2;;;;;1
19/06/2021;18:20:00;66;2 - Acidente com VITIMA;50,1;BR-116/SC;Sul;Colisão Frontal;1;1;;;2;;2
20/06/2021;17:06:00;73;3 - Acidente com Danos Materiais;139,6;BR-116/SC;Sul;Colisão Traseira;2;2;;;;;1
21/06/2021;22:22:00;104;3 - Acidente com Danos Materiais;120,001;BR-116/PR;Norte;Colisão Traseira;1;2;;;;;1
23/06/2021;08:07:00;36;3 - Acidente com Danos Materiais;107,7;BR-116/SC;Sul;Colisão Lateral;1;2;;;;;1
23/06/2021;11:49:00;93;3 - Acidente com Danos Materiais;23,001;BR-116/SC;Sul;Colisão Lateral;1;3;;;;;1
23/06/2021;19:53:00;155;2 - Acidente com VITIMA;152,5;BR-116/PR;Sul;Colisão Transversal;1;1;1;;;;1
24/06/2021;20:56:00;130;3 - Acidente com Danos Materiais;116,1;BR-116/PR;Norte;Colisão Lateral;1;2;;;;;1
24/06/2021;16:52:00;114;2 - Acidente com VITIMA;53,841;BR-116/SC;Norte;Tombamento;1;0;1;;;;1
26/06/2021;00:01:00;1;2 - Acidente com VITIMA;119,3;BR-116/PR;Sul;Colisão Traseira;1;1;1;;;;1
26/06/2021;21:14:00;107;2 - Acidente com VITIMA;68,1;BR-116/SC;Norte;Colisão Lateral;1;5;1;;;;1
26/06/2021;23:42:00;114;2 - Acidente com VITIMA;29,8;BR-116/SC;Sul;Colisão Lateral;2;4;2;;;;1
26/06/2021;20:12:00;104;3 - Acidente com Danos Materiais;182,6;BR-116/PR;Sul;Colisão Lateral;1;2;;;;;1
27/06/2021;09:07:00;37;3 - Acidente com Danos Materiais;32,001;BR-116/SC;Norte;Colisão Transversal;1;3;;;;;1
27/06/2021;18:36:00;84;3 - Acidente com Danos Materiais;256,8;BR-116/SC;Sul;Colisão Lateral;1;2;;;;;1
27/06/2021;05:36:00;21;2 - Acidente com VITIMA;107,8;BR-116/SC;Norte;Tombamento;1;1;1;;;;1
29/06/2021;14:18:00;129;3 - Acidente com Danos Materiais;142,001;BR-116/PR;Norte;Colisão Lateral;2;2;;;;;1
30/06/2021;16:06:00;149;3 - Acidente com Danos Materiais;209,1;BR-116/PR;Norte;Colisão Lateral;1;3;;;;;1
30/06/2021;08:25:00;50;2 - Acidente com VITIMA;245,4;BR-116/SC;Sul;Colisão Transversal;1;1;1;;;;1
01/07/2021;07:45:00;35;3 - Acidente com Danos Materiais;5,15;BR-116/SC;Sul;Colisão Traseira;2;5;;;;;1
01/07/2021;15:53:00;126;3 - Acidente com Danos Materiais;181,1;BR-116/PR;Sul;Colisão Traseira;2;2;;;;;1
02/07/2021;11:08:00;71;3 - Acidente com Danos Materiais;126,4;BR-116/PR;Norte;Colisão Lateral;1;2;;;;;1
02/07/2021;20:50:00;137;3 - Acidente com Danos Materiais;155,001;BR-116/PR;Sul;Engavetamento;1;3;;;;;1
03/07/2021;05:52:00;22;3 - Acidente com Danos Materiais;125,001;BR-116/PR;Sul;Colisão Lateral;1;2;;;;;1
03/07/2021;10:45:00;60;3 - Acidente com Danos Materiais;94,88;BR-116/SC;Sul;Engavetamento;2;3;;;;;1
03/07/2021;13:03:00;75;2 - Acidente com VITIMA;156,5;BR-116/SC;Norte;Tombamento;1;0;;;1;;2
03/07/2021;22:21:00;123;2 - Acidente com VITIMA;141,8;BR-116/SC;Sul;Colisão Frontal;1;2;1;;;;1
04/07/2021;07:11:00;18;2 - Acidente com VITIMA;305,4;BR-116/SC;Sul;Tombamento;1;1;;;1;;2
04/07/2021;14:09:00;62;2 - Acidente com VITIMA;73,886;BR-116/SC;Sul;Tombamento;1;0;1;;;;1
05/07/2021;07:01:00;21;3 - Acidente com Danos Materiais;126,2;BR-116/PR;Norte;Engavetamento;1;4;;;;;1
06/07/2021;15:28:00;87;2 - Acidente com VITIMA;220,1;BR-116/SC;Norte;Colisão Lateral;1;2;2;;;;1
06/07/2021;16:11:00;93;3 - Acidente com Danos Materiais;266,1;BR-116/SC;Norte;Colisão Traseira;1;2;;;;;1
06/07/2021;18:53:00;113;3 - Acidente com Danos Materiais;69,333;BR-116/SC;Sul;Colisão Traseira;2;2;;;;;1
06/07/2021;19:21:00;116;2 - Acidente com VITIMA;116,5;BR-116/PR;Sul;Engavetamento;1;4;1;;;;1
07/07/2021;09:54:00;39;3 - Acidente com Danos Materiais;68,6;BR-116/SC;Sul;Colisão Lateral;3;3;;;;;1
07/07/2021;16:40:00;105;3 - Acidente com Danos Materiais;208,824;BR-116/PR;Norte;Colisão Lateral;1;3;;;;;1
08/07/2021;11:39:00;101;1 - Acidente com Vitima Fatal;156,5;BR-116/SC;Norte;Tombamento;1;0;;;;1;3
08/07/2021;20:03:00;151;2 - Acidente com VITIMA;126,001;BR-116/PR;Sul;Colisão Lateral;1;3;1;;;;1
12/07/2021;12:18:00;79;2 - Acidente com VITIMA;184,343;BR-116/PR;Norte;Tombamento;1;0;1;;;;1
12/07/2021;19:03:00;125;2 - Acidente com VITIMA;255,001;BR-116/SC;Norte;Colisão Transversal;1;1;2;1;;;2
13/07/2021;13:20:00;83;2 - Acidente com VITIMA;13,199;BR-116/SC;Sul;Tombamento;1;0;1;;;;1
14/07/2021;10:24:00;50;3 - Acidente com Danos Materiais;84,9;BR-116/SC;Norte;Engavetamento;1;4;;;;;1
14/07/2021;14:14:00;81;2 - Acidente com VITIMA;134,1;BR-116/PR;Sul;Colisão Transversal;1;1;1;;1;;2
14/07/2021;18:33:00;116;3 - Acidente com Danos Materiais;9,3;BR-116/SC;Sul;Colisão Traseira;1;2;;;;;1
15/07/2021;11:27:00;63;2 - Acidente com VITIMA;155,3;BR-116/SC;Norte;Tombamento;2;0;1;;1;;2
15/07/2021;19:23:00;100;3 - Acidente com Danos Materiais;191,1;BR-116/PR;Norte;Saida de Pista;1;1;;;;;1
16/07/2021;08:55:00;34;3 - Acidente com Danos Materiais;12,361;BR-116/SC;Sul;Colisão Transversal;1;2;;;;;1
16/07/2021;17:45:00;109;3 - Acidente com Danos Materiais;209,7;BR-116/PR;Sul;Colisão Transversal;1;2;;;;;1
19/07/2021;07:23:00;34;3 - Acidente com Danos Materiais;122,38;BR-116/PR;Norte;Tombamento;1;1;;;;;1
20/07/2021;06:02:00;16;3 - Acidente com Danos Materiais;118,001;BR-116/PR;Norte;Colisão Lateral;1;2;;;;;1
21/07/2021;06:47:00;16;3 - Acidente com Danos Materiais;122,892;BR-116/PR;Norte;Colisão Lateral;1;3;;;;;1
22/07/2021;11:40:00;61;2 - Acidente com VITIMA;251,5;BR-116/SC;Sul;Colisão Transversal;1;1;4;;;;1
22/07/2021;20:43:00;129;3 - Acidente com Danos Materiais;129,001;BR-116/PR;Norte;Colisão Lateral;1;2;;;;;1
24/07/2021;04:51:00;13;3 - Acidente com Danos Materiais;283,001;BR-116/SC;Norte;Colisão Lateral;1;2;;;;;1
24/07/2021;05:39:00;15;3 - Acidente com Danos Materiais;178,4;BR-116/PR;Norte;Saida de Pista;1;1;;2;;;2
25/07/2021;12:52:00;70;2 - Acidente com VITIMA;145,5;BR-116/PR;Sul;Colisão Transversal;1;3;1;;;;1
26/07/2021;10:59:00;83;3 - Acidente com Danos Materiais;189,5;BR-116/PR;Norte;Colisão Lateral;1;2;;;;;1
26/07/2021;12:20:00;95;2 - Acidente com VITIMA;126,001;BR-116/PR;Sul;Colisão Traseira;1;1;1;;;;1
26/07/2021;16:42:00;115;1 - Acidente com Vitima Fatal;106,25;BR-116/SC;Sul;Tombamento;1;0;;;;1;3
27/07/2021;09:53:00;47;3 - Acidente com Danos Materiais;122,1;BR-116/PR;Sul;Colisão Traseira;1;2;;;;;1
27/07/2021;11:29:00;63;3 - Acidente com Danos Materiais;136,7;BR-116/SC;Norte;Choque - Talude;1;1;;;;;1
28/07/2021;06:20:00;20;1 - Acidente com Vitima Fatal;61,763;BR-116/SC;Sul;Tombamento;1;0;;;;1;3
28/07/2021;17:51:00;137;2 - Acidente com VITIMA;115,25;BR-116/PR;Norte;Colisão Traseira;1;1;1;;;;1
29/07/2021;16:12:00;120;2 - Acidente com VITIMA;224,001;BR-116/SC;Sul;Colisão Transversal;1;1;2;;;;1
01/08/2021;12:37:00;61;3 - Acidente com Danos Materiais;137,9;BR-116/PR;Norte;Saida de Pista;1;1;;;;;1
01/08/2021;18:00:00;98;3 - Acidente com Danos Materiais;208,9;BR-116/PR;Sul;Colisão Lateral;1;5;;;;;1
02/08/2021;01:15:00;8;3 - Acidente com Danos Materiais;250,5;BR-116/SC;Sul;Atropelamento de Animal;1;1;;;;;1
02/08/2021;10:09:00;52;3 - Acidente com Danos Materiais;120,5;BR-116/PR;Sul;Choque - Veiculo parado na pista;1;3;;;;;1
02/08/2021;15:16:00;89;3 - Acidente com Danos Materiais;184,3;BR-116/PR;Norte;Saida de Pista;1;1;;;;;1
03/08/2021;18:20:00;123;3 - Acidente com Danos Materiais;71,001;BR-116/SC;Sul;Colisão Traseira;2;2;;;;;1
03/08/2021;18:35:00;125;3 - Acidente com Danos Materiais;139,001;BR-116/PR;Norte;Colisão Transversal;1;2;;;;;1
04/08/2021;16:29:00;101;3 - Acidente com Danos Materiais;199,8;BR-116/SC;Sul;Colisão Lateral;1;2;;;;;1
05/08/2021;18:07:00;135;2 - Acidente com VITIMA;211,01;BR-116/PR;Norte;Colisão Frontal;1;1;1;;;;1
05/08/2021;22:25:00;145;3 - Acidente com Danos Materiais;188,2;BR-116/PR;Norte;Colisão Transversal;1;2;;;;;1
06/08/2021;04:05:00;9;3 - Acidente com Danos Materiais;128,1;BR-116/PR;Norte;Colisão Traseira;1;2;;;;;1
07/08/2021;03:43:00;12;3 - Acidente com Danos Materiais;115,2;BR-116/PR;Sul;Colisão Traseira;1;3;;;;;1
08/08/2021;17:44:00;63;3 - Acidente com Danos Materiais;126,001;BR-116/PR;Norte;Colisão Lateral;1;2;;;;;1
08/08/2021;21:13:00;88;1 - Acidente com Vitima Fatal;139,903;BR-116/SC;Sul;Colisão Traseira;1;2;;;1;1;3
09/08/2021;07:36:00;18;3 - Acidente com Danos Materiais;142,001;BR-116/PR;Norte;Saida de Pista;1;4;;;;;1
09/08/2021;11:16:00;70;3 - Acidente com Danos Materiais;19,5;BR-116/SC;Sul;Saida de Pista;2;3;;;;;1
10/08/2021;20:41:00;137;3 - Acidente com Danos Materiais;42,8;BR-116/SC;Norte;Colisão Traseira;1;2;;;;;1
10/08/2021;22:11:00;140;2 - Acidente com VITIMA;22,75;BR-116/SC;Sul;Colisão Lateral;3;2;1;;;;1
11/08/2021;00:16:00;1;1 - Acidente com Vitima Fatal;167,08;BR-116/PR;Norte;Colisão Frontal;1;1;;;2;1;3
13/08/2021;17:34:00;101;3 - Acidente com Danos Materiais;117,1;BR-116/PR;Norte;Colisão Lateral;1;2;;;;;1
14/08/2021;15:44:00;64;3 - Acidente com Danos Materiais;156,733;BR-116/PR;Norte;Colisão Transversal;1;2;;;;;1
15/08/2021;14:19:00;58;3 - Acidente com Danos Materiais;193,001;BR-116/SC;Sul;Saida de Pista;1;1;;;;;1
15/08/2021;21:13:00;104;3 - Acidente com Danos Materiais;193,1;BR-116/PR;Sul;Colisão Lateral;2;2;;;;;1
16/08/2021;17:10:00;83;2 - Acidente com VITIMA;102,001;BR-116/SC;Sul;Colisão Lateral;1;0;2;;;;1
17/08/2021;21:00:00;139;2 - Acidente com VITIMA;53,1;BR-116/SC;Norte;Colisão Frontal;1;3;;;1;;2
18/08/2021;18:48:00;119;2 - Acidente com VITIMA;145,5;BR-116/PR;Sul;Colisão Frontal;2;1;1;;1;;2
19/08/2021;04:43:00;21;2 - Acidente com VITIMA;123,2;BR-116/SC;Sul;Choque - Defensa, barreira ou "submarino";1;2;2;;;;1
19/08/2021;11:36:00;93;3 - Acidente com Danos Materiais;211,5;BR-116/PR;Norte;Objeto lançado contra veículo;3;3;;;;;1
19/08/2021;13:49:00;110;3 - Acidente com Danos Materiais;134,1;BR-116/PR;Sul;Colisão Lateral;1;2;;;;;1
21/08/2021;12:36:00;63;3 - Acidente com Danos Materiais;233,16;BR-116/SC;Sul;Colisão Traseira;1;2;;;;;1
21/08/2021;18:22:00;95;2 - Acidente com VITIMA;119,319;BR-116/PR;Norte;Colisão Traseira;1;1;2;;;;1
22/08/2021;01:32:00;5;2 - Acidente com VITIMA;128,7;BR-116/PR;Norte;Colisão Traseira;1;1;1;;;;1
25/08/2021;23:57:00;163;1 - Acidente com Vitima Fatal;170,65;BR-116/PR;Norte;Colisão Lateral;2;1;;;;1;3
26/08/2021;04:21:00;16;2 - Acidente com VITIMA;115,6;BR-116/PR;Norte;Colisão Traseira;1;2;;;1;;2
26/08/2021;08:35:00;38;2 - Acidente com VITIMA;156,3;BR-116/SC;Norte;Colisão Lateral;2;1;1;;;;1
27/08/2021;05:43:00;15;2 - Acidente com VITIMA;245,1;BR-116/SC;Sul;Colisão Transversal;1;1;1;;;;1
27/08/2021;17:12:00;104;3 - Acidente com Danos Materiais;257,624;BR-116/SC;Norte;Colisão Lateral;1;2;;;;;1
28/08/2021;12:31:00;41;2 - Acidente com VITIMA;115,001;BR-116/PR;Sul;Colisão Lateral;1;1;1;;;;1
30/08/2021;12:20:00;75;3 - Acidente com Danos Materiais;159,097;BR-116/SC;Norte;Tombamento;1;1;;;;;1
30/08/2021;12:34:00;76;2 - Acidente com VITIMA;308,7;BR-116/SC;Sul;Tombamento;1;0;1;;;;1
31/08/2021;20:44:00;113;1 - Acidente com Vitima Fatal;151,1;BR-116/PR;Sul;Choque - Defensa, barreira ou "submarino";1;1;1;;;1;3
01/09/2021;19:36:00;102;3 - Acidente com Danos Materiais;105,05;BR-116/SC;Sul;Tombamento;1;1;;;;;1
02/09/2021;09:06:00;52;3 - Acidente com Danos Materiais;50,1;BR-116/SC;Sul;Colisão Traseira;2;2;;;;;1
02/09/2021;23:23:00;144;3 - Acidente com Danos Materiais;126,001;BR-116/PR;Norte;Colisão Traseira;1;2;;;;;1
03/09/2021;07:43:00;27;3 - Acidente com Danos Materiais;211,6;BR-116/SC;Norte;Tombamento;1;1;;;;;1
05/09/2021;01:27:00;6;2 - Acidente com VITIMA;72,9;BR-116/SC;Norte;Colisão Lateral;2;2;1;;;;1
06/09/2021;02:34:00;5;3 - Acidente com Danos Materiais;308,9;BR-116/SC;Sul;Tombamento;1;1;;;;;1
08/09/2021;05:50:00;21;3 - Acidente com Danos Materiais;205,1;BR-116/PR;Norte;Colisão Lateral;1;5;;;;;1
08/09/2021;15:33:00;69;3 - Acidente com Danos Materiais;119,001;BR-116/PR;Sul;Colisão Traseira;1;2;;;;;1
09/09/2021;12:07:00;35;3 - Acidente com Danos Materiais;174,5;BR-116/SC;Sul;Saida de Pista;1;1;;;;;1
10/09/2021;08:58:00;48;3 - Acidente com Danos Materiais;121,001;BR-116/PR;Sul;Colisão Frontal;1;2;;;;;1
10/09/2021;13:01:00;87;3 - Acidente com Danos Materiais;257,2;BR-116/SC;Sul;Colisão Traseira;2;2;;;;;1
11/09/2021;06:44:00;16;3 - Acidente com Danos Materiais;105,1;BR-116/SC;Norte;Saida de Pista;1;1;;;;;1
11/09/2021;08:30:00;26;3 - Acidente com Danos Materiais;81,6;BR-116/SC;Sul;Colisão Traseira;1;3;;;;;1
13/09/2021;14:51:00;102;2 - Acidente com VITIMA;126,269;BR-116/PR;Norte;Queda de Moto;1;3;;;1;;2
13/09/2021;16:01:00;113;2 - Acidente com VITIMA;308,9;BR-116/SC;Sul;Capotamento;1;2;1;;;;1
14/09/2021;18:37:00;81;3 - Acidente com Danos Materiais;168,2;BR-116/PR;Sul;Colisão Transversal;1;2;;;;;1
16/09/2021;01:10:00;4;3 - Acidente com Danos Materiais;292,5;BR-116/SC;Norte;Saida de Pista;1;1;;;;;1
16/09/2021;19:39:00;118;3 - Acidente com Danos Materiais;73,7;BR-116/SC;Norte;Colisão Lateral;1;2;;;;;1
17/09/2021;08:10:00;24;2 - Acidente com VITIMA;141,3;BR-116/SC;Sul;Colisão Transversal;1;1;3;;;;1
17/09/2021;08:17:00;27;2 - Acidente com VITIMA;119,05;BR-116/PR;Norte;Colisão Lateral;1;1;1;;;;1
17/09/2021;16:47:00;78;2 - Acidente com VITIMA;305,598;BR-116/SC;Sul;Colisão Transversal;2;1;;;1;;2
17/09/2021;17:21:00;84;3 - Acidente com Danos Materiais;200,001;BR-116/SC;Sul;Colisão Frontal;1;2;;;;;1
18/09/2021;04:34:00;12;2 - Acidente com VITIMA;116,8;BR-116/PR;Sul;Colisão Traseira;1;1;1;;;;1
18/09/2021;08:47:00;44;2 - Acidente com VITIMA;267,7;BR-116/SC;Norte;Colisão Transversal;1;2;1;;;;1
18/09/2021;09:43:00;49;3 - Acidente com Danos Materiais;245,5;BR-116/SC;Sul;Colisão Lateral;1;2;;;;;1
18/09/2021;15:04:00;74;2 - Acidente com VITIMA;107,9;BR-116/SC;Norte;Colisão Traseira;2;2;;;3;;2
18/09/2021;20:19:00;108;2 - Acidente com VITIMA;105,001;BR-116/SC;Norte;Tombamento;1;0;;;2;;2
19/09/2021;03:25:00;16;3 - Acidente com Danos Materiais;233,7;BR-116/SC;Sul;Colisão Frontal;1;3;;;;;1
19/09/2021;14:28:00;61;2 - Acidente com VITIMA;209,001;BR-116/SC;Sul;Colisão Traseira;1;1;1;;;;1
22/09/2021;14:28:00;102;3 - Acidente com Danos Materiais;209,7;BR-116/SC;Sul;Colisão Traseira;2;2;;;;;1
23/09/2021;11:50:00;91;3 - Acidente com Danos Materiais;288,4;BR-116/SC;Norte;Choque - Defensa, barreira ou "submarino";1;3;;;;;1
24/09/2021;17:03:00;84;3 - Acidente com Danos Materiais;204,001;BR-116/PR;Norte;Colisão Traseira;1;3;;;;;1
25/09/2021;00:54:00;3;3 - Acidente com Danos Materiais;140,2;BR-116/SC;Norte;Atropelamento de Animal;1;1;;;;;1
25/09/2021;04:04:00;13;1 - Acidente com Vitima Fatal;125,95;BR-116/PR;Sul;Atropelamento - Ciclista;1;1;;;1;1;3
27/09/2021;15:40:00;122;3 - Acidente com Danos Materiais;233,315;BR-116/SC;Sul;Colisão Lateral;1;3;;;;;1
28/09/2021;08:59:00;72;3 - Acidente com Danos Materiais;245,9;BR-116/SC;Sul;Colisão Traseira;1;2;;;;;1
28/09/2021;19:33:00;138;3 - Acidente com Danos Materiais;192,001;BR-116/SC;Sul;Tombamento;1;1;;;;;1
30/09/2021;15:35:00;106;3 - Acidente com Danos Materiais;5,634;BR-116/SC;Norte;Colisão Transversal;2;2;;;;;1
30/09/2021;15:51:00;108;1 - Acidente com Vitima Fatal;6,236;BR-116/SC;Norte;Engavetamento;2;2;;;;2;3
01/10/2021;11:51:00;69;2 - Acidente com VITIMA;152,5;BR-116/PR;Sul;Colisão Transversal;1;12;2;;;;1
01/10/2021;14:24:00;81;3 - Acidente com Danos Materiais;266,5;BR-116/SC;Sul;Engavetamento;3;4;;;;;1
01/10/2021;15:16:00;90;3 - Acidente com Danos Materiais;35,5;BR-116/SC;Norte;Colisão Transversal;1;2;;;;;1