data;horario;n_da_ocorrencia;tipo_de_ocorrencia;km;trecho;sentido;tipo_de_acidente;caminhao;ilesos;levemente_feridos;moderadamente_feridos;gravemente_feridos;mortos;3
08/02/2023;06:50:20;31;Sem vítima;242,300;BR-116/PR;Decrescente;Tombamento;1;1;0;0;0;0;1
09/02/2023;15:35:25;114;Com vítima;159,900;BR-116/PR;Crescente;Colisão frontal;1;0;0;0;0;1;3
10/02/2023;06:54:42;32;Com vítima;117,154;BR-116/PR;Crescente;Colisão traseira;1;1;0;0;0;0;1
13/02/2023;11:07:16;87;Com vítima;107,800;BR-116/PR;Crescente;Tombamento;1;0;1;0;0;0;1
16/02/2023;02:59:57;18;Sem vítima;107,700;BR-116/PR;Crescente;Choque;1;1;0;0;0;0;1
16/02/2023;19:28:47;120;Sem vítima;120,800;BR-116/PR;Crescente;Choque;1;0;0;0;0;0;1
16/02/2023;21:11:40;133;Com vítima;135,100;BR-116/PR;Decrescente;Capotamento;1;1;0;0;0;0;1
17/02/2023;06:56:54;35;Com vítima;82,600;BR-116/PR;Decrescente;Colisão lateral no mesmo sentido;1;0;1;0;0;0;1
17/02/2023;14:56:34;106;Sem vítima;6,100;BR-116/PR;Crescente;Colisão transversal;1;1;0;0;0;0;1
18/02/2023;01:04:48;15;Sem vítima;206,030;BR-116/PR;Crescente;Tombamento;1;1;0;0;0;0;1
19/02/2023;10:29:23;39;Com vítima;195,382;BR-116/PR;Decrescente;Tombamento;1;0;0;1;0;0;2
19/02/2023;11:22:10;42;Com vítima;174,700;BR-116/PR;Crescente;Colisão traseira;1;1;0;0;0;0;1
22/02/2023;14:15:01;81;Sem vítima;252,100;BR-116/PR;Decrescente;Colisão transversal;1;1;0;0;0;0;1
22/02/2023;16:27:21;100;Sem vítima;308,700;BR-116/PR;Crescente;Tombamento;1;1;0;0;0;0;1
22/02/2023;19:05:48;119;Sem vítima;107,500;BR-116/PR;Crescente;Colisão lateral no mesmo sentido;1;1;0;0;0;0;1
22/02/2023;21:22:47;131;Com vítima;66,100;BR-116/PR;Decrescente;Colisão frontal;1;1;0;0;0;0;1
23/02/2023;11:06:55;85;Com vítima;165,900;BR-116/PR;Crescente;Tombamento;1;0;0;1;0;0;2
24/02/2023;00:04:00;15;Com vítima;305,570;BR-116/PR;Decrescente;Tombamento;1;0;0;0;0;1;3
25/02/2023;16:57:12;91;Com vítima;308,700;BR-116/PR;Decrescente;Tombamento;1;0;0;1;0;0;2
26/02/2023;01:15:39;20;Sem vítima;126,300;BR-116/PR;Crescente;Colisão traseira;1;1;0;0;0;0;1
26/02/2023;02:05:32;23;Sem vítima;106,100;BR-116/PR;Decrescente;Saída de pista;1;1;0;0;0;0;1
26/02/2023;21:19:23;96;Com vítima;258,100;BR-116/PR;Decrescente;Colisão lateral no mesmo sentido;1;1;0;0;0;0;1
27/02/2023;16:14:07;117;Sem vítima;87,100;BR-116/PR;Decrescente;Engavetamento;1;1;0;0;0;0;1
28/02/2023;06:38:55;22;Sem vítima;122,700;BR-116/PR;Crescente;Colisão transversal;1;1;0;0;0;0;1
28/02/2023;17:54:30;145;Sem vítima;258,363;BR-116/PR;Crescente;Colisão transversal;1;1;0;0;0;0;1
28/02/2023;20:53:25;162;Sem vítima;6,500;BR-116/PR;Crescente;Colisão traseira;1;1;0;0;0;0;1
01/03/2023;06:30:49;29;Sem vítima;49,100;BR-116/PR;Decrescente;Colisão lateral no mesmo sentido;1;1;0;0;0;0;1
03/03/2023;16:51:11;119;Sem vítima;84,600;BR-116/PR;Crescente;Colisão traseira;1;1;0;0;0;0;1
03/03/2023;21:08:09;137;Sem vítima;115,200;BR-116/PR;Crescente;Colisão lateral no mesmo sentido;1;1;0;0;0;0;1
04/03/2023;01:38:21;20;Sem vítima;116,886;BR-116/PR;Crescente;Choque;1;1;0;0;0;0;1
05/03/2023;02:45:20;24;Com vítima;156,011;BR-116/PR;Crescente;Colisão frontal;1;1;0;0;0;1;3
06/03/2023;13:40:19;85;Com vítima;126,200;BR-116/PR;Crescente;Colisão transversal;1;1;0;0;0;0;1
06/03/2023;16:07:39;107;Sem vítima;14,800;BR-116/PR;Crescente;Colisão lateral no mesmo sentido;1;0;0;0;0;0;1
06/03/2023;19:34:35;129;Com vítima;162,710;BR-116/PR;Crescente;Colisão lateral no mesmo sentido;1;1;0;0;0;0;1
09/03/2023;06:17:25;28;Sem vítima;142,010;BR-116/PR;Crescente;Choque;1;1;0;0;0;0;1
11/03/2023;18:26:30;108;Sem vítima;265,450;BR-116/PR;Decrescente;Tombamento;1;1;0;0;0;0;1
13/03/2023;11:44:33;86;Sem vítima;208,010;BR-116/PR;Decrescente;Colisão lateral no mesmo sentido;1;1;0;0;0;0;1
13/03/2023;18:53:17;136;Sem vítima;131,500;BR-116/PR;Decrescente;Colisão lateral no mesmo sentido;1;1;0;0;0;0;1
13/03/2023;23:19:18;154;Com vítima;285,500;BR-116/PR;Crescente;Colisão traseira;1;1;0;0;0;0;1
14/03/2023;10:46:26;76;Sem vítima;124,700;BR-116/PR;Decrescente;Colisão traseira;1;1;0;0;0;0;1
15/03/2023;16:30:24;128;Sem vítima;146,016;BR-116/PR;Decrescente;Tombamento;1;1;0;0;0;0;1
15/03/2023;18:10:59;135;Sem vítima;137,500;BR-116/PR;Crescente;Colisão transversal;1;1;0;0;0;0;1
18/03/2023;09:58:37;58;Com vítima;203,200;BR-116/PR;Crescente;Tombamento;1;0;0;1;0;0;2
18/03/2023;14:05:56;78;Sem vítima;86,010;BR-116/PR;Crescente;Colisão traseira;1;1;0;0;0;0;1
18/03/2023;18:13:10;108;Com vítima;154,600;BR-116/PR;Crescente;Tombamento;1;0;1;0;0;0;1
18/03/2023;22:26:51;129;Sem vítima;141,900;BR-116/PR;Decrescente;Colisão transversal;1;1;0;0;0;0;1
20/03/2023;16:52:47;100;Sem vítima;42,100;BR-116/PR;Decrescente;Saída de pista;1;1;0;0;0;0;1
21/03/2023;18:59:26;144;Com vítima;12,050;BR-116/PR;Decrescente;Colisão transversal;1;1;0;0;0;0;1
22/03/2023;17:18:57;126;Sem vítima;278,300;BR-116/PR;Decrescente;Colisão frontal;1;1;0;0;0;0;1
23/03/2023;10:31:34;74;Sem vítima;59,803;BR-116/PR;Crescente;Colisão transversal;1;1;0;0;0;0;1
23/03/2023;13:32:59;96;Sem vítima;180,300;BR-116/PR;Crescente;Tombamento;1;1;0;0;0;0;1
24/03/2023;15:56:35;110;Com vítima;86,500;BR-116/PR;Decrescente;Colisão lateral no mesmo sentido;1;0;0;0;0;0;1
24/03/2023;18:49:25;126;Sem vítima;119,500;BR-116/PR;Decrescente;Colisão lateral no mesmo sentido;1;0;0;0;0;0;1
27/03/2023;06:56:37;28;Sem vítima;125,600;BR-116/PR;Decrescente;Tombamento;1;1;0;0;0;0;1
27/03/2023;17:19:20;125;Sem vítima;284,100;BR-116/PR;Decrescente;Tombamento;1;1;0;0;0;0;1
28/03/2023;07:33:40;26;Sem vítima;221,100;BR-116/PR;Crescente;Colisão lateral no mesmo sentido;1;1;0;0;0;0;1
29/03/2023;14:33:10;105;Sem vítima;12,100;BR-116/PR;Decrescente;Colisão lateral no mesmo sentido;1;1;0;0;0;0;1
29/03/2023;20:14:18;136;Com vítima;124,100;BR-116/PR;Decrescente;Colisão frontal;1;0;0;0;1;0;2
29/03/2023;21:09:09;139;Sem vítima;240,900;BR-116/PR;Decrescente;Choque;1;1;0;0;0;0;1
30/03/2023;11:00:45;72;Sem vítima;250,950;BR-116/PR;Decrescente;Saída de pista;1;1;0;0;0;0;1
31/03/2023;03:38:54;24;Com vítima;125,745;BR-116/PR;Crescente;Colisão traseira;1;1;0;0;0;0;1
31/03/2023;07:30:20;46;Sem vítima;159,500;BR-116/PR;Crescente;Colisão lateral no mesmo sentido;1;1;0;0;0;0;1
01/04/2023;10:45:02;81;Com vítima;107,600;BR-116/PR;Crescente;Tombamento;1;0;1;0;0;0;1
02/04/2023;19:43:16;101;Com vítima;5,600;BR-116/PR;Crescente;Colisão transversal;1;1;0;0;0;0;1
03/04/2023;04:13:39;23;Sem vítima;127,200;BR-116/PR;Decrescente;Colisão lateral no mesmo sentido;1;1;0;0;0;0;1
03/04/2023;14:39:16;116;Sem vítima;251,700;BR-116/PR;Decrescente;Colisão traseira;1;1;0;0;0;0;1
04/04/2023;05:27:28;24;Sem vítima;130,300;BR-116/PR;Crescente;Colisão lateral no mesmo sentido;1;1;0;0;0;0;1
04/04/2023;14:01:25;105;Sem vítima;220,010;BR-116/PR;Decrescente;Colisão traseira;1;0;0;0;0;0;1
06/04/2023;06:45:32;32;Sem vítima;165,100;BR-116/PR;Crescente;Colisão lateral no mesmo sentido;1;1;0;0;0;0;1
06/04/2023;08:59:32;65;Com vítima;119,200;BR-116/PR;Crescente;Colisão traseira;1;1;0;0;0;0;1
06/04/2023;12:55:41;86;Sem vítima;159,450;BR-116/PR;Crescente;Colisão transversal;1;1;0;0;0;0;1
06/04/2023;18:08:47;110;Sem vítima;127,347;BR-116/PR;Decrescente;Colisão traseira;1;0;0;0;0;0;1
10/04/2023;11:54:28;55;Sem vítima;224,805;BR-116/PR;Crescente;Tombamento;1;1;0;0;0;0;1
10/04/2023;12:07:16;57;Com vítima;152,010;BR-116/PR;Decrescente;Colisão transversal;1;1;0;0;0;0;1
12/04/2023;07:53:48;56;Sem vítima;184,600;BR-116/PR;Decrescente;Tombamento;1;1;0;0;0;0;1
13/04/2023;08:20:09;50;Sem vítima;140,100;BR-116/PR;Crescente;Colisão traseira;2;1;0;0;0;0;1
13/04/2023;18:48:38;122;Com vítima;23,400;BR-116/PR;Decrescente;Acidentes de outra natureza;1;1;0;0;0;0;1
14/04/2023;12:27:10;66;Sem vítima;132,100;BR-116/PR;Decrescente;Colisão lateral no mesmo sentido;1;1;0;0;0;0;1
14/04/2023;19:20:47;95;Sem vítima;191,100;BR-116/PR;Crescente;Saída de pista;1;1;0;0;0;0;1
15/04/2023;07:26:33;21;Sem vítima;148,100;BR-116/PR;Crescente;Saída de pista;1;0;0;0;0;0;1
16/04/2023;11:02:12;53;Com vítima;107,700;BR-116/PR;Crescente;Tombamento;1;0;1;0;0;0;1
16/04/2023;20:23:00;105;Sem vítima;183,500;BR-116/PR;Crescente;Colisão lateral no mesmo sentido;1;0;0;0;0;0;1
19/04/2023;16:31:16;109;Com vítima;126,100;BR-116/PR;Decrescente;Colisão traseira;1;1;0;0;0;0;1
20/04/2023;07:09:47;20;Com vítima;107,700;BR-116/PR;Crescente;Tombamento;1;0;1;0;0;0;1
20/04/2023;15:20:15;89;Com vítima;87,100;BR-116/PR;Decrescente;Colisão traseira;1;1;0;0;0;0;1
21/04/2023;19:42:32;79;Sem vítima;166,100;BR-116/PR;Decrescente;Colisão traseira;1;1;0;0;0;0;1
22/04/2023;10:53:45;36;Sem vítima;122,800;BR-116/PR;Crescente;Tombamento;1;1;0;0;0;0;1
22/04/2023;17:12:36;61;Com vítima;117,185;BR-116/PR;Crescente;Capotamento;1;1;0;0;0;0;1
24/04/2023;11:31:11;75;Sem vítima;152,400;BR-116/PR;Crescente;Colisão transversal;1;1;0;0;0;0;1
24/04/2023;18:48:29;136;Com vítima;4,100;BR-116/PR;Decrescente;Colisão lateral no mesmo sentido;1;1;0;0;0;0;1
26/04/2023;10:42:06;76;Sem vítima;122,500;BR-116/PR;Decrescente;Colisão traseira;1;1;0;0;0;0;1
26/04/2023;14:19:23;92;Sem vítima;141,125;BR-116/PR;Crescente;Tombamento;1;1;0;0;0;0;1
27/04/2023;00:40:44;11;Sem vítima;49,600;BR-116/PR;Decrescente;Colisão traseira;1;1;0;0;0;0;1
28/04/2023;11:25:28;70;Com vítima;126,300;BR-116/PR;Decrescente;Colisão traseira;1;1;0;0;0;0;1
29/04/2023;05:12:33;17;Com vítima;126,200;BR-116/PR;Decrescente;Colisão transversal;1;0;0;0;0;0;1
29/04/2023;08:39:02;32;Sem vítima;78,100;BR-116/PR;Decrescente;Colisão traseira;1;1;0;0;0;0;1
30/04/2023;12:16:09;39;Sem vítima;94,200;BR-116/PR;Crescente;Colisão traseira;1;1;0;0;0;0;1
30/04/2023;19:06:28;53;Sem vítima;118,300;BR-116/PR;Crescente;Colisão traseira;1;1;0;0;0;0;1
02/05/2023;15:49:15;92;Sem vítima;126,100;BR-116/PR;Decrescente;Colisão transversal;1;1;0;0;0;0;1
04/05/2023;08:40:30;63;Sem vítima;109,000;BR-116/PR;Decrescente;Colisão traseira;1;1;0;0;0;0;1
04/05/2023;14:47:13;113;Sem vítima;115,200;BR-116/PR;Crescente;Colisão lateral no mesmo sentido;1;1;0;0;0;0;1
04/05/2023;18:32:04;136;Sem vítima;59,800;BR-116/PR;Crescente;Colisão transversal;1;0;0;0;0;0;1
05/05/2023;10:21:31;82;Sem vítima;127,700;BR-116/PR;Decrescente;Colisão traseira;1;2;0;0;0;0;1
05/05/2023;19:47:42;138;Sem vítima;116,140;BR-116/PR;Decrescente;Colisão traseira;1;2;0;0;0;0;1
06/05/2023;12:21:01;77;Sem vítima;37,010;BR-116/PR;Crescente;Choque;1;1;0;0;0;0;1
07/05/2023;06:07:20;20;Com vítima;118,960;BR-116/PR;Decrescente;Colisão traseira;1;1;0;0;0;0;1
09/05/2023;08:00:08;29;Sem vítima;172,662;BR-116/PR;Decrescente;Colisão lateral no mesmo sentido;1;1;0;0;0;0;1
09/05/2023;21:06:36;137;Com vítima;233,743;BR-116/PR;Crescente;Colisão lateral no mesmo sentido;1;1;1;0;0;0;1
10/05/2023;22:30:38;146;Sem vítima;119,100;BR-116/PR;Decrescente;Colisão traseira;1;0;0;0;0;0;1
12/05/2023;07:34:41;42;Com vítima;179,010;BR-116/PR;Decrescente;Tombamento;1;0;1;0;0;0;1
13/05/2023;10:20:34;59;Sem vítima;21,500;BR-116/PR;Crescente;Engavetamento;1;1;0;0;0;0;1
16/05/2023;18:58:35;119;Sem vítima;32,500;BR-116/PR;Crescente;Colisão lateral no mesmo sentido;1;0;0;0;0;0;1
16/05/2023;20:48:21;133;Sem vítima;122,100;BR-116/PR;Crescente;Colisão lateral no mesmo sentido;1;1;0;0;0;0;1
19/05/2023;22:39:31;156;Sem vítima;214,900;BR-116/PR;Crescente;Tombamento;1;0;0;0;0;0;1
22/05/2023;09:49:15;57;Sem vítima;15,100;BR-116/PR;Crescente;Colisão lateral no mesmo sentido;1;0;0;0;0;0;1
23/05/2023;09:00:02;50;Sem vítima;125,010;BR-116/PR;Crescente;Colisão lateral no mesmo sentido;1;1;0;0;0;0;1
23/05/2023;18:46:44;101;Sem vítima;184,100;BR-116/PR;Crescente;Colisão lateral no mesmo sentido;1;1;0;0;0;0;1
23/05/2023;22:41:25;112;Sem vítima;173,100;BR-116/PR;Decrescente;Colisão lateral no mesmo sentido;1;2;0;0;0;0;1
23/05/2023;22:58:25;113;Sem vítima;13,050;BR-116/PR;Decrescente;Atropelamento de animal;1;0;0;0;0;0;1
25/05/2023;14:45:07;107;Sem vítima;305,340;BR-116/PR;Crescente;Tombamento;1;1;0;0;0;0;1
26/05/2023;01:54:21;11;Sem vítima;145,020;BR-116/PR;Decrescente;Colisão lateral no mesmo sentido;1;1;0;0;0;0;1
26/05/2023;20:43:02;128;Com vítima;122,075;BR-116/PR;Crescente;Capotamento;1;1;0;0;0;0;1
28/05/2023;18:13:27;68;Com vítima;48,010;BR-116/PR;Decrescente;Colisão traseira;1;1;0;0;0;0;1
29/05/2023;07:08:33;17;Sem vítima;10,010;BR-116/PR;Decrescente;Colisão traseira;1;1;0;0;0;0;1
30/05/2023;09:23:17;64;Com vítima;245,700;BR-116/PR;Decrescente;Colisão transversal;1;0;0;0;0;0;1
31/05/2023;06:32:33;16;Com vítima;12,300;BR-116/PR;Decrescente;Colisão transversal;1;1;0;0;0;0;1
01/06/2023;17:30:17;117;Sem vítima;242,220;BR-116/PR;Decrescente;Colisão frontal;1;1;0;0;0;0;1
02/06/2023;12:33:01;92;Sem vítima;161,500;BR-116/PR;Crescente;Colisão lateral no mesmo sentido;1;1;0;0;0;0;1
04/06/2023;19:13:45;81;Com vítima;250,920;BR-116/PR;Crescente;Colisão lateral no mesmo sentido;1;1;0;0;0;0;1
06/06/2023;16:25:14;114;Sem vítima;13,087;BR-116/PR;Decrescente;Saída de pista;1;1;0;0;0;0;1
06/06/2023;17:13:43;123;Sem vítima;231,100;BR-116/PR;Decrescente;Colisão traseira;1;1;0;0;0;0;1
07/06/2023;16:50:54;110;Sem vítima;209,100;BR-116/PR;Crescente;Colisão traseira;1;1;0;0;0;0;1
13/06/2023;14:15:47;68;Com vítima;183,750;BR-116/PR;Decrescente;Engavetamento;1;0;1;0;0;0;1
14/06/2023;05:28:41;9;Com vítima;125,500;BR-116/PR;Decrescente;Colisão traseira;1;1;0;0;0;0;1
14/06/2023;20:24:35;125;Sem vítima;205,554;BR-116/PR;Decrescente;Saída de pista;1;1;0;0;0;0;1
15/06/2023;13:40:15;80;Com vítima;188,100;BR-116/PR;Crescente;Colisão transversal;1;2;0;0;0;0;1
19/06/2023;08:30:54;59;Sem vítima;162,300;BR-116/PR;Decrescente;Tombamento;1;2;0;0;0;0;1
21/06/2023;15:08:56;95;Com vítima;8,775;BR-116/PR;Decrescente;Colisão traseira;1;1;0;0;0;0;1
22/06/2023;07:24:17;20;Sem vítima;175,010;BR-116/PR;Decrescente;Saída de pista;1;1;0;0;0;0;1
23/06/2023;05:11:07;18;Sem vítima;120,064;BR-116/PR;Decrescente;Colisão traseira;2;2;0;0;0;0;1
23/06/2023;14:17:34;78;Com vítima;68,100;BR-116/PR;Decrescente;Colisão traseira;1;1;0;0;0;0;1
23/06/2023;18:44:45;104;Com vítima;213,010;BR-116/PR;Crescente;Colisão traseira;1;1;0;0;0;0;1
24/06/2023;02:13:42;11;Sem vítima;185,564;BR-116/PR;Decrescente;Tombamento;1;1;0;0;0;0;1
24/06/2023;04:59:55;15;Sem vítima;293,100;BR-116/PR;Decrescente;Tombamento;1;1;0;0;0;0;1
25/06/2023;12:35:33;44;Com vítima;133,610;BR-116/PR;Decrescente;Colisão lateral no mesmo sentido;1;0;0;0;0;0;1
26/06/2023;10:47:22;64;Sem vítima;2,001;BR-116/PR;Decrescente;Colisão lateral no mesmo sentido;1;1;0;0;0;0;1
26/06/2023;19:34:53;123;Com vítima;72,100;BR-116/PR;Decrescente;Colisão lateral no mesmo sentido;1;1;0;0;0;0;1
03/07/2023;17:58:47;100;Sem vítima;116,416;BR-116/PR;Crescente;Colisão traseira;1;0;0;0;0;0;1
04/07/2023;18:29:38;112;Com vítima;290,800;BR-116/PR;Crescente;Choque;1;0;0;0;0;0;1
06/07/2023;01:15:10;16;Sem vítima;308,700;BR-116/PR;Decrescente;Tombamento;1;1;0;0;0;0;1
06/07/2023;10:09:58;65;Sem vítima;165,600;BR-116/PR;Decrescente;Colisão traseira;1;1;0;0;0;0;1
06/07/2023;17:28:00;102;Sem vítima;122,300;BR-116/PR;Decrescente;Colisão lateral no mesmo sentido;1;2;0;0;0;0;1
11/07/2023;09:32:23;42;Sem vítima;31,900;BR-116/PR;Decrescente;Colisão traseira;1;1;0;0;0;0;1
11/07/2023;21:24:04;104;Com vítima;234,500;BR-116/PR;Crescente;Tombamento;1;0;1;0;0;0;1
12/07/2023;00:18:36;14;Com vítima;164,100;BR-116/PR;Crescente;Colisão lateral no mesmo sentido;1;0;1;0;0;0;1
12/07/2023;09:36:44;55;Sem vítima;205,200;BR-116/PR;Crescente;Tombamento;1;1;0;0;0;0;1
12/07/2023;22:35:08;129;Sem vítima;19,100;BR-116/PR;Decrescente;Colisão traseira;1;1;0;0;0;0;1
13/07/2023;13:42:56;111;Sem vítima;9,900;BR-116/PR;Decrescente;Colisão lateral no mesmo sentido;1;1;0;0;0;0;1
13/07/2023;22:04:29;170;Sem vítima;107,900;BR-116/PR;Crescente;Tombamento;1;1;0;0;0;0;1
16/07/2023;16:42:51;67;Com vítima;152,010;BR-116/PR;Crescente;Engavetamento;1;2;0;0;0;0;1
18/07/2023;18:46:35;106;Sem vítima;121,100;BR-116/PR;Crescente;Colisão traseira;1;0;0;0;0;0;1
19/07/2023;20:33:43;108;Sem vítima;149,050;BR-116/PR;Crescente;Saída de pista;1;1;0;0;0;0;1
20/07/2023;04:20:59;15;Com vítima;113,500;BR-116/PR;Crescente;Colisão lateral no mesmo sentido;1;0;0;1;0;0;2
25/07/2023;06:54:18;31;Com vítima;119,100;BR-116/PR;Crescente;Colisão traseira;1;1;0;0;0;0;1
25/07/2023;11:28:26;96;Sem vítima;233,160;BR-116/PR;Decrescente;Colisão lateral no mesmo sentido;1;1;0;0;0;0;1
27/07/2023;19:39:56;125;Sem vítima;184,030;BR-116/PR;Crescente;Saída de pista;1;0;0;0;0;0;1
28/07/2023;12:12:21;68;Sem vítima;56,900;BR-116/PR;Crescente;Colisão lateral no mesmo sentido;1;1;0;0;0;0;1
28/07/2023;20:13:22;100;Sem vítima;185,100;BR-116/PR;Crescente;Saída de pista;1;1;0;0;0;0;1
30/07/2023;07:47:38;19;Com vítima;40,100;BR-116/PR;Decrescente;Colisão frontal;1;1;0;0;0;0;1
31/07/2023;11:00:28;70;Sem vítima;119,100;BR-116/PR;Crescente;Colisão transversal;1;0;0;0;0;0;1
03/08/2023;04:23:29;17;Com vítima;125,600;BR-116/PR;Decrescente;Colisão lateral no mesmo sentido;1;1;0;0;0;0;1
03/08/2023;16:45:34;101;Sem vítima;5,010;BR-116/PR;Decrescente;Colisão traseira;1;1;0;0;0;0;1
04/08/2023;06:54:28;20;Sem vítima;194,100;BR-116/PR;Crescente;Colisão lateral no mesmo sentido;1;1;0;0;0;0;1
04/08/2023;22:56:05;108;Com vítima;308,800;BR-116/PR;Crescente;Tombamento;1;0;0;1;0;0;2
09/08/2023;20:53:20;99;Sem vítima;185,100;BR-116/PR;Decrescente;Saída de pista;1;1;0;0;0;0;1
10/08/2023;00:16:30;1;Sem vítima;128,100;BR-116/PR;Decrescente;Colisão traseira;1;1;0;0;0;0;1
10/08/2023;06:01:09;17;Com vítima;180,100;BR-116/PR;Decrescente;Colisão lateral no mesmo sentido;1;1;0;0;0;0;1
10/08/2023;12:29:26;63;Sem vítima;174,100;BR-116/PR;Crescente;Saída de pista;1;1;0;0;0;0;1
10/08/2023;20:09:22;106;Sem vítima;127,100;BR-116/PR;Decrescente;Colisão lateral no mesmo sentido;1;1;0;0;0;0;1
11/08/2023;18:48:15;100;Sem vítima;144,100;BR-116/PR;Crescente;Choque;1;1;0;0;0;0;1
11/08/2023;19:28:01;102;Com vítima;309,700;BR-116/PR;Decrescente;Tombamento;1;1;0;0;0;0;1
12/08/2023;19:38:12;64;Com vítima;271,900;BR-116/PR;Decrescente;Colisão frontal;1;1;0;0;0;0;1
14/08/2023;13:21:23;66;Sem vítima;150,100;BR-116/PR;Decrescente;Saída de pista;1;1;0;0;0;0;1
14/08/2023;14:59:48;78;Sem vítima;154,800;BR-116/PR;Crescente;Colisão lateral no mesmo sentido;1;1;0;0;0;0;1
16/08/2023;15:51:54;110;Sem vítima;189,960;BR-116/PR;Decrescente;Colisão lateral no mesmo sentido;1;1;0;0;0;0;1
17/08/2023;14:47:04;113;Sem vítima;198,500;BR-116/PR;Crescente;Colisão traseira;1;1;0;0;0;0;1
18/08/2023;17:54:21;111;Sem vítima;71,100;BR-116/PR;Decrescente;Colisão lateral no mesmo sentido;1;1;0;0;0;0;1
22/08/2023;09:30:31;63;Sem vítima;70,996;BR-116/PR;Decrescente;Colisão lateral no mesmo sentido;1;0;0;0;0;0;1
22/08/2023;21:30:11;135;Com vítima;257,557;BR-116/PR;Crescente;Colisão traseira;1;1;0;0;0;0;1
23/08/2023;17:04:10;113;Com vítima;143,320;BR-116/PR;Crescente;Colisão frontal;1;1;0;0;0;0;1
24/08/2023;07:49:15;49;Sem vítima;7,100;BR-116/PR;Decrescente;Colisão traseira;1;1;0;0;0;0;1
25/08/2023;02:19:59;19;Sem vítima;107,400;BR-116/PR;Crescente;Tombamento;1;1;0;0;0;0;1
25/08/2023;14:00:10;87;Sem vítima;86,500;BR-116/PR;Decrescente;Colisão traseira;1;1;0;0;0;0;1
26/08/2023;16:09:46;94;Sem vítima;210,800;BR-116/PR;Decrescente;Tombamento;1;1;0;0;0;0;1
28/08/2023;08:03:19;47;Sem vítima;4,500;BR-116/PR;Decrescente;Tombamento;1;1;0;0;0;0;1
28/08/2023;14:52:15;96;Com vítima;126,100;BR-116/PR;Crescente;Colisão lateral no mesmo sentido;1;1;0;0;0;0;1
28/08/2023;17:23:18;106;Com vítima;34,300;BR-116/PR;Crescente;Engavetamento;1;0;1;0;0;0;1
30/08/2023;06:36:17;18;Sem vítima;305,300;BR-116/PR;Crescente;Colisão lateral no mesmo sentido;1;1;0;0;0;0;1
31/08/2023;10:45:26;76;Sem vítima;115,100;BR-116/PR;Crescente;Colisão traseira;1;1;0;0;0;0;1
01/09/2023;03:58:40;12;Com vítima;128,100;BR-116/PR;Crescente;Colisão traseira;1;1;0;0;0;0;1
01/09/2023;07:34:37;29;Sem vítima;75,100;BR-116/PR;Decrescente;Colisão traseira;1;1;0;0;0;0;1
01/09/2023;10:56:01;70;Com vítima;135,100;BR-116/PR;Decrescente;Colisão frontal;1;1;0;0;0;0;1
01/09/2023;19:35:01;120;Sem vítima;43,836;BR-116/PR;Decrescente;Colisão lateral no mesmo sentido;1;1;0;0;0;0;1
02/09/2023;11:49:32;41;Sem vítima;4,500;BR-116/PR;Crescente;Saída de pista;1;0;0;0;0;0;1
03/09/2023;14:15:58;45;Sem vítima;212,600;BR-116/PR;Crescente;Saída de pista;1;1;0;0;0;0;1
05/09/2023;06:20:40;21;Com vítima;51,900;BR-116/PR;Crescente;Colisão frontal;1;0;0;0;0;1;3
05/09/2023;19:24:03;114;Com vítima;170,600;BR-116/PR;Crescente;Tombamento;1;0;1;0;0;0;1
08/09/2023;00:34:52;8;Sem vítima;111,300;BR-116/PR;Crescente;Saída de pista;1;1;0;0;0;0;1
09/09/2023;11:51:17;37;Com vítima;123,100;BR-116/PR;Decrescente;Choque;1;0;0;0;1;0;2
09/09/2023;17:25:52;56;Sem vítima;134,381;BR-116/PR;Decrescente;Colisão lateral no mesmo sentido;1;1;0;0;0;0;1
10/09/2023;07:28:38;23;Sem vítima;201,100;BR-116/PR;Crescente;Tombamento;1;1;0;0;0;0;1
13/09/2023;18:31:31;113;Sem vítima;152,100;BR-116/PR;Decrescente;Colisão traseira;1;0;0;0;0;0;1
18/09/2023;18:41:32;129;Sem vítima;128,100;BR-116/PR;Decrescente;Saída de pista;1;1;0;0;0;0;1
18/09/2023;23:36:29;147;Sem vítima;121,605;BR-116/PR;Crescente;Tombamento;1;1;0;0;0;0;1
19/09/2023;11:06:48;77;Sem vítima;133,900;BR-116/PR;Decrescente;Colisão traseira;1;1;0;0;0;0;1
19/09/2023;19:02:31;119;Com vítima;145,300;BR-116/PR;Crescente;Colisão frontal;1;2;0;0;0;0;1
20/09/2023;08:50:42;69;Com vítima;133,100;BR-116/PR;Decrescente;Capotamento;1;0;0;0;0;0;1
20/09/2023;20:08:38;125;Sem vítima;120,950;BR-116/PR;Decrescente;Engavetamento;1;1;0;0;0;0;1